rank,name,repository_url,bucket,science_score,project_score,total_citations,category,sub_category,language,owner_login,owner_name,owner_kind,owner_company,owner_website,ecosystems,package_names,monthly_downloads,dependent_repos,dependent_packages,registry_maintainers,stars,archived,days_since_release,days_since_commit,days_since_push,total_committers,past_year_commits,past_year_committers,dds,past_year_dds,issue_maintainers_count,active_maintainers_count,active_maintainers,past_year_issues,past_year_prs,past_year_issues_closed,past_year_prs_merged,advisories,unpatched_advisories,signals,science_html_url
1,seaborn,https://github.com/mwaskom/seaborn,active,100.0,34.660008359217315,0,Scientific Software,Peer-reviewed,Python,mwaskom,Michael Waskom,user,@modal-labs,mwaskom.github.io,"alpine,conda,pypi,go","py3-seaborn-pyc,py3-seaborn,seaborn,github.com/mwaskom/seaborn,seaborn-base",27940660,67011,3699,1,13976,0,612,,24,215,18,3,0.21119773210489012,0.2222222222222222,1,1,mwaskom,32,50,13,15,0,0,push:24d release:612d commits:18 active_maint:1 closed:47 merged:15,https://science.ecosyste.ms/projects/1938
2,Hypothesis,https://github.com/hypothesisworks/hypothesis,active,100.0,32.135469402833635,0,Scientific Software,Peer-reviewed,Python,HypothesisWorks,Hypothesis,organization,,http://hypothesis.works,"go,rubygems,pypi,cargo,conda","github.com/HypothesisWorks/Hypothesis,hypothesis-specs,hypothesis,conjecture,github.com/hypothesisworks/hypothesis",12165311,7745,823,2,8818,0,337,,6,371,1050,25,0.5437692410654531,0.4733333333333334,10,5,"Liam-DeVoe,Zac-HD,DRMacIver,tybug,Stranger6667",52,183,28,104,0,0,push:6d release:337d commits:1050 active_maint:5 closed:152 merged:104,https://science.ecosyste.ms/projects/2386
3,Pooch,https://github.com/fatiando/pooch,active,100.0,30.12356538724865,0,Scientific Software,Peer-reviewed,Python,fatiando,Fatiando a Terra,organization,,https://www.fatiando.org,"alpine,conda,spack,pypi,go","py3-pooch,pooch,py3-pooch-pyc,py-pooch,github.com/fatiando/pooch",6102099,2570,298,2,731,0,630,,10,50,37,7,0.47813411078717205,0.5675675675675675,4,2,"santisoler,leouieda",13,48,5,24,0,0,push:10d release:630d commits:21 active_maint:2 closed:37 merged:24,https://science.ecosyste.ms/projects/2332
4,hdbscan,https://github.com/scikit-learn-contrib/hdbscan,active,95.0,33.32938111378668,0,Scientific Software,Peer-reviewed,Jupyter Notebook,scikit-learn-contrib,scikit-learn-contrib,organization,,http://contrib.scikit-learn.org,"pypi,spack,conda","hdbscan,py-hdbscan",901612,483,120,3,3132,0,619,,48,103,37,10,0.3102702702702703,0.5945945945945945,3,0,"",8,24,0,16,0,0,push:48d release:619d commits:37 active_maint:0 closed:19 merged:16,https://science.ecosyste.ms/projects/3050
5,rustworkx,https://github.com/qiskit/rustworkx,active,100.0,28.28505666298949,0,Scientific Software,Peer-reviewed,Rust,Qiskit,Qiskit,organization,,https://www.ibm.com/quantum/qiskit,"pypi,spack,cargo","retworkx,py-rustworkx,rustworkx-core,rustworkx",3328425,239,36,1,1729,0,351,,1,102,84,21,0.5910714285714286,0.6904761904761905,10,3,"IvanIsCoding,jakelishman,mtreinish",27,50,9,20,0,0,push:1d release:351d commits:58 active_maint:3 closed:35 merged:20,https://science.ecosyste.ms/projects/1358
6,Python Sorted Containers,https://github.com/grantjenks/python-sortedcontainers,dead,95.0,32.838905404969566,0,Scientific Software,Peer-reviewed,Python,grantjenks,Grant Jenks,user,,http://www.grantjenks.com/,"conda,go,pypi","sortedcontainers,github.com/grantjenks/python-sortedcontainers",131556604,23703,414,1,3968,0,1900,,874,24,0,0,0.05221518987341767,0.0,1,0,"",2,0,0,0,0,0,push:874d release:1900d commits:0 active_maint:0 closed:0 merged:0,https://science.ecosyste.ms/projects/2556
7,lifelines,https://github.com/camdavidsonpilon/lifelines,active,100.0,27.331438758977512,0,Scientific Software,Peer-reviewed,Python,CamDavidsonPilon,Cameron Davidson-Pilon,user,@Pioreactor,https://dataorigami.net,"pypi,go,spack,conda","lifelines,github.com/CamDavidsonPilon/lifelines,py-lifelines,github.com/camdavidsonpilon/lifelines",1637209,506,51,1,2588,0,639,,145,124,14,4,0.17512690355329952,0.2142857142857143,1,0,"",12,13,3,2,0,0,push:145d release:639d commits:14 active_maint:0 closed:5 merged:2,https://science.ecosyste.ms/projects/2491
8,ArviZ a unified library for exploratory analysis of Bayesian models in Python,https://github.com/arviz-devs/arviz,active,100.0,27.329771955229504,0,Scientific Software,Peer-reviewed,TeX,arviz-devs,ArviZ,organization,,https://www.arviz.org,"spack,pypi,conda,go","py-arviz,arviz,github.com/arviz-devs/arviz",2108090,958,115,5,1836,0,386,,10,192,52,24,0.8289473684210527,0.7307692307692308,5,2,"OriolAbril,jordandeklerk",24,36,14,17,0,0,push:10d release:386d commits:47 active_maint:2 closed:32 merged:17,https://science.ecosyste.ms/projects/2684
9,Static Code Analysis for R,https://github.com/r-lib/lintr,active,100.0,26.968255506935822,0,Scientific Software,Peer-reviewed,R,r-lib,R infrastructure,organization,,,"cran,go","lintr,github.com/r-lib/lintr",53951,764,169,1,1288,0,533,,7,110,104,11,0.6313156578289145,0.3557692307692307,12,4,"MichaelChirico,Bisaloo,emmanuel-ferdman,hadley",38,53,9,20,0,0,push:7d release:533d commits:93 active_maint:4 closed:30 merged:20,https://science.ecosyste.ms/projects/225
10,Intracranial Electrode Location and Analysis in MNE-Python,https://github.com/mne-tools/mne-python,active,100.0,26.847577715162174,0,Scientific Software,Peer-reviewed,Python,mne-tools,MNE tools for MEG and EEG data analysis,organization,,http://mne.tools,"conda,pypi,go","mne-installer-menus,mne,github.com/mne-tools/mne-python,mne-base",313643,646,149,2,3469,0,353,,8,453,452,81,0.7440525020508614,0.7699115044247787,16,5,"larsoner,drammock,hoechenberger,teonbrooks,sappelhoff",113,359,44,193,0,0,push:8d release:353d commits:358 active_maint:5 closed:262 merged:193,https://science.ecosyste.ms/projects/1603
11,OSMnx,https://github.com/gboeing/osmnx,active,100.0,25.945941277236006,0,Scientific Software,Peer-reviewed,Python,gboeing,Geoff Boeing,user,University of Southern California,https://geoffboeing.com/,"pypi,go,conda","osmnx,github.com/gboeing/osmnx",394749,575,75,1,5790,0,353,,6,94,148,8,0.1465315666406859,0.1351351351351351,1,1,gboeing,11,39,10,30,0,0,push:6d release:353d commits:140 active_maint:1 closed:43 merged:30,https://science.ecosyste.ms/projects/3041
12,PyVISA,https://github.com/pyvisa/pyvisa,active,100.0,24.384202621138158,0,Scientific Software,Peer-reviewed,Python,pyvisa,pyvisa,organization,,,pypi,pyvisa,495349,252,110,4,945,0,485,,10,83,50,9,0.7404795486600846,0.6,2,1,MatthieuDartiailh,7,40,4,27,0,0,push:10d release:485d commits:12 active_maint:1 closed:31 merged:27,https://science.ecosyste.ms/projects/1156
13,PyWavelets,https://github.com/pywavelets/pywt,active,95.0,29.18270708230351,0,Scientific Software,Peer-reviewed,Python,PyWavelets,PyWavelets,organization,,,"spack,conda,pypi,go","py-pywavelets,pywavelets,github.com/pywavelets/pywt,github.com/PyWavelets/pywt",8947069,2426,99,6,2392,0,332,,29,66,39,9,0.6408163265306123,0.4358974358974359,2,1,rgommers,7,27,2,17,0,0,push:29d release:332d commits:30 active_maint:1 closed:21 merged:17,https://science.ecosyste.ms/projects/2602
14,UMAP,https://github.com/lmcinnes/umap,active,95.0,29.096969485842354,0,Scientific Software,Peer-reviewed,Python,lmcinnes,Leland McInnes,user,Tutte Institute for Mathematics and Computing,,"spack,conda,pypi,go","py-umap-learn,umap-learn,github.com/lmcinnes/umap",2294240,2209,370,3,8243,0,395,,54,148,83,12,0.4348623853211009,0.7349397590361446,6,2,"gclendenning,lmcinnes",17,42,3,29,0,0,push:54d release:395d commits:83 active_maint:2 closed:39 merged:29,https://science.ecosyste.ms/projects/2775
15,Mesa 3,https://github.com/projectmesa/mesa,active,100.0,23.77282093792999,0,Scientific Software,Peer-reviewed,Python,projectmesa,Project Mesa,organization,,,"pypi,go,conda","mesa,github.com/projectmesa/mesa,epsteinsovereigncitizens",38447,137,7,5,3118,0,395,,333,222,382,65,0.844213649851632,0.7827225130890052,14,4,"tpike3,EwoutH,quaquel,Sahil-Chhoker",66,340,33,216,0,0,push:333d release:395d commits:347 active_maint:4 closed:308 merged:216,https://science.ecosyste.ms/projects/239
16,SunPy,https://github.com/sunpy/sunpy,active,100.0,23.441476860410262,0,Scientific Software,Peer-reviewed,Python,sunpy,SunPy,organization,,https://www.sunpy.org,"go,conda,pypi","github.com/sunpy/sunpy,sunpy",46774,95,34,4,1029,0,364,,21,269,530,29,0.7963694267515924,0.6113207547169811,21,9,"Cadair,ayshih,nabobalis,wtbarnes,samaloney,alasdairwilson,hayesla,bsipocz,CyclingNinja",58,238,20,154,0,0,push:21d release:364d commits:510 active_maint:9 closed:192 merged:154,https://science.ecosyste.ms/projects/2302
17,anywidget,https://github.com/manzt/anywidget,active,100.0,23.27484756201692,0,Scientific Software,Peer-reviewed,Python,manzt,Trevor Manz,user,marimo,manzt.sh,"npm,conda,spack,deno,pypi","create-anywidget,anywidget,py-anywidget",556807,26,68,1,912,0,364,,13,34,69,7,0.4848101265822785,0.49275362318840576,6,1,manzt,11,50,6,8,0,0,push:13d release:364d commits:39 active_maint:1 closed:32 merged:8,https://science.ecosyste.ms/projects/434
18,BlenderProc2,https://github.com/dlr-rm/blenderproc,dormant,100.0,23.24823291493664,0,Scientific Software,Peer-reviewed,Python,DLR-RM,DLR-RM,organization,,https://rm.dlr.de,"pypi,go","blenderproc,github.com/DLR-RM/BlenderProc,github.com/dlr-rm/blenderproc",55377,3,0,3,3636,0,646,,191,69,7,4,0.6832602527727625,0.4285714285714286,4,0,"",32,14,7,4,0,0,push:191d release:646d commits:7 active_maint:0 closed:13 merged:4,https://science.ecosyste.ms/projects/1237
19,extendr,https://github.com/extendr/extendr,active,100.0,22.945451324319755,0,Scientific Software,Peer-reviewed,Rust,extendr,Extendr,organization,,https://extendr.github.io/,cargo,"aorist_extendr-macros,aorist_extendr-engine,extendr-engine,extendr-ffi,extendr-macros,aorist_extendr-api,extendr-api",0,11,4,6,524,0,383,,20,34,77,8,0.6742424242424243,0.5584415584415585,6,3,"CGMossa,kbvernon,Ilia-Kosenkov",32,57,14,19,0,0,push:20d release:383d commits:67 active_maint:3 closed:41 merged:19,https://science.ecosyste.ms/projects/618
20,mmh3,https://github.com/hajimes/mmh3,active,95.0,27.92936290880473,0,Scientific Software,Peer-reviewed,C,hajimes,Hajime Senuma,user,University of Tokyo,,"alpine,conda,go,pypi","py3-mmh3,mmh3,py3-mmh3-doc,github.com/hajimes/mmh3",15618725,1823,152,1,371,0,366,,24,14,21,2,0.12040133779264217,0.04761904761904767,1,1,hajimes,2,41,1,9,0,0,push:24d release:366d commits:20 active_maint:1 closed:33 merged:9,https://science.ecosyste.ms/projects/318
21,Pannellum,https://github.com/mpetroff/pannellum,dormant,100.0,22.905230296709412,0,Scientific Software,Peer-reviewed,JavaScript,mpetroff,Matthew Petroff,user,,https://mpetroff.net/,"npm,maven","pannellum-next,pannellum-extended,org.webjars.npm:pannellum,sorokinsh-pannellum,pannellum",38606,86,21,1,4857,0,1414,,18,48,8,1,0.12107101280558785,0.0,1,0,"",10,3,5,3,2,0,pkg:unpublished push:18d release:1414d commits:8 active_maint:0 closed:8 merged:3 adv:2/0,https://science.ecosyste.ms/projects/2466
22,SALib,https://github.com/salib/salib,active,100.0,22.81164980691425,0,Scientific Software,Peer-reviewed,Python,SALib,SALib,organization,,http://SALib.github.io/SALib,"go,conda,pypi","github.com/salib/salib,github.com/SALib/SALib,salib",157596,64,19,3,994,0,710,,13,55,80,7,0.5509202453987729,0.30000000000000004,4,1,ConnectedSystems,7,10,0,4,0,0,push:13d release:710d commits:80 active_maint:1 closed:4 merged:4,https://science.ecosyste.ms/projects/3074
23,FreqAI,https://github.com/freqtrade/freqtrade,active,95.0,27.745233619454925,0,Scientific Software,Peer-reviewed,Python,freqtrade,freqtrade,organization,,,pypi,"freqtrade-client,freqtrade",75723,16,1,2,52661,0,558,,3,397,2502,45,0.4624667043344902,0.38808952837729815,15,2,"xmatthias,robcaulk",131,243,87,145,0,0,push:3d release:558d commits:1965 active_maint:2 closed:263 merged:145,https://science.ecosyste.ms/projects/1298
24,jsPsych,https://github.com/jspsych/jspsych,active,100.0,22.68321703054422,0,Scientific Software,Peer-reviewed,TypeScript,jspsych,jspsych,organization,,http://www.jspsych.org,npm,"@jspsych/metadata,@jspsych/plugin-reconstruction,@jspsych/plugin-html-keyboard-response,@jspsych/plugin-initialize-camera,plugin-survey-text-button,@jspsych/plugin-animation,@jspsych/plugin-html-video-response,@jspsych/plugin-preload,@jspsych/plugin-audio-keyboard-response,@jspsych/plugin-html-audio-response,@jspsych/extension-mouse-tracking,@jspsych/test-utils,@jspsych/plugin-audio-slider-response,@jspsych/plugin-image-keyboard-response,@jspsych/plugin-categorize-html,@jspsych/plugin-image-button-response,@jspsych/plugin-same-different-image,@jspsych/extension-webgazer,@jspsych/plugin-canvas-button-response,@jspsych/plugin-canvas-keyboard-response,@jspsych/plugin-video-button-response,@jspsych/plugin-survey,@jspsych/plugin-webgazer-validate,@jspsych/plugin-virtual-chinrest,@jspsych/plugin-image-slider-response,@jspsych/plugin-webgazer-init-camera,@jspsych/plugin-sketchpad,@jspsych/plugin-categorize-image,@jspsych/plugin-instructions,@jspsych/plugin-video-slider-response,@jspsych/plugin-html-slider-response,@jspsych/plugin-mirror-camera,@jspsych/plugin-audio-button-response,@jspsych/plugin-survey-text,@jspsych/plugin-canvas-slider-response,@jspsych/extension-record-video,plugin-survey-likert-images,@jspsych/plugin-external-html,@jspsych/plugin-video-keyboard-response,@jspsych/plugin-survey-multi-select,@jspsych/plugin-fullscreen,@jspsych/plugin-cloze,jspsych,@jspsych/plugin-html-button-response,@jspsych/plugin-survey-html-form,@jspsych/plugin-initialize-microphone,@jspsych/plugin-same-different-html,@jspsych/plugin-survey-multi-choice,@jspsych/config,@jspsych/plugin-visual-search-circle,@jspsych/plugin-browser-check,@jspsych/plugin-iat-image,@jspsych/plugin-iat-html,@jspsych/plugin-resize,@jspsych/plugin-maxdiff,@jspsych/plugin-free-sort,@jspsych/plugin-serial-reaction-time-mouse,@adp-psych/jspsych,@jspsych/plugin-webgazer-calibrate,@jspsych/plugin-categorize-animation,@jspsych/plugin-call-function,@jspsych/plugin-survey-likert,@jspsych/plugin-serial-reaction-time",47177,51,88,2,1205,0,387,,7,119,74,12,0.44108233924934537,0.7297297297297297,6,4,"vminojosa,jodeleeuw,becky-gilbert,jadeddelta",32,43,10,20,0,0,pkg:deprecated push:7d release:387d commits:65 active_maint:4 closed:32 merged:20,https://science.ecosyste.ms/projects/1139
25,infer,https://github.com/tidymodels/infer,active,95.0,27.410085851426977,0,Scientific Software,Peer-reviewed,R,tidymodels,tidymodels,organization,,,"go,cran,conda","github.com/tidymodels/infer,infer,r-infer",27548,38,3,1,793,0,398,,108,32,14,3,0.62111043319097,0.2142857142857143,8,1,simonpcouch,9,10,5,10,0,0,push:108d release:398d commits:14 active_maint:1 closed:15 merged:10,https://science.ecosyste.ms/projects/1766
26,tqdm,https://github.com/tqdm/tqdm,active,95.0,27.23019486024197,0,Scientific Software,Peer-reviewed,Python,tqdm,tqdm developers,organization,,,"pypi,spack,conda","tqdm-conan,py-tqdm,tdqm,tqdm",181235,3129,90,1,31247,0,497,,13,139,88,23,0.27012127894156557,0.3295454545454546,2,1,casperdcl,24,60,6,18,0,0,push:13d release:497d commits:88 active_maint:1 closed:35 merged:18,https://science.ecosyste.ms/projects/2570
27,PyVista,https://github.com/pyvista/pyvista,active,95.0,27.163674118705735,0,Scientific Software,Peer-reviewed,Python,pyvista,PyVista,organization,,http://www.pyvista.org,"spack,conda,go,pypi","py-pyvista,pyvista,github.com/pyvista/pyvista",834672,426,251,4,3753,0,338,,6,207,636,40,0.7091880710222376,0.5566037735849056,8,5,"akaszynski,tkoyama010,beroda,edabor,banesullivan",64,256,23,138,0,0,push:6d release:338d commits:560 active_maint:5 closed:173 merged:138,https://science.ecosyste.ms/projects/2567
28,QuantEcon.py,https://github.com/quantecon/quantecon.py,active,100.0,22.121177811498416,0,Scientific Software,Peer-reviewed,Python,QuantEcon,QuantEcon,organization,,http://quantecon.org/,"conda,pypi","quantecon,quantecon_wasm",35536,84,5,2,2380,0,336,,0,54,57,8,0.7628935030140657,0.631578947368421,8,1,oyamad,9,41,5,20,0,0,push:0d release:336d commits:50 active_maint:1 closed:27 merged:20,https://science.ecosyste.ms/projects/881
29,matscipy,https://github.com/libatoms/matscipy,active,100.0,22.02404948506247,0,Scientific Software,Peer-reviewed,Python,libAtoms,libAtoms,organization,,,"conda,pypi",matscipy,269734,4,8,2,239,0,652,,9,59,101,6,0.8658357771260997,0.4257425742574258,2,2,"jameskermode,pastewka",6,31,1,6,0,0,push:9d release:652d commits:94 active_maint:2 closed:10 merged:6,https://science.ecosyste.ms/projects/848
30,MLxtend,https://github.com/rasbt/mlxtend,active,95.0,26.93798968150176,0,Scientific Software,Peer-reviewed,Python,rasbt,Sebastian Raschka,user,"@Lightning-AI , University of Wisconsin-Madison",https://magazine.sebastianraschka.com,"conda,pypi,go","mlxtend,github.com/rasbt/mlxtend",746190,1293,56,1,5152,0,538,,42,121,31,10,0.3271028037383178,0.7741935483870968,1,0,"",4,23,0,4,0,0,push:42d release:538d commits:25 active_maint:0 closed:5 merged:4,https://science.ecosyste.ms/projects/2865
31,xclim,https://github.com/ouranosinc/xclim,active,100.0,21.866548252168293,0,Scientific Software,Peer-reviewed,Python,Ouranosinc,Ouranos inc.,organization,,www.ouranos.ca,"go,pypi,conda","github.com/Ouranosinc/xclim,xclim,github.com/ouranosinc/xclim",134081,28,11,3,399,0,336,,8,60,659,12,0.6123536910418357,0.590288315629742,10,3,"Zeitsperre,aulemahal,e-larose",24,83,13,59,0,0,push:8d release:336d commits:585 active_maint:3 closed:74 merged:59,https://science.ecosyste.ms/projects/1127
32,Flux,https://github.com/fluxml/flux.jl,active,100.0,21.86150428765204,0,Scientific Software,Peer-reviewed,Julia,FluxML,FluxML,organization,,https://fluxml.ai,"julia,go","Flux,github.com/FluxML/Flux.jl,github.com/fluxml/flux.jl",0,14,174,0,4726,0,372,,10,265,45,14,0.7037476280834914,0.5333333333333333,16,1,CarloLucibello,17,30,3,13,0,0,push:10d release:372d commits:33 active_maint:1 closed:19 merged:13,https://science.ecosyste.ms/projects/2858
33,sourmash v4,https://github.com/sourmash-bio/sourmash,active,100.0,21.787791674087295,0,Scientific Software,Peer-reviewed,Python,sourmash-bio,"sourmash, for large-scale biological sequence search!",organization,,https://sourmash.bio,"pypi,cargo,npm,conda","sourmash,sourmash-minimal",3233,21,15,3,553,0,357,,17,48,142,6,0.509000900090009,0.5140845070422535,3,1,luizirber,50,178,9,96,0,0,push:17d release:357d commits:35 active_maint:1 closed:131 merged:96,https://science.ecosyste.ms/projects/623
34,healpy,https://github.com/healpy/healpy,active,100.0,21.785442082067426,0,Scientific Software,Peer-reviewed,Python,healpy,healpy,organization,,,"conda,pypi",healpy,87028,371,135,3,318,0,491,,9,88,183,7,0.5701254275940707,0.5300546448087431,3,2,"zonca,lpsinger",11,54,9,28,0,0,push:9d release:491d commits:92 active_maint:2 closed:41 merged:28,https://science.ecosyste.ms/projects/2619
35,PyArabic,https://github.com/linuxscout/pyarabic,dormant,100.0,21.43565207426178,0,Scientific Software,Peer-reviewed,Python,linuxscout,Taha Zerrouki (طه زروقي ),user,Bouira University,tahadz.com,pypi,pyarabic,267103,34,7,1,484,0,1503,,195,16,1,1,0.17293233082706772,0.0,1,0,"",2,0,0,0,0,0,push:195d release:1503d commits:1 active_maint:0 closed:0 merged:0,https://science.ecosyste.ms/projects/1170
36,DataLad,https://github.com/datalad/datalad,active,100.0,21.41698827201575,0,Scientific Software,Peer-reviewed,Python,datalad,DataLad,organization,,http://datalad.org,"conda,pypi",datalad,18125,78,43,5,649,0,393,,23,64,276,11,0.6771555815142002,0.34782608695652173,8,3,"yarikoptic,asmacdo,yarikoptic-gitmate",12,37,1,17,0,0,push:23d release:393d commits:266 active_maint:3 closed:22 merged:17,https://science.ecosyste.ms/projects/1841
37,PyAMG,https://github.com/pyamg/pyamg,active,100.0,21.326513514255925,0,Scientific Software,Peer-reviewed,Python,pyamg,PyAMG,organization,,,"pypi,spack,conda,go","pyamg,py-pyamg,github.com/pyamg/pyamg",81694,166,24,1,651,0,340,,122,36,31,3,0.29161234245980006,0.12903225806451613,3,2,"lukeolson,bensworth",6,12,1,2,0,0,push:122d release:340d commits:31 active_maint:2 closed:4 merged:2,https://science.ecosyste.ms/projects/1075
38,Vector,https://github.com/scikit-hep/vector,active,100.0,21.29314308130496,0,Scientific Software,Peer-reviewed,Python,scikit-hep,Scikit-HEP Project,organization,,https://scikit-hep.org,"conda,spack,pypi","vector,py-vector",588877,50,17,3,99,0,346,,3,29,97,10,0.6274834437086092,0.5567010309278351,9,6,"henryiii,Saransh-cpp,ikrommyd,nsmith-,pfackeldey,eduardo-rodrigues",9,72,3,51,0,0,push:3d release:346d commits:32 active_maint:6 closed:55 merged:51,https://science.ecosyste.ms/projects/158
39,Optim,https://github.com/julianlsolvers/optim.jl,active,100.0,21.222510727731716,0,Scientific Software,Peer-reviewed,Julia,JuliaNLSolvers,JuliaNLSolvers,organization,,,"julia,go","Optim,github.com/JuliaNLSolvers/Optim.jl,github.com/julianlsolvers/optim.jl",0,150,292,0,1203,0,413,,29,127,60,11,0.565858798735511,0.65,2,1,pkofod,15,44,3,20,0,0,push:29d release:413d commits:50 active_maint:1 closed:28 merged:20,https://science.ecosyste.ms/projects/2874
40,Xbim.Essentials,https://github.com/xbimteam/xbimessentials,active,95.0,26.028447424433082,0,Scientific Software,Peer-reviewed,C#,xBimTeam,xbim,organization,,http://docs.xbim.net/,nuget,"xbim.ifc,xbim.common,xbim.ifc4,xbim.ifc2x3,xbim.ifc4x3,xbim.io.esent,xbim.io.memorymodel,xbim.tessellator",0,0,11,2,568,0,464,,22,46,40,2,0.5937912813738442,0.19999999999999996,5,2,"andyward,CBenghi",17,8,9,7,0,0,push:22d release:464d commits:40 active_maint:2 closed:16 merged:7,https://science.ecosyste.ms/projects/2947
41,MNE-BIDS,https://github.com/mne-tools/mne-bids,active,100.0,21.028351938827683,0,Scientific Software,Peer-reviewed,Python,mne-tools,MNE tools for MEG and EEG data analysis,organization,,http://mne.tools,"conda,pypi",mne-bids,96039,50,11,3,175,0,621,,16,67,151,22,0.6916565900846433,0.7350993377483444,10,5,"drammock,larsoner,sappelhoff,scott-huberty,teonbrooks",14,69,8,44,0,0,push:16d release:621d commits:95 active_maint:5 closed:52 merged:44,https://science.ecosyste.ms/projects/2356
42,imodels,https://github.com/csinva/imodels,active,100.0,21.005998176657393,0,Scientific Software,Peer-reviewed,Jupyter Notebook,csinva,Chandan Singh,user,Senior researcher,csinva.io,"go,pypi","github.com/csinva/imodels,imodels",33362,4,7,1,1601,0,338,,65,28,14,3,0.5363825363825363,0.1428571428571429,7,1,csinva,5,4,4,4,0,0,push:65d release:338d commits:14 active_maint:1 closed:8 merged:4,https://science.ecosyste.ms/projects/1903
43,Yellowbrick,https://github.com/districtdatalabs/yellowbrick,dead,95.0,25.972600373086067,0,Scientific Software,Peer-reviewed,Python,DistrictDataLabs,District Data Labs,organization,,http://districtdatalabs.com,"conda,pypi","yellowbrick,yellowbrickhotfix",373048,1085,24,3,4397,0,1144,,526,112,0,0,0.6565656565656566,0.0,2,0,"",2,7,0,0,0,0,push:526d release:1144d commits:0 active_maint:0 closed:0 merged:0,https://science.ecosyste.ms/projects/2622
44,pvlib python,https://github.com/pvlib/pvlib-python,active,95.0,25.872409390233194,0,Scientific Software,Peer-reviewed,Python,pvlib,pvlib,organization,,,"conda,go,pypi","pvlib-python,github.com/pvlib/pvlib-python,pvlib",455241,142,58,3,1627,0,418,,9,163,127,34,0.6161837069436851,0.6692913385826771,11,9,"kandersolar,AdamRJensen,cwhanse,RDaxini,echedey-ls,wholmgren,adriesse,mikofski,IoannisSifnaios",66,123,24,51,0,0,push:9d release:418d commits:127 active_maint:9 closed:85 merged:51,https://science.ecosyste.ms/projects/885
45,SpiceyPy,https://github.com/andrewannex/spiceypy,active,100.0,20.8051197882505,0,Scientific Software,Peer-reviewed,Python,AndrewAnnex,Dr. Andrew Annex,user,SETI Institute,http://andrewannex.com,"pypi,conda",spiceypy,89886,63,42,1,482,0,378,,7,31,72,5,0.09090909090909094,0.18055555555555558,1,1,AndrewAnnex,12,52,7,43,0,0,push:7d release:378d commits:62 active_maint:1 closed:52 merged:43,https://science.ecosyste.ms/projects/2293
46,Jobflow,https://github.com/materialsproject/jobflow,active,100.0,20.500899622177847,0,Scientific Software,Peer-reviewed,Python,materialsproject,Materials Project,organization,,https://www.materialsproject.org,"pypi,conda",jobflow,246866,2,6,1,121,0,421,,38,25,111,8,0.6306937631394534,0.4054054054054054,7,3,"Andrew-S-Rosen,JaGeo,utf",10,48,1,37,0,0,push:38d release:421d commits:45 active_maint:3 closed:38 merged:37,https://science.ecosyste.ms/projects/879
47,Software Design and User Interface of ESPnet-SE++,https://github.com/espnet/espnet,active,95.0,25.33764904243649,0,Scientific Software,Peer-reviewed,Python,espnet,ESPnet,organization,,https://espnet.github.io/espnet/,"pypi,conda",espnet,22548,217,6,5,9904,0,1367,,3,492,1812,54,0.8676789587852495,0.6214128035320088,16,5,"Fhrozen,jctian98,siddhu001,Emrys365,popcornell",15,138,5,50,0,0,push:3d release:1367d commits:1470 active_maint:5 closed:70 merged:50,https://science.ecosyste.ms/projects/915
48,PyCM,https://github.com/sepandhaghighi/pycm,active,98.0,22.278957976440186,0,Scientific Software,Peer-reviewed,Python,sepandhaghighi,Sepand Haghighi,user,Denu,https://www.sepand.tech,"pypi,go","pycm,github.com/sepandhaghighi/pycm",175398,50,4,3,1506,0,2944,,17,19,22,4,0.2353145637817171,0.36363636363636365,3,3,"sepandhaghighi,alirezazolanvari,sadrasabouri",0,44,0,21,0,0,push:17d release:2944d commits:22 active_maint:3 closed:34 merged:21,https://science.ecosyste.ms/projects/2844
49,scikit-fem,https://github.com/kinnala/scikit-fem,active,100.0,20.26999964956304,0,Scientific Software,Peer-reviewed,Python,kinnala,,user,,,"pypi,conda",scikit-fem,56367,31,8,1,641,0,462,,37,25,23,7,0.40133500208594075,0.30434782608695654,1,1,kinnala,5,17,1,14,0,0,push:37d release:462d commits:23 active_maint:1 closed:16 merged:14,https://science.ecosyste.ms/projects/2158
50,alchemlyb,https://github.com/alchemistry/alchemlyb,active,100.0,20.05863753945868,0,Scientific Software,Peer-reviewed,Python,alchemistry,alchemistry.org,organization,,http://alchemistry.org,"conda,pypi",alchemlyb,87384,8,3,3,241,0,679,,59,25,20,6,0.6949602122015914,0.4,6,2,"orbeckst,xiki-tempula",6,9,2,3,0,0,push:59d release:679d commits:20 active_maint:2 closed:7 merged:3,https://science.ecosyste.ms/projects/483
51,sbi reloaded,https://github.com/sbi-dev/sbi,active,100.0,19.990616346948674,0,Scientific Software,Peer-reviewed,Python,sbi-dev,sbi-dev,organization,,,pypi,sbi,7517,14,4,4,851,0,501,,1,94,178,29,0.6483023702754644,0.6685393258426966,25,3,"abelaba,dgedon,StarostinV",18,90,8,55,0,0,push:1d release:501d commits:135 active_maint:3 closed:67 merged:55,https://science.ecosyste.ms/projects/217
52,samgeo,https://github.com/opengeos/segment-geospatial,active,100.0,19.87794300091397,0,Scientific Software,Peer-reviewed,Python,opengeos,Open Geospatial Solutions,organization,,https://opengeos.github.io,"pypi,go","segment-geospatial-uni,github.com/opengeos/segment-geospatial,segment-geospatial",5684,5,3,1,4049,0,332,,10,27,118,9,0.2408963585434174,0.3813559322033898,5,1,giswqs,6,40,1,34,0,0,push:10d release:332d commits:81 active_maint:1 closed:36 merged:34,https://science.ecosyste.ms/projects/1004
53,Basix,https://github.com/fenics/basix,active,100.0,19.84751901933178,0,Scientific Software,Peer-reviewed,C++,FEniCS,FEniCS Project,organization,,https://fenicsproject.org,"spack,conda,pypi","fenics-basix,fenics-libbasix,py-fenics-basix",1515,1,3,4,142,0,658,,1,27,72,9,0.6298642533936651,0.7361111111111112,7,4,"jhale,mscroggs,jorgensd,garth-wells",8,59,3,40,0,0,push:1d release:658d commits:53 active_maint:4 closed:46 merged:40,https://science.ecosyste.ms/projects/1511
54,rgee,https://github.com/r-spatial/rgee,active,100.0,19.834355901257315,0,Scientific Software,Peer-reviewed,R,r-spatial,r-spatial,organization,,https://github.com/r-spatial,"conda,cran","r-rgee,rgee",1688,13,3,1,774,0,1037,,10,22,84,2,0.46404744255003705,0.38095238095238093,5,1,MatthieuStigler,6,3,2,1,0,0,push:10d release:1037d commits:84 active_maint:1 closed:4 merged:1,https://science.ecosyste.ms/projects/2188
55,matchms - processing and similarity evaluation of mass spectrometry data.,https://github.com/matchms/matchms,active,98.0,21.772470804292784,0,Scientific Software,Peer-reviewed,Python,matchms,matchms,organization,,,pypi,matchms,24418,26,10,1,259,0,395,,38,38,205,8,0.5413279132791328,0.41951219512195126,8,3,"florian-huber,julianpollmann,niekdejonge",13,48,7,29,0,0,push:38d release:395d commits:184 active_maint:3 closed:42 merged:29,https://science.ecosyste.ms/projects/2145
56,Catalyst,https://github.com/pennylaneai/catalyst,active,100.0,19.70940956284908,0,Scientific Software,Peer-reviewed,Python,PennyLaneAI,PennyLaneAI,organization,,https://pennylane.ai,"go,pypi","github.com/pennylaneai/catalyst,pennylane-catalyst,github.com/PennyLaneAI/catalyst",18311,0,0,2,227,0,380,,6,66,949,40,0.7719298245614035,0.7060063224446786,19,11,"paul0403,maliasadi,rniczh,multiphaseCFD,lazypanda10117,mlxd,runora95,ritu-thombre99,ashishks0522,justinpickering,PietropaoloFrisoni",34,379,16,180,0,0,push:6d release:380d commits:933 active_maint:11 closed:227 merged:180,https://science.ecosyste.ms/projects/608
57,pyam,https://github.com/iamconsortium/pyam,active,100.0,19.70125052315035,0,Scientific Software,Peer-reviewed,Python,IAMconsortium,Integrated Assessment Modeling Consortium (IAMC),organization,,https://www.iamconsortium.org,"go,pypi,conda","github.com/IAMconsortium/pyam,pyam-iamc,pyam,github.com/iamconsortium/pyam",30238,21,13,2,288,0,588,,8,34,44,5,0.33333333333333337,0.31818181818181823,16,1,danielhuppmann,13,62,6,39,0,0,push:8d release:588d commits:37 active_maint:1 closed:61 merged:39,https://science.ecosyste.ms/projects/2687
58,anndata,https://github.com/scverse/anndata,active,95.0,24.644123200662907,0,Scientific Software,Peer-reviewed,Python,scverse,scverse,organization,,https://scverse.org,pypi,anndata,962749,467,389,2,763,0,353,,1,62,245,17,0.7508690614136733,0.6,12,4,"flying-sheep,rcannood,selmanozleyen,Zethson",45,144,16,79,0,0,push:1d release:353d commits:183 active_maint:4 closed:98 merged:79,https://science.ecosyste.ms/projects/498
59,NetworkSedimentTransporter,https://github.com/landlab/landlab,active,100.0,19.451538269361116,0,Scientific Software,Peer-reviewed,Python,landlab,Landlab,organization,,http://landlab.github.io,"pypi,go,conda","landlab,github.com/landlab/landlab",7903,30,8,3,436,0,354,,3,45,334,10,0.5221890334969064,0.1946107784431138,6,3,"mcflugen,clebouteiller,mdpiper",15,167,4,84,0,0,push:3d release:354d commits:300 active_maint:3 closed:107 merged:84,https://science.ecosyste.ms/projects/2119
60,PyMatting,https://github.com/pymatting/pymatting,dormant,95.0,24.400603765754475,0,Scientific Software,Peer-reviewed,Python,pymatting,PyMatting,organization,,,"go,conda,pypi","github.com/pymatting/pymatting,pymatting",1507369,109,5,1,1907,0,440,,114,17,8,5,0.5677083333333333,0.625,1,0,"",3,2,0,1,0,0,push:114d release:440d commits:8 active_maint:0 closed:1 merged:1,https://science.ecosyste.ms/projects/2096
61,pyhf,https://github.com/scikit-hep/pyhf,active,100.0,19.383013734626516,0,Scientific Software,Peer-reviewed,Python,scikit-hep,Scikit-HEP Project,organization,,https://scikit-hep.org,"conda,pypi",pyhf,9641,27,5,4,301,0,937,,30,38,94,9,0.4715127701375246,0.6382978723404256,3,3,"matthewfeickert,alexander-held,henryiii",10,56,0,37,0,0,push:30d release:937d commits:51 active_maint:3 closed:42 merged:37,https://science.ecosyste.ms/projects/1987
62,Surprise,https://github.com/nicolashug/surprise,dormant,95.0,24.377995044600613,0,Scientific Software,Peer-reviewed,Python,NicolasHug,Nicolas Hug,user,,http://nicolas-hug.com,"go,conda,pypi","github.com/NicolasHug/Surprise,scikit-surprise,github.com/nicolashug/surprise",128799,453,5,1,6796,0,802,,61,44,2,1,0.09646302250803862,0.0,1,0,"",4,6,1,0,0,0,push:61d release:802d commits:2 active_maint:0 closed:3 merged:0,https://science.ecosyste.ms/projects/2168
63,Pubmed Parser,https://github.com/titipata/pubmed_parser,dormant,100.0,19.36617367080193,0,Scientific Software,Peer-reviewed,Python,titipata,Titipat Achakulvisut,user,Mahidol University,titipata.github.io,pypi,pubmed-parser,3572,4,1,1,734,0,699,,364,39,1,1,0.68944099378882,0.0,3,0,"",3,2,0,0,0,0,push:364d release:699d commits:1 active_maint:0 closed:0 merged:0,https://science.ecosyste.ms/projects/2311
64,automata,https://github.com/caleb531/automata,active,100.0,19.250202501455,0,Scientific Software,Peer-reviewed,Python,caleb531,Caleb Evans,user,,https://calebevans.me/,pypi,automata-lib,31293,42,0,1,405,0,388,,35,19,21,3,0.24777777777777776,0.4285714285714286,2,1,caleb531,7,7,0,6,0,0,push:35d release:388d commits:21 active_maint:1 closed:6 merged:6,https://science.ecosyste.ms/projects/962
65,PyPortfolioOpt,https://github.com/robertmartin8/pyportfolioopt,active,95.0,24.232711958049666,0,Scientific Software,Peer-reviewed,Jupyter Notebook,robertmartin8,Robert Martin,user,,https://reasonabledeviations.com,"pypi,conda,go","pyportfolioopt,github.com/robertmartin8/pyportfolioopt,github.com/robertmartin8/PyPortfolioOpt",148384,108,7,1,5129,0,606,,437,51,40,10,0.31456043956043955,0.475,2,0,"",18,32,4,5,0,0,push:437d release:606d commits:36 active_maint:0 closed:17 merged:5,https://science.ecosyste.ms/projects/1900
66,MQT Core,https://github.com/munich-quantum-toolkit/core,active,100.0,19.064371541968693,0,Scientific Software,Peer-reviewed,C++,munich-quantum-toolkit,The Munich Quantum Toolkit (MQT),organization,,https://mqt.readthedocs.io,pypi,mqt-core,31112,0,0,1,129,0,363,,1,48,1415,24,0.5554773633591368,0.6848056537102474,11,9,"denialhaag,burgholzer,MatthiasReumann,ystade,taminob,DRovara,flowerthrower,Ectras,LiRem101",40,170,14,99,0,0,push:1d release:363d commits:1100 active_maint:9 closed:119 merged:99,https://science.ecosyste.ms/projects/220
67,DendroPy 5,https://github.com/jeetsukumaran/dendropy,dormant,100.0,19.051858952587068,0,Scientific Software,Peer-reviewed,Python,jeetsukumaran,Jeet Sukumaran,user,http://sukumaranlab.org,http://jeetblogs.org,pypi,dendropy,21664,109,33,3,236,0,421,,17,36,3,2,0.1521832191780822,0.33333333333333337,3,0,"",1,12,0,3,0,0,push:17d release:421d commits:3 active_maint:0 closed:11 merged:3,https://science.ecosyste.ms/projects/489
68,graphlayouts,https://github.com/schochastics/graphlayouts,active,100.0,18.99367595264091,0,Scientific Software,Peer-reviewed,R,schochastics,David Schoch,user,cynkra,mr.schochastics.net,"go,cran,conda","github.com/schochastics/graphlayouts,graphlayouts,r-graphlayouts",45219,12,6,1,284,0,553,,8,7,26,3,0.11986301369863017,0.5384615384615384,1,0,"",4,10,2,6,0,0,push:8d release:553d commits:26 active_maint:0 closed:9 merged:6,https://science.ecosyste.ms/projects/1153
69,ChemPy,https://github.com/bjodah/chempy,active,100.0,18.952724451606567,0,Scientific Software,Peer-reviewed,Python,bjodah,Bjorn,user,,,"pypi,conda",chempy,20530,22,4,1,653,0,827,,80,15,41,3,0.09911054637865313,0.4878048780487805,2,0,"",2,5,0,3,0,0,push:80d release:827d commits:41 active_maint:0 closed:3 merged:3,https://science.ecosyste.ms/projects/2875
70,TorchGAN,https://github.com/torchgan/torchgan,dormant,100.0,18.9356429203754,0,Scientific Software,Peer-reviewed,Python,torchgan,torchgan,organization,,,"go,pypi","github.com/torchgan/torchgan,torchgan",11504,11,0,1,1425,0,1746,,1376,10,0,0,0.31404958677685946,0.0,2,0,"",0,1,0,0,0,0,push:1376d release:1746d commits:0 active_maint:0 closed:1 merged:0,https://science.ecosyste.ms/projects/1719
71,mlpack 4,https://github.com/mlpack/mlpack,active,95.0,23.92581946983465,0,Scientific Software,Peer-reviewed,C++,mlpack,mlpack,organization,,http://www.mlpack.org/,"cran,pypi,conda,nuget","mlpack,mlpack-windows.redist,mlpack3,mlpack-windows,r-mlpack",3794,7,7,2,5682,0,332,,7,340,167,15,0.7393358195702362,0.6047904191616766,10,4,"rcurtin,shrit,andrewfurey21,geekypathak21",29,115,22,56,0,0,push:7d release:332d commits:166 active_maint:4 closed:83 merged:56,https://science.ecosyste.ms/projects/1255
72,khmer release v2.1,https://github.com/dib-lab/khmer,unknown,100.0,18.882437410289697,0,Scientific Software,Peer-reviewed,Python,dib-lab,The Lab for Data Intensive Biology,organization,,http://ivory.idyll.org/lab/ ,"go,pypi","github.com/dib-lab/khmer,khmer",1545,20,2,4,790,0,2957,,894,87,0,0,0.6352006202752472,0.0,11,0,"",0,0,0,0,0,0,push:894d release:2957d commits:0 active_maint:0 closed:0 merged:0,https://science.ecosyste.ms/projects/3017
73,libCEED,https://github.com/ceed/libceed,active,100.0,18.76742707796203,0,Scientific Software,Peer-reviewed,C,CEED,CEED,organization,,http://ceed.exascaleproject.org,"go,pypi,spack,julia,cargo","github.com/CEED/libCEED,libceed,LibCEED,libceed-sys,github.com/ceed/libceed",167,2,2,4,262,0,991,,6,49,210,12,0.5656926165514164,0.43333333333333335,17,4,"zatkins-dev,jeremylt,jrwrigh,jedbrown",12,51,3,34,0,0,push:6d release:991d commits:210 active_maint:4 closed:40 merged:34,https://science.ecosyste.ms/projects/1840
74,HyperNetX,https://github.com/pnnl/hypernetx,active,100.0,18.66384180143542,0,Scientific Software,Peer-reviewed,Python,pnnl,Pacific Northwest National Laboratory (Public),organization,,http://www.pnnl.gov/,pypi,"hypernetx,hnxbeta",8902,8,3,3,706,0,519,,22,22,46,3,0.5938983050847457,0.15217391304347827,4,0,"",1,2,0,0,0,0,push:22d release:519d commits:46 active_maint:0 closed:0 merged:0,https://science.ecosyste.ms/projects/790
75,NiaPy,https://github.com/niaorg/niapy,active,100.0,18.649111732103023,0,Scientific Software,Peer-reviewed,Python,NiaOrg,NiaOrg,organization,,,"pypi,alpine","niapy,py3-niapy",12144,13,10,2,279,0,570,,27,37,35,6,0.7012987012987013,0.7142857142857143,1,1,pyup-bot,0,77,0,1,0,0,push:27d release:570d commits:35 active_maint:1 closed:46 merged:1,https://science.ecosyste.ms/projects/2884
76,Phonemizer,https://github.com/bootphon/phonemizer,dormant,95.0,23.63513057047248,0,Scientific Software,Peer-reviewed,Python,bootphon,CoML,organization,,https://cognitive-ml.fr,pypi,"phonemizer,phonemizer-fork",390944,438,29,2,1556,0,546,,672,15,0,0,0.5764331210191083,0.0,3,0,"",6,0,1,0,0,0,push:672d release:546d commits:0 active_maint:0 closed:1 merged:0,https://science.ecosyste.ms/projects/1656
77,emcee v3,https://github.com/dfm/emcee,dormant,95.0,23.634212766786533,0,Scientific Software,Peer-reviewed,Python,dfm,Dan Foreman-Mackey,user,,https://dfm.io,"alpine,go,conda,pypi","py3-emcee-pyc,py3-emcee,github.com/dfm/emcee,emcee",148138,538,161,1,1596,0,832,,17,78,24,6,0.3528722157092614,0.5416666666666667,2,1,dfm,4,31,0,14,0,0,push:17d release:832d commits:5 active_maint:1 closed:14 merged:14,https://science.ecosyste.ms/projects/2390
78,htmldate,https://github.com/adbar/htmldate,dormant,95.0,23.631932233843873,0,Scientific Software,Peer-reviewed,Python,adbar,Adrien Barbaresi,user,Berlin-Brg. Academy of Sciences (BBAW),adrien.barbaresi.eu,pypi,htmldate,4920761,50,5,1,153,0,577,,32,25,7,2,0.25072886297376096,0.1428571428571429,1,1,adbar,1,8,1,6,0,0,push:32d release:577d commits:7 active_maint:1 closed:7 merged:6,https://science.ecosyste.ms/projects/2177
79,bíogo/hts,https://github.com/biogo/hts,active,95.0,23.63059149926035,0,Scientific Software,Peer-reviewed,Go,biogo,bíogo,organization,,,go,github.com/biogo/hts,0,162,96,0,133,0,854,,336,9,0,0,0.0635964912280702,0.0,1,0,"",0,0,0,0,0,0,push:336d release:854d commits:0 active_maint:0 closed:0 merged:0,https://science.ecosyste.ms/projects/3065
80,Pingouin,https://github.com/raphaelvallat/pingouin,active,95.0,23.566843804591976,0,Scientific Software,Peer-reviewed,Python,raphaelvallat,Raphael Vallat,user,UC Berkeley,https://raphaelvallat.com,"pypi,conda",pingouin,190385,200,63,1,1927,0,694,,116,49,21,3,0.15529991783073127,0.1428571428571429,1,1,raphaelvallat,8,11,3,5,0,0,push:116d release:694d commits:21 active_maint:1 closed:8 merged:5,https://science.ecosyste.ms/projects/2718
81,Spleeter,https://github.com/deezer/spleeter,dormant,95.0,23.488145508162887,0,Scientific Software,Peer-reviewed,Python,deezer,Deezer,organization,,http://developers.deezer.com/,"go,pypi,conda","github.com/Deezer/spleeter,spleeter-gpu,spleeter,github.com/deezer/spleeter",28467,87,2,1,28342,0,483,,42,20,1,1,0.65,0.0,5,1,romi1502,10,2,2,1,0,0,push:42d release:483d commits:1 active_maint:1 closed:3 merged:1,https://science.ecosyste.ms/projects/2214
82,Pyccel,https://github.com/pyccel/pyccel,active,100.0,18.419848637848087,0,Scientific Software,Peer-reviewed,Python,pyccel,Pyccel,organization,,,pypi,pyccel,3010,4,3,2,397,0,398,,7,56,147,4,0.7279341980385954,0.09523809523809523,14,1,EmilyBourne,17,47,6,20,0,0,push:7d release:398d commits:147 active_maint:1 closed:26 merged:20,https://science.ecosyste.ms/projects/1213
83,sectionproperties,https://github.com/robbievanleeuwen/section-properties,active,100.0,18.352617211924265,0,Scientific Software,Peer-reviewed,Python,robbievanleeuwen,Robbie van Leeuwen,user,,https://robbievanleeuwen.github.io,pypi,sectionproperties,9896,9,7,1,542,0,460,,105,21,21,4,0.2997250229147571,0.38095238095238093,2,2,"robbievanleeuwen,connorferster",7,8,5,6,0,0,push:105d release:460d commits:21 active_maint:2 closed:12 merged:6,https://science.ecosyste.ms/projects/737
84,PyGMI - a python package for geoscience modelling and interpretation,https://github.com/patrick-cole/pygmi,active,98.0,20.260408255373186,0,Scientific Software,Peer-reviewed,HTML,Patrick-Cole,Patrick,user,Council for Geoscience,http://www.geoscience.org.za/,pypi,pygmi,125,3,0,1,101,0,2185,,29,5,173,1,0.006302521008403339,0.0,2,0,"",6,2,5,2,0,0,push:29d release:2185d commits:173 active_maint:0 closed:7 merged:2,https://science.ecosyste.ms/projects/82
85,gmr,https://github.com/alexanderfabisch/gmr,active,100.0,18.234333430663845,0,Scientific Software,Peer-reviewed,Python,AlexanderFabisch,Alexander Fabisch,user,"German Research Center for Artificial Intelligence (DFKI GmbH, @dfki), Robotics Innovation Center (@dfki-ric)",https://alexanderfabisch.github.io/,pypi,gmr,103218,5,6,3,201,0,351,,199,5,17,3,0.05797101449275366,0.2941176470588235,1,0,"",3,7,1,3,0,0,push:199d release:351d commits:17 active_maint:0 closed:6 merged:3,https://science.ecosyste.ms/projects/1871
86,Retriever,https://github.com/weecology/retriever,dormant,100.0,18.165830093458318,0,Scientific Software,Peer-reviewed,Python,weecology,Weecology,organization,,http://weecology.org,"conda,pypi",retriever,818,3,0,2,326,0,1553,,493,73,0,0,0.6339901477832512,0.0,2,0,"",4,14,1,0,0,0,push:493d release:1553d commits:0 active_maint:0 closed:6 merged:0,https://science.ecosyste.ms/projects/2958
87,Krylov.jl,https://github.com/juliasmoothoptimizers/krylov.jl,active,100.0,18.019364019390512,0,Scientific Software,Peer-reviewed,Julia,JuliaSmoothOptimizers,JuliaSmoothOptimizers,organization,,https://juliasmoothoptimizers.github.io,julia,Krylov,0,13,26,0,483,0,455,,32,28,56,5,0.3040112596762843,0.2321428571428571,5,2,"amontoison,dpo",14,39,2,28,0,0,push:32d release:455d commits:56 active_maint:2 closed:34 merged:28,https://science.ecosyste.ms/projects/982
88,Verde,https://github.com/fatiando/verde,active,100.0,17.98712861250455,0,Scientific Software,Peer-reviewed,Python,fatiando,Fatiando a Terra,organization,,https://www.fatiando.org,"pypi,go,conda","verde,github.com/fatiando/verde",6236,22,6,2,665,0,779,,38,16,28,5,0.3268698060941828,0.4642857142857143,5,3,"leouieda,mdtanker,santisoler",5,23,3,16,0,0,push:38d release:779d commits:13 active_maint:3 closed:19 merged:16,https://science.ecosyste.ms/projects/2748
89,Dynamax,https://github.com/probml/dynamax,dormant,100.0,17.984398426140014,0,Scientific Software,Peer-reviewed,Python,probml,Probabilistic machine learning,organization,,probml.ai,pypi,dynamax,2036,1,1,2,982,0,446,,35,36,8,3,0.6920821114369502,0.375,7,1,slinderman,8,20,0,3,0,0,push:35d release:446d commits:8 active_maint:1 closed:4 merged:3,https://science.ecosyste.ms/projects/228
90,pytorch-widedeep,https://github.com/jrzaurin/pytorch-widedeep,active,100.0,17.841036090730878,0,Scientific Software,Peer-reviewed,Python,jrzaurin,Javier,user,,,pypi,pytorch-widedeep,3389,4,3,1,1417,0,631,,91,12,14,2,0.19664804469273744,0.1428571428571429,5,1,jrzaurin,1,13,1,8,0,0,push:91d release:631d commits:14 active_maint:1 closed:10 merged:8,https://science.ecosyste.ms/projects/1091
91,tidytext,https://github.com/juliasilge/tidytext,dormant,95.0,22.716452668292185,0,Scientific Software,Peer-reviewed,R,juliasilge,Julia Silge,user,@posit-pbc,https://juliasilge.com/,"cran,go,conda","tidytext,github.com/juliasilge/tidytext,r-tidytext",42128,194,66,1,1201,0,370,,33,35,5,3,0.2701949860724234,0.4,2,0,"",3,6,1,3,0,0,push:33d release:370d commits:5 active_maint:0 closed:5 merged:3,https://science.ecosyste.ms/projects/3119
92,DART,https://github.com/dartsim/dart,active,100.0,17.69143437799808,0,Scientific Software,Peer-reviewed,C++,dartsim,DART: Dynamic Animation and Robotics Toolkit,organization,,http://dartsim.github.io/,"pypi,conda,go","dartpy,dartsim,github.com/dartsim/dart",563,1,5,1,1163,0,622,,2,76,1299,11,0.4067554709800191,0.10161662817551964,5,2,"jslee02,scpeters",2,233,1,202,0,0,push:2d release:622d commits:1206 active_maint:2 closed:210 merged:202,https://science.ecosyste.ms/projects/2911
93,The drake R package,https://github.com/ropensci/drake,unknown,95.0,22.69075532253029,0,Scientific Software,Peer-reviewed,R,ropensci,rOpenSci,organization,,https://ropensci.org/,"go,conda,cran","github.com/ropensci/drake,r-drake,drake",1838,33,1,1,1339,0,603,,603,44,0,0,0.06578947368421051,0.0,6,0,"",0,0,0,0,0,0,push:603d release:603d commits:0 active_maint:0 closed:0 merged:0,https://science.ecosyste.ms/projects/2924
94,dit,https://github.com/dit/dit,active,100.0,17.667527050507296,0,Scientific Software,Peer-reviewed,Python,dit,dit,organization,,dit.io,"pypi,conda,go","dit,github.com/dit/dit",3646,18,0,1,578,0,2632,,7,24,162,4,0.3914373088685015,0.2777777777777778,2,1,Autoplectic,0,32,0,21,0,0,push:7d release:2632d commits:150 active_maint:1 closed:23 merged:21,https://science.ecosyste.ms/projects/2842
95,PoreSpy,https://github.com/pmeal/porespy,active,100.0,17.61123342769621,0,Scientific Software,Peer-reviewed,Python,PMEAL,PMEAL,organization,,pmeal.com,"conda,pypi",porespy,2798,10,0,2,408,0,345,,61,44,276,8,0.46011360829834524,0.6159420289855073,4,2,"ma-sadeghi,jgostick",21,66,12,48,0,0,push:61d release:345d commits:271 active_maint:2 closed:61 merged:48,https://science.ecosyste.ms/projects/2588
96,resampy,https://github.com/bmcfee/resampy,dead,95.0,22.565535537798382,0,Scientific Software,Peer-reviewed,Python,bmcfee,Brian McFee,user,New York University,https://brianmcfee.net,"conda,spack,pypi","resampy,py-resampy",1470571,3118,74,1,283,0,877,,668,10,0,0,0.17372881355932202,0.0,1,0,"",2,0,0,0,0,0,push:668d release:877d commits:0 active_maint:0 closed:0 merged:0,https://science.ecosyste.ms/projects/3085
97,Choco-solver,https://github.com/chocoteam/choco-solver,active,100.0,17.528374373918222,0,Scientific Software,Peer-reviewed,Java,chocoteam,chocoteam,organization,,,maven,"org.choco-solver:choco-solver,org.choco-solver:choco-parsers,org.choco-solver:choco,org.choco-solver:choco-sat,org.choco-solver:examples",0,113,30,0,771,0,549,,40,42,227,4,0.3530805687203792,0.2951541850220264,4,4,"cprudhom,ArthurGodet,dimitri-justeau,NelusBreizh",11,32,2,22,0,0,push:40d release:549d commits:227 active_maint:4 closed:28 merged:22,https://science.ecosyste.ms/projects/1373
98,Nashpy,https://github.com/drvinceknight/nashpy,dormant,100.0,17.45915517025356,0,Scientific Software,Peer-reviewed,Python,drvinceknight,Vince Knight,user,"Cardiff University, School of Mathematics",https://fosstodon.org/@vinceknight,"alpine,pypi,conda","py3-nashpy,py3-nashpy-doc,nashpy,py3-nashpy-pyc",5418,38,2,1,372,0,754,,259,20,6,3,0.09933774834437081,0.33333333333333337,1,1,drvinceknight,2,4,0,4,0,0,push:259d release:754d commits:6 active_maint:1 closed:4 merged:4,https://science.ecosyste.ms/projects/2749
99,DrWatson,https://github.com/juliadynamics/drwatson.jl,active,100.0,17.458483184595508,0,Scientific Software,Peer-reviewed,Julia,JuliaDynamics,JuliaDynamics,organization,,https://juliadynamics.github.io/JuliaDynamics/,julia,DrWatson,0,0,11,0,926,0,363,,29,74,12,4,0.4158964879852126,0.25,2,0,"",4,13,2,7,0,0,push:29d release:363d commits:2 active_maint:0 closed:9 merged:7,https://science.ecosyste.ms/projects/2068
100,atlite,https://github.com/pypsa/atlite,active,100.0,17.410206467382146,0,Scientific Software,Peer-reviewed,Python,PyPSA,PyPSA,organization,,www.pypsa.org,"pypi,conda,go","atlite,github.com/pypsa/atlite",2455,15,0,3,393,0,444,,13,43,28,12,0.7641921397379913,0.7857142857142857,8,3,"euronion,coroa,fneum",19,35,6,11,0,0,push:13d release:444d commits:23 active_maint:3 closed:21 merged:11,https://science.ecosyste.ms/projects/1847
101,The targets R package,https://github.com/ropensci/targets,active,95.0,22.40665814174146,0,Scientific Software,Peer-reviewed,R,ropensci,rOpenSci,organization,,https://ropensci.org/,"conda,cran","r-targets,targets",14248,77,8,1,1090,0,448,,78,26,61,4,0.2075367137711277,0.049180327868852514,6,1,wlandau,15,0,12,0,0,0,push:78d release:448d commits:61 active_maint:1 closed:12 merged:0,https://science.ecosyste.ms/projects/2006
102,normflows,https://github.com/vincentstimper/normalizing-flows,dormant,100.0,17.406378261315073,0,Scientific Software,Peer-reviewed,Python,VincentStimper,Vincent Stimper,user,Isomorphic Labs,https://vincentstimper.com/,"go,pypi","github.com/VincentStimper/normalizing-flows,github.com/vincentstimper/normalizing-flows,normflows",2923,2,1,1,956,0,987,,704,14,0,0,0.1615168539325843,0.0,4,0,"",2,4,0,0,0,0,push:704d release:987d commits:0 active_maint:0 closed:1 merged:0,https://science.ecosyste.ms/projects/1090
103,Learning from Crowds with Crowd-Kit,https://github.com/toloka/crowd-kit,dormant,100.0,17.28980820421339,0,Scientific Software,Peer-reviewed,Python,Toloka,Toloka,organization,,https://toloka.ai,pypi,crowd-kit,4916,5,3,2,246,0,695,,241,28,13,2,0.6143617021276595,0.23076923076923073,2,0,"",4,3,2,2,0,0,push:241d release:695d commits:10 active_maint:0 closed:4 merged:2,https://science.ecosyste.ms/projects/749
104,Feature-engine,https://github.com/feature-engine/feature_engine,active,93.0,24.268606663875673,0,Scientific Software,Peer-reviewed,Python,feature-engine,Feature-engine,organization,,,"conda,pypi,go","feature_engine,feature-engine,github.com/feature-engine/feature_engine",297991,437,89,1,2261,0,336,,5,61,55,10,0.3466981132075472,0.2545454545454545,3,1,solegalli,15,69,9,44,0,0,push:5d release:336d commits:55 active_maint:1 closed:57 merged:44,https://science.ecosyste.ms/projects/1758
105,impedance.py,https://github.com/ecshackweek/impedance.py,dormant,100.0,17.209915254824153,0,Scientific Software,Peer-reviewed,Python,ECSHackWeek,ECS Hack Week ,organization,,,"go,pypi","github.com/ecshackweek/impedance.py,github.com/ECSHackWeek/impedance.py,impedance",3673,5,6,1,290,0,1116,,111,26,6,2,0.5284552845528455,0.5,3,0,"",5,5,0,0,0,0,push:111d release:1116d commits:3 active_maint:0 closed:0 merged:0,https://science.ecosyste.ms/projects/2171
106,BridgeStan,https://github.com/roualdes/bridgestan,active,100.0,17.19448001968421,0,Scientific Software,Peer-reviewed,Python,roualdes,Edward A. Roualdes,user,"CSU, Chico",https://roualdes.us,"julia,cargo,pypi","BridgeStan,bridgestan",549,1,5,2,116,0,458,,29,13,48,4,0.40591966173361527,0.47916666666666663,3,2,"WardBrian,bob-carpenter",4,36,4,29,0,0,push:29d release:458d commits:20 active_maint:2 closed:37 merged:29,https://science.ecosyste.ms/projects/1056
107,Augur,https://github.com/nextstrain/augur,active,100.0,17.15491707134221,0,Scientific Software,Peer-reviewed,Python,nextstrain,Nextstrain,organization,,https://nextstrain.org,pypi,nextstrain-augur,824,8,1,8,277,0,350,,13,59,265,10,0.7868565169769989,0.4339622641509434,9,3,"victorlin,jameshadfield,corneliusroemer",35,105,8,64,0,0,push:13d release:350d commits:265 active_maint:3 closed:82 merged:64,https://science.ecosyste.ms/projects/2009
108,Missingno,https://github.com/residentmario/missingno,unknown,93.0,24.1502976356774,0,Scientific Software,Peer-reviewed,Python,ResidentMario,Aleksey Bilogur,user,,https://www.residentmar.io/,"pypi,conda",missingno,176005,1920,32,1,4207,0,371,,807,18,0,0,0.14689265536723162,0.0,1,0,"",0,0,0,0,0,0,push:807d release:371d commits:0 active_maint:0 closed:0 merged:0,https://science.ecosyste.ms/projects/2895
109,Soundata,https://github.com/soundata/soundata,dormant,100.0,17.045239672232476,0,Scientific Software,Peer-reviewed,Python,soundata,soundata,organization,,,pypi,soundata,2279,2,0,2,357,0,779,,16,30,5,2,0.7707082833133253,0.19999999999999996,10,2,"yujin-kimmm,magdalenafuentes",1,16,0,4,0,0,push:16d release:779d commits:5 active_maint:2 closed:4 merged:4,https://science.ecosyste.ms/projects/636
110,PySwarms,https://github.com/ljvmiranda921/pyswarms,dormant,95.0,21.999842001493597,0,Scientific Software,Peer-reviewed,Python,ljvmiranda921,Lj Miranda,user,@explosion,https://ljvmiranda921.github.io/,"alpine,pypi,conda","py3-pyswarms-pyc,pyswarms,clpso,py3-pyswarms",58316,59,16,1,1393,0,839,,723,44,0,0,0.5989010989010989,0.0,2,0,"",1,3,0,0,0,0,push:723d release:839d commits:0 active_maint:0 closed:2 merged:0,https://science.ecosyste.ms/projects/2935
111,CMasher,https://github.com/1313e/cmasher,dormant,98.0,18.96533858899074,0,Scientific Software,Peer-reviewed,Python,1313e,Ellert van der Velden,user,Energyworx,https://orcid.org/0000-0002-1559-9832,pypi,cmasher,36770,39,17,2,489,0,618,,42,10,53,3,0.5431034482758621,0.2264150943396226,2,1,neutrinoceros,0,26,0,24,0,0,push:42d release:618d commits:8 active_maint:1 closed:26 merged:24,https://science.ecosyste.ms/projects/2312
112,cuallee,https://github.com/canimus/cuallee,dormant,98.0,18.925760934279772,0,Scientific Software,Peer-reviewed,Python,canimus,Herminio Vazquez,user,iovio,http://iovio.com,pypi,cuallee,49315,1,1,2,242,0,593,,175,16,9,2,0.2908777969018933,0.4444444444444444,2,1,canimus,4,156,2,29,0,0,push:175d release:593d commits:5 active_maint:1 closed:128 merged:29,https://science.ecosyste.ms/projects/628
113,fortran-src,https://github.com/camfort/fortran-src,active,100.0,16.820110893761665,0,Scientific Software,Peer-reviewed,Haskell,camfort,camfort,organization,,http://camfort.github.io,hackage,fortran-src,0,15,4,4,59,0,393,,71,18,40,3,0.6901626646010844,0.525,6,2,"dorchard,mrd",6,7,0,3,0,0,push:71d release:393d commits:40 active_maint:2 closed:3 merged:3,https://science.ecosyste.ms/projects/288
114,corner.py,https://github.com/dfm/corner.py,dormant,95.0,21.762810110823175,0,Scientific Software,Peer-reviewed,Python,dfm,Dan Foreman-Mackey,user,,https://dfm.io,"pypi,alpine,conda","corner,py3-corner,py3-corner-pyc",103654,374,147,1,575,0,614,,4,47,33,7,0.5317725752508361,0.5454545454545454,1,1,dfm,7,33,3,20,0,0,push:4d release:614d commits:8 active_maint:1 closed:23 merged:20,https://science.ecosyste.ms/projects/3125
115,Hickle,https://github.com/telegraphic/hickle,dormant,95.0,21.747039297989453,0,Scientific Software,Peer-reviewed,Python,telegraphic,Danny Price,user,Curtin / UC Berkeley ,http://www.thetelegraphic.com,"pypi,go,conda","hickle,fits2hdf,github.com/telegraphic/hickle",162942,323,10,2,503,0,852,,91,28,18,3,0.4651685393258427,0.2777777777777778,2,0,"",1,8,0,7,0,0,push:91d release:852d commits:5 active_maint:0 closed:8 merged:7,https://science.ecosyste.ms/projects/2694
116,PySD,https://github.com/sdxorg/pysd,dormant,100.0,16.644719955738672,0,Scientific Software,Peer-reviewed,Python,SDXorg,SDXorg,organization,,,"conda,pypi",pysd,1723,17,5,2,458,0,494,,150,21,7,2,0.5775492716366752,0.1428571428571429,3,0,"",5,5,0,2,0,0,push:150d release:494d commits:1 active_maint:0 closed:2 merged:2,https://science.ecosyste.ms/projects/1364
117,countrycode,https://github.com/vincentarelbundock/countrycode,active,95.0,21.606202003520558,0,Scientific Software,Peer-reviewed,R,vincentarelbundock,Vincent Arel-Bundock,user,,http://arelbundock.com,"cran,conda","countrycode,r-countrycode",136635,152,45,1,370,0,486,,7,26,35,5,0.6209850107066381,0.2571428571428571,2,0,"",5,7,4,3,0,0,push:7d release:486d commits:35 active_maint:0 closed:9 merged:3,https://science.ecosyste.ms/projects/2794
118,open-mastr,https://github.com/openenergyplatform/open-mastr,active,100.0,16.569705522484888,0,Scientific Software,Peer-reviewed,Python,OpenEnergyPlatform,Open Energy Family,organization,,https://github.com/OpenEnergyPlatform/organisation/blob/master/README.md,"pypi,go","open-mastr,github.com/OpenEnergyPlatform/open-MaStR,github.com/openenergyplatform/open-mastr",3766,0,0,1,134,0,467,,35,36,213,9,0.6903508771929825,0.5070422535211268,11,5,"FlorianK13,nesnoj,pt-kkraemer,kvnkrmr,Ludee",32,26,8,9,0,0,push:35d release:467d commits:213 active_maint:5 closed:18 merged:9,https://science.ecosyste.ms/projects/519
119,icepyx,https://github.com/icesat2py/icepyx,active,100.0,16.562906464407916,0,Scientific Software,Peer-reviewed,Python,icesat2py,icesat2py,organization,,,"pypi,go,conda","icepyx,github.com/icesat2py/icepyx",1230,6,0,2,257,0,433,,3,35,35,5,0.34696969696969693,0.4285714285714286,11,2,"JessicaS11,weiji14",10,46,1,34,0,0,push:3d release:433d commits:22 active_maint:2 closed:39 merged:34,https://science.ecosyste.ms/projects/1183
120,Using the tidyverse with terra objects,https://github.com/dieghernan/tidyterra,active,100.0,16.528935091435937,0,Scientific Software,Peer-reviewed,R,dieghernan,Diego H.,user,,https://dieghernan.github.io/,"cran,go","tidyterra,github.com/dieghernan/tidyterra",8769,20,17,1,218,0,472,,10,8,211,3,0.16920731707317072,0.13744075829383884,1,1,dieghernan,5,12,4,9,0,0,push:10d release:472d commits:182 active_maint:1 closed:14 merged:9,https://science.ecosyste.ms/projects/923
121,PyBIDS,https://github.com/bids-standard/pybids,active,95.0,21.508582911771263,0,Scientific Software,Peer-reviewed,Python,bids-standard,Brain Imaging Data Structure,organization,,https://bids.neuroimaging.io,"pypi,spack","pybids,py-pybids",56670,163,46,3,260,0,512,,38,77,101,8,0.7220930232558139,0.504950495049505,8,2,"effigies,mgxd",8,67,1,20,0,0,push:38d release:512d commits:51 active_maint:2 closed:32 merged:20,https://science.ecosyste.ms/projects/2484
122,eemont,https://github.com/davemlz/eemont,active,100.0,16.35802552037259,0,Scientific Software,Peer-reviewed,Python,davemlz,David Montero Loaiza,user,RSC4Earth | University of Leipzig,,"go,pypi,conda","github.com/davemlz/eemont,eemont",4796,11,3,1,449,0,376,,15,6,21,3,0.46175908221797324,0.33333333333333337,1,0,"",1,1,1,0,0,0,push:15d release:376d commits:21 active_maint:0 closed:1 merged:0,https://science.ecosyste.ms/projects/1864
123,opt\_einsum - A Python package for optimizing contraction order for einsum-like expressions,https://github.com/dgasmith/opt_einsum,dormant,100.0,16.353500366043995,0,Scientific Software,Peer-reviewed,Python,dgasmith,Daniel Smith,user,Flagship Pioneering,,"alpine,conda,go,spack","py3-opt_einsum,py3-opt_einsum-doc,opt_einsum,github.com/dgasmith/opt_einsum,py3-opt_einsum-pyc,py-opt-einsum,opt-einsum",0,219,5,1,988,0,610,,133,28,1,1,0.43202416918429,0.0,3,0,"",4,0,1,0,0,0,push:133d release:610d commits:1 active_maint:0 closed:1 merged:0,https://science.ecosyste.ms/projects/2819
124,bayestestR,https://github.com/easystats/bayestestr,active,95.0,21.316103308356638,0,Scientific Software,Peer-reviewed,R,easystats,easystats,organization,,https://easystats.github.io/easystats/,"go,cran,conda","github.com/easystats/bayestestR,bayestestR,r-bayestestr,github.com/easystats/bayestestr",76332,67,28,1,593,0,335,,13,27,63,8,0.5647877013177159,0.5396825396825398,7,3,"mattansb,strengejacke,DominiqueMakowski",8,26,4,17,0,0,push:13d release:335d commits:54 active_maint:3 closed:22 merged:17,https://science.ecosyste.ms/projects/2482
125,PerMetrics,https://github.com/thieu1995/permetrics,active,100.0,16.309798069558028,0,Scientific Software,Peer-reviewed,Python,thieu1995,Nguyen Van Thieu,user,AIIR Group,https://thieu1995.github.io/,"alpine,pypi","py3-permetrics-pyc,py3-permetrics,permetrics",28159,1,8,1,91,0,444,,30,6,114,2,0.05363321799307963,0.00877192982456143,1,0,"",4,3,3,1,0,0,push:30d release:444d commits:114 active_maint:0 closed:5 merged:1,https://science.ecosyste.ms/projects/794
126,Regl-Scatterplot,https://github.com/flekschas/regl-scatterplot,dormant,100.0,16.230426517180824,0,Scientific Software,Peer-reviewed,JavaScript,flekschas,Fritz Lekschas,user,,https://lekschas.de,npm,regl-scatterplot,4919,7,2,1,237,0,453,,6,11,31,3,0.11375661375661372,0.25806451612903225,3,0,"",2,11,1,7,0,0,push:6d release:453d commits:8 active_maint:0 closed:8 merged:7,https://science.ecosyste.ms/projects/1186
127,mlr3,https://github.com/mlr-org/mlr3,active,95.0,21.22842984396369,0,Scientific Software,Peer-reviewed,R,mlr-org,mlr-org,organization,,https://mlr-org.com,"cran,go","mlr3,github.com/mlr-org/mlr3",9663,76,47,1,1076,0,365,,4,30,181,9,0.2980726131779471,0.2817679558011049,12,7,"be-marc,m-muecke,sebffischer,mllg,mb706,berndbischl,lona-k",26,62,10,42,0,0,push:4d release:365d commits:175 active_maint:7 closed:54 merged:42,https://science.ecosyste.ms/projects/2361
128,PySINDy,https://github.com/dynamicslab/pysindy,active,95.0,21.174644174813967,0,Scientific Software,Peer-reviewed,Python,dynamicslab,dynamicslab,organization,,,"pypi,conda",pysindy,26090,18,6,3,1859,0,342,,50,41,144,7,0.730669434353918,0.4652777777777778,13,5,"Jacob-Stevens-Haas,filippozacchei,yb6599,llfung,loiseaujc",17,34,5,18,0,0,push:50d release:342d commits:143 active_maint:5 closed:27 merged:18,https://science.ecosyste.ms/projects/1619
129,hdt-rs,https://github.com/konradhoeffner/hdt,active,100.0,16.164425648540927,0,Scientific Software,Peer-reviewed,Rust,KonradHoeffner,Konrad Höffner,user,@IMISE,http://aksw.org/KonradHoeffner,"go,cargo","github.com/KonradHoeffner/hdt,github.com/konradhoeffner/hdt,hdt",0,1,1,1,41,0,330,,31,9,69,6,0.19999999999999996,0.2753623188405797,2,2,"KonradHoeffner,GregHanson",13,32,5,17,0,0,push:31d release:330d commits:63 active_maint:2 closed:31 merged:17,https://science.ecosyste.ms/projects/1154
130,NeuroDSP,https://github.com/neurodsp-tools/neurodsp,active,100.0,16.11108312054048,0,Scientific Software,Peer-reviewed,Python,neurodsp-tools,NeuroDSP,organization,,https://neurodsp-tools.github.io/,"pypi,conda",neurodsp,1843,11,3,3,351,0,534,,50,15,26,1,0.3647246608140463,0.0,2,1,TomDonoghue,1,3,0,2,0,0,push:50d release:534d commits:26 active_maint:1 closed:2 merged:2,https://science.ecosyste.ms/projects/2597
131,Pose2Sim,https://github.com/perfanalytics/pose2sim,active,100.0,16.094137943259184,0,Scientific Software,Peer-reviewed,Python,perfanalytics,perfanalytics,organization,,,pypi,pose2sim,1953,1,0,1,737,0,342,,7,16,283,6,0.09097978227060655,0.021201413427561877,2,1,davidpagnon,17,10,6,3,0,0,push:7d release:342d commits:283 active_maint:1 closed:10 merged:3,https://science.ecosyste.ms/projects/1403
132,"Extracting, Computing and Exploring the Parameters of Statistical Models using R",https://github.com/easystats/parameters,active,95.0,21.087611227052417,0,Scientific Software,Peer-reviewed,R,easystats,easystats,organization,,https://easystats.github.io/easystats/,"conda,cran,go","r-parameters,parameters,github.com/easystats/parameters",73675,75,33,1,495,0,334,,26,28,128,9,0.1939441915693647,0.2421875,6,3,"strengejacke,mattansb,DominiqueMakowski",23,48,11,36,0,0,push:26d release:334d commits:116 active_maint:3 closed:48 merged:36,https://science.ecosyste.ms/projects/2129
133,visdat,https://github.com/ropensci/visdat,dormant,95.0,21.073459253998006,0,Scientific Software,Peer-reviewed,R,ropensci,rOpenSci,organization,,https://ropensci.org/,"cran,go,conda","visdat,github.com/ropensci/visdat,r-visdat",20339,25,5,1,462,0,1274,,87,19,1,1,0.11506276150627615,0.0,3,1,njtierney,2,1,0,0,0,0,push:87d release:1274d commits:1 active_maint:1 closed:0 merged:0,https://science.ecosyste.ms/projects/3000
134,ReproZip,https://github.com/vida-nyu/reprozip,dormant,100.0,16.063014137690008,0,Scientific Software,Peer-reviewed,Python,VIDA-NYU,VIDA-NYU,organization,,https://vida.engineering.nyu.edu/,"pypi,conda","reprounzip-docker,reprounzip-vistrails,reprounzip-vagrant,reprozip-jupyter,reprounzip-qt,reprounzip,reprozip",1340,10,5,2,362,0,1269,,176,16,3,1,0.07829670329670335,0.0,2,0,"",1,1,1,0,0,0,push:176d release:1269d commits:3 active_maint:0 closed:1 merged:0,https://science.ecosyste.ms/projects/3089
135,PyAutoLens,https://github.com/jammy2211/pyautolens,active,100.0,15.975012037938429,0,Scientific Software,Peer-reviewed,Python,Jammy2211,James Nightingale,user,Durham University,www.jamesnightingale.net,pypi,autolens,2832,2,0,2,173,0,1890,,346,19,405,6,0.4285204809455879,0.28148148148148144,4,1,Jammy2211,1,62,0,59,0,0,push:346d release:1890d commits:405 active_maint:1 closed:59 merged:59,https://science.ecosyste.ms/projects/1980
136,SIMSOPT,https://github.com/hiddensymmetries/simsopt,active,98.0,17.904141880670224,0,Scientific Software,Peer-reviewed,Python,hiddenSymmetries,The Hidden Symmetries and Fusion Energy Collaboration,organization,,https://hiddensymmetries.princeton.edu/,pypi,simsopt,5772,1,1,2,160,0,373,,7,66,239,15,0.6972972972972973,0.5857740585774058,2,1,mbkumar,15,53,4,20,0,0,push:7d release:373d commits:239 active_maint:1 closed:30 merged:20,https://science.ecosyste.ms/projects/1771
137,osrm,https://github.com/riatelab/osrm,active,100.0,15.887579992314487,0,Scientific Software,Peer-reviewed,R,riatelab,riatelab,organization,,https://riate.cnrs.fr,"go,cran","github.com/riatelab/osrm,osrm",1762,10,2,1,255,0,815,,140,11,13,2,0.3739130434782608,0.07692307692307687,2,1,rCarto,2,1,1,0,0,0,push:140d release:815d commits:13 active_maint:1 closed:1 merged:0,https://science.ecosyste.ms/projects/1360
138,quimb,https://github.com/jcmgray/quimb,active,95.0,20.84786802877322,0,Scientific Software,Peer-reviewed,Python,jcmgray,Johnnie Gray,user,Caltech,,"pypi,go","quimb,github.com/jcmgray/quimb",74376,29,18,1,652,0,364,,15,36,280,14,0.04892450442851115,0.18571428571428572,1,1,jcmgray,27,37,18,20,0,0,push:15d release:364d commits:276 active_maint:1 closed:52 merged:20,https://science.ecosyste.ms/projects/2773
139,TaylorSeries.jl,https://github.com/juliadiff/taylorseries.jl,active,100.0,15.805693745545696,0,Scientific Software,Peer-reviewed,Julia,JuliaDiff,JuliaDiff,organization,,https://www.juliadiff.org/,julia,TaylorSeries,0,0,21,0,386,0,363,,29,30,27,4,0.5702479338842975,0.4814814814814815,3,1,lbenet,10,25,8,18,0,0,push:29d release:363d commits:27 active_maint:1 closed:27 merged:18,https://science.ecosyste.ms/projects/2607
140,PreliZ,https://github.com/arviz-devs/preliz,active,98.0,17.753692417598163,0,Scientific Software,Peer-reviewed,Python,arviz-devs,ArviZ,organization,,https://www.arviz.org,pypi,preliz,32274,3,1,2,167,0,377,,40,14,60,8,0.31072555205047314,0.18333333333333335,3,2,"OriolAbril,rohanbabbar04",8,35,5,32,0,0,push:40d release:377d commits:60 active_maint:2 closed:37 merged:32,https://science.ecosyste.ms/projects/991
141,Augmentor,https://github.com/mdbloice/augmentor,dead,95.0,20.696539665375848,0,Scientific Software,Peer-reviewed,Python,mdbloice,Marcus D. Bloice,user,Medical University Graz,https://imi.medunigraz.at,"alpine,pypi","py3-augmentor,augmentor,py3-augmentor-pyc",7999,16,0,1,5138,0,839,,861,23,0,0,0.08300395256916993,0.0,0,0,"",0,1,0,0,0,0,push:861d release:839d commits:0 active_maint:0 closed:0 merged:0,https://science.ecosyste.ms/projects/2964
142,exoplanet,https://github.com/exoplanet-dev/exoplanet,dead,100.0,15.659265524977355,0,Scientific Software,Peer-reviewed,Python,exoplanet-dev,exoplanet,organization,,https://exoplanet.codes,"conda,pypi",exoplanet,1400,35,5,1,238,0,835,,3,17,0,0,0.12561983471074378,0.0,1,0,"",1,5,0,0,0,0,push:3d release:835d commits:0 active_maint:0 closed:0 merged:0,https://science.ecosyste.ms/projects/1853
143,pyMannKendall,https://github.com/mmhs013/pymannkendall,dead,95.0,20.643135301666142,0,Scientific Software,Peer-reviewed,Python,mmhs013,Md. Manjurul Hussain Shourov,user,,https://www.researchgate.net/profile/Md_Manjurul_Shourov,"pypi,conda",pymannkendall,665928,59,9,1,287,0,1293,,495,5,0,0,0.11764705882352944,0.0,1,0,"",1,0,0,0,0,0,push:495d release:1293d commits:0 active_maint:0 closed:0 merged:0,https://science.ecosyste.ms/projects/2501
144,TextDescriptives,https://github.com/hlasse/textdescriptives,dormant,98.0,17.641940467439316,0,Scientific Software,Peer-reviewed,Python,HLasse,Lasse Hansen,user,Aarhus University,lassehansen.me,pypi,textdescriptives,8260,1,4,2,366,0,591,,86,16,11,2,0.4929378531073446,0.18181818181818177,3,1,KennethEnevoldsen,4,3,1,0,0,0,push:86d release:591d commits:11 active_maint:1 closed:3 merged:0,https://science.ecosyste.ms/projects/1157
145,Machine Learning Validation via Rational Dataset Sampling with astartes,https://github.com/jacksonburns/astartes,dormant,100.0,15.638361634670003,0,Scientific Software,Peer-reviewed,Python,JacksonBurns,Jackson Burns,user,,jacksonwarnerburns.com,pypi,astartes,17191,1,0,1,102,0,366,,303,4,4,1,0.18398637137989782,0.0,3,1,JacksonBurns,3,1,2,1,0,0,push:303d release:366d commits:4 active_maint:1 closed:3 merged:1,https://science.ecosyste.ms/projects/929
146,Pyrodigal,https://github.com/althonos/pyrodigal,active,100.0,15.634214573819552,0,Scientific Software,Peer-reviewed,Cython,althonos,Martin Larralde,user,"EMBL / LUMC, @zellerlab",,"spack,pypi","py-pyrodigal,pyrodigal",6870,3,13,1,189,0,625,,135,6,22,2,0.005720823798627039,0.045454545454545414,1,0,"",9,1,5,0,0,0,push:135d release:625d commits:22 active_maint:0 closed:5 merged:0,https://science.ecosyste.ms/projects/1533
147,GEMMI,https://github.com/project-gemmi/gemmi,active,95.0,20.567360714985206,0,Scientific Software,Peer-reviewed,C++,project-gemmi,GEMMI,organization,,https://project-gemmi.github.io/,"npm,pypi,conda","mtz,gemmi",130811,37,44,1,365,0,390,,6,24,612,7,0.050765355551249725,0.07679738562091498,3,1,CV-GPhL,20,19,11,17,0,0,push:6d release:390d commits:612 active_maint:1 closed:30 merged:17,https://science.ecosyste.ms/projects/1523
148,Executorlib – Up-scaling Python workflows for hierarchical heterogenous high-performance computing,https://github.com/pyiron/executorlib,active,100.0,15.55927392267407,0,Scientific Software,Peer-reviewed,Python,pyiron,pyiron,organization,,http://pyiron.org,pypi,"executorlib,pympipool",10885,0,6,2,76,0,342,,1,9,212,5,0.1950585175552666,0.3160377358490566,5,1,jan-janssen,35,184,12,132,0,0,push:1d release:342d commits:148 active_maint:1 closed:160 merged:132,https://science.ecosyste.ms/projects/234
149,dust_extinction,https://github.com/karllark/dust_extinction,active,100.0,15.547842688346503,0,Scientific Software,Peer-reviewed,Python,karllark,Karl Gordon,user,Space Telescope Science Institute,http://www.stsci.edu/~kgordon/,"pypi,conda","dust-extinction,dust_extinction",7127,17,7,1,50,0,800,,93,12,78,5,0.1202185792349727,0.3589743589743589,1,1,karllark,4,22,3,21,0,0,push:93d release:800d commits:78 active_maint:1 closed:24 merged:21,https://science.ecosyste.ms/projects/525
150,cellular_raza,https://github.com/jonaspleyer/cellular_raza,active,100.0,15.535140097422234,0,Scientific Software,Peer-reviewed,Rust,jonaspleyer,Jonas Pleyer,user,,https://jonas.pleyer.org,cargo,"cellular_raza-core-proc-macro,cellular_raza-core,cellular_raza-building-blocks,cellular_raza-core-derive,cellular_raza-concepts,cellular_raza-concepts-derive,cellular_raza",0,0,4,1,21,0,359,,31,2,151,2,0.0073578595317725926,0.08609271523178808,1,0,"",0,12,0,7,0,0,push:31d release:359d commits:138 active_maint:0 closed:8 merged:7,https://science.ecosyste.ms/projects/121
151,bíogo,https://github.com/biogo/biogo,unknown,95.0,20.51194719623363,0,Scientific Software,Peer-reviewed,Go,biogo,bíogo,organization,,,go,github.com/biogo/biogo,0,20,19,0,405,0,1735,,854,17,0,0,0.25844930417495027,0.0,1,0,"",0,0,0,0,0,0,push:854d release:1735d commits:0 active_maint:0 closed:0 merged:0,https://science.ecosyste.ms/projects/3061
152,DynamicalSystems.jl,https://github.com/juliadynamics/dynamicalsystems.jl,active,100.0,15.437136296191735,0,Scientific Software,Peer-reviewed,Julia,JuliaDynamics,JuliaDynamics,organization,,https://juliadynamics.github.io/JuliaDynamics/,julia,DynamicalSystems,0,7,6,0,941,0,424,,43,29,14,3,0.08855585831062673,0.1428571428571429,3,2,"Datseris,oameye",4,9,4,4,0,0,push:43d release:424d commits:13 active_maint:2 closed:10 merged:4,https://science.ecosyste.ms/projects/2888
153,qualtRics,https://github.com/ropensci/qualtrics,active,95.0,20.41191972673975,0,Scientific Software,Peer-reviewed,R,ropensci,rOpenSci,organization,,https://ropensci.org/,"cran,go","qualtRics,github.com/ropensci/qualtRics,github.com/ropensci/qualtrics",2299,7,1,1,229,0,341,,35,25,7,2,0.3965744400527009,0.1428571428571429,6,3,"juliasilge,apilipshen,maelle",11,5,3,2,0,0,push:35d release:341d commits:7 active_maint:3 closed:5 merged:2,https://science.ecosyste.ms/projects/2866
154,Linopy,https://github.com/pypsa/linopy,active,95.0,20.38154729630703,0,Scientific Software,Peer-reviewed,Python,PyPSA,PyPSA,organization,,www.pypsa.org,"conda,pypi",linopy,53820,7,4,2,250,0,332,,6,65,186,26,0.3896797153024911,0.6397849462365591,7,5,"FBumann,FabianHofmann,coroa,finozzifa,lkstrp",32,131,13,61,0,0,push:6d release:332d commits:166 active_maint:5 closed:81 merged:61,https://science.ecosyste.ms/projects/1162
155,greta,https://github.com/greta-dev/greta,active,95.0,20.377139460723072,0,Scientific Software,Peer-reviewed,C++,greta-dev,greta-dev,organization,,https://greta-stats.org/,"go,cran","github.com/greta-dev/greta,greta",743,15,3,1,604,0,625,,9,21,79,2,0.46963028169014087,0.08860759493670889,2,2,"njtierney,goldingn",9,4,1,1,0,0,push:9d release:625d commits:79 active_maint:2 closed:2 merged:1,https://science.ecosyste.ms/projects/2485
156,gratia,https://github.com/gavinsimpson/gratia,active,98.0,17.34889552975268,0,Scientific Software,Peer-reviewed,R,gavinsimpson,Gavin Simpson,user,Aarhus University,fromthebottomoftheheap.net,"cran,go","gratia,github.com/gavinsimpson/gratia",4603,10,3,1,234,0,339,,115,25,248,2,0.01485984464707868,0.032258064516129004,1,1,gavinsimpson,22,2,10,0,0,0,push:115d release:339d commits:248 active_maint:1 closed:11 merged:0,https://science.ecosyste.ms/projects/342
157,ggeffects,https://github.com/strengejacke/ggeffects,active,95.0,20.31771244294116,0,Scientific Software,Peer-reviewed,R,strengejacke,Daniel,user,Universitätsklinikum Hamburg-Eppendorf,http://strengejacke.de,"cran,conda","ggeffects,r-ggeffects",34226,20,11,1,607,0,344,,55,14,6,2,0.011819116135662888,0.16666666666666663,1,1,strengejacke,10,8,2,0,0,0,push:55d release:344d commits:6 active_maint:1 closed:4 merged:0,https://science.ecosyste.ms/projects/2818
158,Physics-Informed Neural networks for Advanced modeling,https://github.com/mathlab/pina,active,100.0,15.28704410166452,0,Scientific Software,Peer-reviewed,Python,mathLab,SISSA mathLab,organization,,http://mathlab.sissa.it,pypi,pina-mathlab,217,1,0,1,554,0,409,,363,39,174,11,0.7597840755735492,0.37356321839080464,9,4,"GiovanniCanali,dario-coscia,FilippoOlivo,ndem0",38,69,11,32,0,0,push:363d release:409d commits:166 active_maint:4 closed:48 merged:32,https://science.ecosyste.ms/projects/1060
159,FURY,https://github.com/fury-gl/fury,active,95.0,20.27292458986885,0,Scientific Software,Peer-reviewed,Python,fury-gl,fury-gl,organization,,,"pypi,conda,spack","fury,py-fury",15959,77,12,2,301,0,596,,8,100,248,17,0.7893491124260354,0.5846774193548387,5,0,"",11,67,1,17,0,0,push:8d release:596d commits:243 active_maint:0 closed:33 merged:17,https://science.ecosyste.ms/projects/1814
160,Pyrokinetics - A Python library to standardise gyrokinetic analysis,https://github.com/pyro-kinetics/pyrokinetics,active,100.0,15.230376340822094,0,Scientific Software,Peer-reviewed,Python,pyro-kinetics,pyro-kinetics,organization,,,pypi,pyrokinetics,1879,1,1,1,46,0,402,,35,34,410,13,0.4328582145536384,0.6536585365853659,22,10,"bpatel2107,FelixWattsYork,MantasA411,physycola,fcasson,ILexiconI,dake0795,juanruizruiz,lorenzozanisi,tomneiser",13,93,4,51,0,0,push:35d release:402d commits:405 active_maint:10 closed:69 merged:51,https://science.ecosyste.ms/projects/798
161,PyAutoFit,https://github.com/rhayes777/pyautofit,active,100.0,15.21994881851041,0,Scientific Software,Peer-reviewed,Python,rhayes777,Richard Hayes,user,RGH Software,,pypi,autofit,3031,4,5,2,63,0,1890,,346,13,342,3,0.38395582037494547,0.26608187134502925,5,2,"Jammy2211,rhayes777",5,48,2,40,0,0,push:346d release:1890d commits:342 active_maint:2 closed:44 merged:40,https://science.ecosyste.ms/projects/1986
162,Visions,https://github.com/dylan-profiler/visions,dormant,93.0,22.203184597741426,0,Scientific Software,Peer-reviewed,Python,dylan-profiler,dylan-profiler,organization,,,"conda,pypi",visions,1072345,722,6,2,222,0,544,,64,12,9,2,0.3770491803278688,0.11111111111111116,1,0,"",2,0,0,0,0,0,push:64d release:544d commits:9 active_maint:0 closed:0 merged:0,https://science.ecosyste.ms/projects/2258
163,scikit-posthocs,https://github.com/maximtrp/scikit-posthocs,active,95.0,20.194548761424254,0,Scientific Software,Peer-reviewed,Python,maximtrp,Maksim Terpilovskii,user,,,"go,pypi,conda","github.com/maximtrp/scikit-posthocs,scikit-posthocs",91184,79,16,1,384,0,488,,65,19,19,4,0.0745697896749522,0.21052631578947367,0,0,"",1,3,0,1,0,0,push:65d release:488d commits:19 active_maint:0 closed:1 merged:1,https://science.ecosyste.ms/projects/2599
164,NeuralHydrology --- A Python library for Deep Learning research in hydrology,https://github.com/neuralhydrology/neuralhydrology,active,100.0,15.190866310044944,0,Scientific Software,Peer-reviewed,Python,neuralhydrology,Neural Hydrology,organization,,https://neuralhydrology.github.io/,"go,pypi","github.com/neuralhydrology/neuralhydrology,neuralhydrology",442,1,0,1,564,0,502,,114,23,15,7,0.5640000000000001,0.6,1,1,gauchm,8,17,3,8,0,0,push:114d release:502d commits:15 active_maint:1 closed:14 merged:8,https://science.ecosyste.ms/projects/1587
165,MNE-LSL,https://github.com/mne-tools/mne-lsl,active,100.0,15.139631598652874,0,Scientific Software,Peer-reviewed,Python,mne-tools,MNE tools for MEG and EEG data analysis,organization,,http://mne.tools,pypi,mne-lsl,2862,0,1,2,90,0,373,,6,17,123,7,0.5366999412800939,0.6260162601626016,7,2,"mscheltienne,larsoner",3,66,1,52,0,0,push:6d release:373d commits:37 active_maint:2 closed:55 merged:52,https://science.ecosyste.ms/projects/58
166,effectsize,https://github.com/easystats/effectsize,dormant,95.0,20.137178537304884,0,Scientific Software,Peer-reviewed,R,easystats,easystats,organization,,https://easystats.github.io/easystats/,"cran,go,conda","effectsize,github.com/easystats/effectsize,r-effectsize",53521,49,25,1,352,0,429,,29,16,22,5,0.26617826617826623,0.5454545454545454,6,1,mattansb,8,19,4,16,0,0,push:29d release:429d commits:11 active_maint:1 closed:21 merged:16,https://science.ecosyste.ms/projects/2015
167,unyt,https://github.com/yt-project/unyt,active,95.0,20.136278240703877,0,Scientific Software,Peer-reviewed,Python,yt-project,The yt project,organization,,http://yt-project.org/,"conda,pypi",unyt,34479,51,20,3,381,0,504,,9,38,69,5,0.6585365853658536,0.7536231884057971,4,2,"neutrinoceros,jzuhone",8,36,2,27,0,0,push:9d release:504d commits:40 active_maint:2 closed:30 merged:27,https://science.ecosyste.ms/projects/2791
168,SkyPy,https://github.com/skypyproject/skypy,active,100.0,15.127896234763611,0,Scientific Software,Peer-reviewed,Python,skypyproject,SkyPy Project,organization,,skypyproject.org,"conda,pypi",skypy,890,3,2,3,127,0,536,,38,21,12,1,0.5295698924731183,0.0,4,0,"",1,4,0,3,0,0,push:38d release:536d commits:12 active_maint:0 closed:3 merged:3,https://science.ecosyste.ms/projects/1770
169,ALNS,https://github.com/n-wouda/alns,dormant,98.0,17.103584033350767,0,Scientific Software,Peer-reviewed,Python,N-Wouda,Niels Wouda,user,,https://nielswouda.com,pypi,alns,6096,2,1,1,635,0,647,,520,8,0,0,0.149171270718232,0.0,2,1,N-Wouda,5,2,3,2,0,0,push:520d release:647d commits:0 active_maint:1 closed:5 merged:2,https://science.ecosyste.ms/projects/1273
170,PlatiPy,https://github.com/pyplati/platipy,dormant,100.0,15.093590334443432,0,Scientific Software,Peer-reviewed,Python,pyplati,pyplati,organization,,,pypi,platipy,1125,9,3,1,150,0,750,,71,13,3,3,0.4053333333333333,0.6666666666666667,2,0,"",2,4,0,1,0,0,push:71d release:750d commits:2 active_maint:0 closed:1 merged:1,https://science.ecosyste.ms/projects/1086
171,Matching,https://github.com/daffidwilde/matching,dormant,100.0,15.055348934015234,0,Scientific Software,Peer-reviewed,Python,daffidwilde,Henry Wilde,user,Dŵr Cymru Welsh Water,,"pypi,conda",matching,3615,33,0,1,167,0,1030,,300,5,0,0,0.03649635036496346,0.0,1,0,"",3,4,3,3,0,0,push:300d release:1030d commits:0 active_maint:0 closed:6 merged:3,https://science.ecosyste.ms/projects/2253
172,small_gicp,https://github.com/koide3/small_gicp,dormant,98.0,17.046540777999894,0,Scientific Software,Peer-reviewed,C++,koide3,,user,AIST,https://staff.aist.go.jp/k.koide/,pypi,small-gicp,3752,0,1,1,979,0,720,,8,10,3,2,0.11038961038961037,0.33333333333333337,1,0,"",7,0,1,0,0,0,push:8d release:720d commits:3 active_maint:0 closed:1 merged:0,https://science.ecosyste.ms/projects/547
173,Managing Larger Data on a GitHub Repository,https://github.com/ropensci/piggyback,dormant,95.0,20.028458118456165,0,Scientific Software,Peer-reviewed,R,ropensci,rOpenSci,organization,,https://ropensci.org/,"cran,conda,go,spack","piggyback,r-piggyback,github.com/ropensci/piggyback",119090,30,4,1,203,0,1051,,262,19,2,2,0.38557993730407525,0.5,7,1,mpadge,1,3,0,3,0,0,push:262d release:1051d commits:2 active_maint:1 closed:3 merged:3,https://science.ecosyste.ms/projects/2764
174,Foolbox Native,https://github.com/bethgelab/foolbox,active,95.0,20.0244379919212,0,Scientific Software,Peer-reviewed,Python,bethgelab,Bethge Lab,organization,,http://bethgelab.org,"conda,go,pypi","foolbox,github.com/bethgelab/foolbox",4305,132,3,2,2972,0,878,,239,35,0,0,0.36395267919276275,0.0,4,0,"",0,0,0,0,0,0,push:239d release:878d commits:0 active_maint:0 closed:0 merged:0,https://science.ecosyste.ms/projects/2114
175,A Module for Calibrating Impact Functions in the Climate Risk Modeling Platform CLIMADA,https://github.com/climada-project/climada_python,active,98.0,17.014612155133022,0,Scientific Software,Peer-reviewed,Jupyter Notebook,CLIMADA-project,Weather and Climate Risks Group,organization,,www.wcr.ethz.ch,"pypi,go","climada-petals,climada,github.com/CLIMADA-project/climada_python,github.com/climada-project/climada_python",742,1,1,1,461,0,504,,15,75,43,11,0.7560861423220974,0.5116279069767442,36,14,"spjuhel,peanutfun,ValentinGebhart,chahank,emanuel-schmid,ChrisFairless,elianekobler,luseverin,sarah-hlsn,bguillod,Evelyn-M,simonameiler,timschmi95,zachariaslumerding",41,54,14,21,0,0,push:15d release:504d commits:43 active_maint:14 closed:39 merged:21,https://science.ecosyste.ms/projects/573
176,GCM-Filters,https://github.com/ocean-eddy-cpt/gcm-filters,dormant,100.0,14.902945950522177,0,Scientific Software,Peer-reviewed,Python,ocean-eddy-cpt,Ocean Eddy CPT,organization,,https://ocean-eddy-cpt.github.io,"conda,pypi","gcm_filters,gcm-filters",3778,4,0,1,48,0,624,,329,14,0,0,0.42138364779874216,0.0,3,0,"",4,13,1,11,0,0,push:329d release:624d commits:0 active_maint:0 closed:12 merged:11,https://science.ecosyste.ms/projects/1608
177,OpenOA,https://github.com/nrel/openoa,dormant,100.0,14.887951341018614,0,Scientific Software,Peer-reviewed,Jupyter Notebook,NREL,National Renewable Energy Laboratory,organization,,http://www.nrel.gov,"go,pypi","github.com/NREL/OpenOA,openoa,github.com/nrel/openoa",488,2,1,2,209,0,545,,416,26,4,2,0.7011308562197092,0.25,7,2,"RHammond2,ejsimley",5,12,1,9,0,0,push:416d release:545d commits:4 active_maint:2 closed:10 merged:9,https://science.ecosyste.ms/projects/1970
178,"Fast, Consistent Tokenization of Natural Language Text",https://github.com/ropensci/tokenizers,unknown,95.0,19.874143827477123,0,Scientific Software,Peer-reviewed,R,ropensci,rOpenSci,organization,,https://ropensci.org/,"cran,go","tokenizers,github.com/ropensci/tokenizers",33219,39,20,1,188,0,1316,,855,13,0,0,0.18229166666666663,0.0,6,0,"",0,0,0,0,0,0,push:855d release:1316d commits:0 active_maint:0 closed:0 merged:0,https://science.ecosyste.ms/projects/2882
179,f90nml - A Python module for Fortran namelists,https://github.com/marshallward/f90nml,active,95.0,19.849254884507562,0,Scientific Software,Peer-reviewed,Python,marshallward,Marshall Ward,user,@noaa-gfdl,http://marshallward.org,"conda,pypi,spack","f90nml,py-f90nml",93652,118,35,1,149,0,476,,13,27,15,2,0.20512820512820518,0.2666666666666667,1,1,marshallward,5,7,2,5,0,0,push:13d release:476d commits:15 active_maint:1 closed:7 merged:5,https://science.ecosyste.ms/projects/2544
180,performance,https://github.com/easystats/performance,active,93.0,21.817718036095638,0,Scientific Software,Peer-reviewed,R,easystats,easystats,organization,,https://easystats.github.io/easystats/,"cran,conda,go","performance,r-performance,github.com/easystats/performance",81980,71,34,1,1149,0,334,,0,23,78,9,0.23498694516971275,0.28205128205128205,7,4,"strengejacke,mattansb,DominiqueMakowski,rempsyc",26,32,11,18,0,0,push:0d release:334d commits:68 active_maint:4 closed:33 merged:18,https://science.ecosyste.ms/projects/1913
181,Aurora,https://github.com/simpeg/aurora,active,100.0,14.808295555385113,0,Scientific Software,Peer-reviewed,Jupyter Notebook,simpeg,SimPEG,organization,,http://simpeg.xyz,"pypi,conda",aurora,2722,1,0,3,27,0,361,,94,10,239,3,0.16242661448140905,0.506276150627615,5,2,"kkappler,kujaku11",5,7,0,3,0,0,push:94d release:361d commits:233 active_maint:2 closed:3 merged:3,https://science.ecosyste.ms/projects/529
182,EarthPy,https://github.com/earthlab/earthpy,dormant,95.0,19.77317943055001,0,Scientific Software,Peer-reviewed,Python,earthlab,Earth Lab,organization,,https://www.earthdatascience.org/,"go,conda,pypi","github.com/earthlab/earthpy,earthpy",15892,91,16,3,535,0,437,,108,38,9,1,0.53220696937698,0.0,2,0,"",2,6,0,4,0,0,push:108d release:437d commits:9 active_maint:0 closed:4 merged:4,https://science.ecosyste.ms/projects/2394
183,toqito -- Theory of quantum information toolkit,https://github.com/vprusso/toqito,active,100.0,14.76497413607278,0,Scientific Software,Peer-reviewed,Python,vprusso,Vincent Russo,user,Modellicity,http://vprusso.github.io/,"pypi,go","qustop,toqito,github.com/vprusso/toqito",124,1,0,1,254,0,443,,330,87,640,34,0.5171868826550771,0.49375,4,2,"purva-thakre,vprusso",16,71,4,51,0,0,push:330d release:443d commits:560 active_maint:2 closed:61 merged:51,https://science.ecosyste.ms/projects/1896
184,Generating CodeMeta Metadata for R Packages,https://github.com/ropensci/codemetar,active,95.0,19.64936034223153,0,Scientific Software,Peer-reviewed,R,ropensci,rOpenSci,organization,,https://ropensci.org/,"conda,cran","r-codemetar,codemetar",757,13,6,1,67,0,367,,170,42,16,3,0.5224839400428265,0.1875,11,1,cboettig,2,0,0,0,0,0,push:170d release:367d commits:16 active_maint:1 closed:0 merged:0,https://science.ecosyste.ms/projects/2960
185,mpi4jax,https://github.com/mpi4jax/mpi4jax,dormant,100.0,14.603230373682074,0,Scientific Software,Peer-reviewed,Python,mpi4jax,mpi4jax,organization,,,"pypi,go,conda,spack","mpi4jax,github.com/mpi4jax/mpi4jax,py-mpi4jax",604,1,2,2,537,0,368,,13,7,16,2,0.6114649681528662,0.1875,2,1,dionhaefner,6,18,2,9,0,0,push:13d release:368d commits:3 active_maint:1 closed:18 merged:9,https://science.ecosyste.ms/projects/1777
186,eo-tides,https://github.com/geoscienceaustralia/eo-tides,active,100.0,14.56240701451841,0,Scientific Software,Peer-reviewed,Python,GeoscienceAustralia,Geoscience Australia,organization,,http://www.ga.gov.au/,pypi,eo-tides,4089,0,0,1,106,0,346,,34,7,29,3,0.06052631578947365,0.3793103448275862,3,1,robbibt,8,25,5,18,0,0,push:34d release:346d commits:19 active_maint:1 closed:26 merged:18,https://science.ecosyste.ms/projects/148
187,"Helper for Bézier Curves, Triangles, and Higher Order Objects",https://github.com/dhermes/bezier,dormant,93.0,21.47965552167663,0,Scientific Software,Peer-reviewed,Python,dhermes,Danny Hermes,user,Co-founder @hardfinhq,https://bossylobster.com,"pypi,conda","bezier,libbezier",541419,65,16,1,280,0,769,,584,11,0,0,0.021276595744680882,0.0,1,0,"",3,0,1,0,0,0,push:584d release:769d commits:0 active_maint:0 closed:1 merged:0,https://science.ecosyste.ms/projects/3009
188,sympy,https://github.com/sympy/sympy,active,77.0,37.46686920556364,0,,,Python,sympy,SymPy,organization,,https://sympy.org/,"pypi,conda",sympy,68152457,17212,1238,3,14803,0,332,,5,1491,1329,141,0.9083207382069843,0.9006772009029346,35,8,"oscarbenjamin,asmeurer,ellisonbg,smichr,aasim-maverick,haru-44,isuruf,moorepants",71,143,25,50,0,0,push:5d release:332d commits:1322 active_maint:8 closed:98 merged:50,https://science.ecosyste.ms/projects/54304
189,pyABC,https://github.com/icb-dcm/pyabc,active,98.0,16.462786025983917,0,Scientific Software,Peer-reviewed,Python,ICB-DCM,Data-driven Computational Modelling,organization,,https://www.mathematics-and-life-sciences.uni-bonn.de/de?setlanguage=en,pypi,pyabc,3984,9,3,5,220,0,433,,63,14,13,1,0.5222222222222221,0.0,7,3,"arrjon,dweindl,kilianvolmer",3,10,2,6,0,0,push:63d release:433d commits:13 active_maint:3 closed:9 merged:6,https://science.ecosyste.ms/projects/1484
190,CloudnetPy,https://github.com/actris-cloudnet/cloudnetpy,active,100.0,14.449824511202113,0,Scientific Software,Peer-reviewed,Python,actris-cloudnet,ACTRIS Cloudnet,organization,,https://cloudnet.fmi.fi/,"pypi,go","cloudnetpy,github.com/actris-cloudnet/cloudnetpy",3017,1,1,3,51,0,336,,10,15,290,6,0.3348519362186788,0.506896551724138,0,0,"",2,13,1,10,0,0,push:10d release:336d commits:290 active_maint:0 closed:12 merged:10,https://science.ecosyste.ms/projects/2134
191,insight,https://github.com/easystats/insight,active,93.0,21.37897552866311,0,Scientific Software,Peer-reviewed,R,easystats,easystats,organization,,https://easystats.github.io/easystats/,"go,cran,conda","github.com/easystats/insight,insight,r-insight",151000,81,41,1,438,0,331,,7,23,146,7,0.15371968762844224,0.12328767123287676,6,3,"strengejacke,DominiqueMakowski,rempsyc",27,47,18,30,0,0,push:7d release:331d commits:146 active_maint:3 closed:49 merged:30,https://science.ecosyste.ms/projects/2530
192,scores,https://github.com/nci/scores,active,98.0,16.36621618418221,0,Scientific Software,Peer-reviewed,Python,nci,NCI,organization,,http://nci.org.au/,pypi,scores,2229,2,0,1,222,0,369,,16,34,177,19,0.5375139977603584,0.672316384180791,14,7,"nicholasloveday,tennlee,Steph-Chong,rob-taggart,mareecarroll,esteban-abellan,reza-armuei",37,69,20,41,0,0,push:16d release:369d commits:177 active_maint:7 closed:62 merged:41,https://science.ecosyste.ms/projects/609
193,Inscriptis - A Python-based HTML to text conversion library optimized for knowledge extraction from the Web,https://github.com/weblyzard/inscriptis,active,93.0,21.36470180790967,0,Scientific Software,Peer-reviewed,Python,weblyzard,webLyzard technology,organization,,https://www.weblyzard.com,pypi,inscriptis,590127,81,10,3,345,0,495,,7,12,48,5,0.09999999999999998,0.29166666666666663,2,0,"",7,17,5,16,0,0,push:7d release:495d commits:38 active_maint:0 closed:21 merged:16,https://science.ecosyste.ms/projects/1720
194,torchquad,https://github.com/esa/torchquad,active,100.0,14.313997775694029,0,Scientific Software,Peer-reviewed,Python,esa,European Space Agency,organization,,http://www.esa.int,"conda,pypi",torchquad,568,4,0,1,225,0,361,,6,13,41,1,0.5751937984496124,0.0,5,1,gomezzz,7,19,6,12,0,0,push:6d release:361d commits:41 active_maint:1 closed:20 merged:12,https://science.ecosyste.ms/projects/1782
195,EZyRB,https://github.com/mathlab/ezyrb,active,100.0,14.30466954624975,0,Scientific Software,Peer-reviewed,Jupyter Notebook,mathLab,SISSA mathLab,organization,,http://mathlab.sissa.it,"conda,pypi",ezyrb,699,1,2,1,96,0,1458,,66,25,53,7,0.4986876640419947,0.6415094339622642,4,2,"kshitij-maths,ndem0",6,20,2,15,0,0,push:66d release:1458d commits:53 active_maint:2 closed:18 merged:15,https://science.ecosyste.ms/projects/2871
196,optimade-python-tools,https://github.com/materials-consortia/optimade-python-tools,active,95.0,19.280979395202536,0,Scientific Software,Peer-reviewed,Python,Materials-Consortia,Open Databases Integration for Materials Design,organization,,https://www.optimade.org,"go,conda,pypi","github.com/materials-consortia/optimade-python-tools,github.com/Materials-Consortia/optimade-python-tools,optimade",15496,13,2,5,91,0,353,,9,35,84,10,0.6061502069781195,0.6904761904761905,6,3,"ml-evs,eimrek,d-beltran",6,61,1,16,0,0,push:9d release:353d commits:52 active_maint:3 closed:27 merged:16,https://science.ecosyste.ms/projects/1757
197,Nimbus,https://github.com/xuanxu/nimbus,dormant,98.0,16.240817404379985,0,Scientific Software,Peer-reviewed,Ruby,xuanxu,Juanjo Bazán,user,,http://juanjobazan.com,rubygems,nimbus,0,2,0,1,59,0,1239,,52,3,2,1,0.009708737864077666,0.0,1,0,"",0,0,0,0,0,0,push:52d release:1239d commits:2 active_maint:0 closed:0 merged:0,https://science.ecosyste.ms/projects/3001
198,open-clip-torch,https://github.com/mlfoundations/open_clip,active,85.0,29.215620575040013,0,,,Python,mlfoundations,mlfoundations,organization,,https://people.csail.mit.edu/ludwigs/,"pypi,go,spack","open-clip-torch,github.com/mlfoundations/open_clip,open-clip-torch-any-py3,py-open-clip-torch",6609878,1154,76,2,14020,0,358,,13,69,146,10,0.48527349228611505,0.1095890410958904,6,1,rwightman,4,13,4,6,0,0,push:13d release:358d commits:146 active_maint:1 closed:11 merged:6,https://science.ecosyste.ms/projects/37511
199,OpenSpace,https://github.com/openspace/openspace,active,100.0,14.206254506224377,0,Scientific Software,Peer-reviewed,C++,OpenSpace,OpenSpace,organization,,http://openspaceproject.com,pypi,openspace-api,15,0,0,1,1207,0,391,,13,68,514,15,0.6154127768625297,0.311284046692607,3,2,"alexanderbock,engbergandreas",65,43,18,17,0,0,push:13d release:391d commits:514 active_maint:2 closed:35 merged:17,https://science.ecosyste.ms/projects/3012
200,spopt,https://github.com/pysal/spopt,active,95.0,19.203601286208094,0,Scientific Software,Peer-reviewed,Python,pysal,Python Spatial Analysis Library,organization,,,"pypi,conda",spopt,27990,35,3,3,379,0,381,,23,24,22,5,0.5898305084745763,0.7272727272727273,7,2,"gegen07,jGaboardi",2,16,1,6,0,0,push:23d release:381d commits:18 active_maint:2 closed:7 merged:6,https://science.ecosyste.ms/projects/1492
201,simstudy,https://github.com/kgoldfeld/simstudy,active,100.0,14.15890875465622,0,Scientific Software,Peer-reviewed,R,kgoldfeld,,user,,,cran,simstudy,949,6,3,1,85,0,731,,35,15,27,3,0.737579617834395,0.4444444444444444,2,1,kgoldfeld,9,8,5,5,0,0,push:35d release:731d commits:27 active_maint:1 closed:11 merged:5,https://science.ecosyste.ms/projects/2070
202,HyperCoast,https://github.com/opengeos/hypercoast,active,98.0,16.14291479212898,0,Scientific Software,Peer-reviewed,Python,opengeos,Open Geospatial Solutions,organization,,https://opengeos.github.io,"go,pypi","github.com/opengeos/HyperCoast,hypercoast,github.com/opengeos/hypercoast",5247,0,0,2,283,0,342,,3,12,123,8,0.2096219931271478,0.29268292682926833,4,1,giswqs,6,56,3,46,0,0,push:3d release:342d commits:93 active_maint:1 closed:49 merged:46,https://science.ecosyste.ms/projects/522
203,Windrose,https://github.com/python-windrose/windrose,dormant,95.0,19.12698301562129,0,Scientific Software,Peer-reviewed,Python,python-windrose,python-windrose,organization,,,"go,conda,pypi","github.com/python-windrose/windrose,windrose",15371,30,9,2,358,0,730,,2,26,50,4,0.544578313253012,0.48,4,2,"ocefpaf,s-celles",3,38,2,33,0,0,push:2d release:730d commits:11 active_maint:2 closed:36 merged:33,https://science.ecosyste.ms/projects/2772
204,Visualizations with statistical details,https://github.com/indrajeetpatil/ggstatsplot,active,95.0,19.12304630438639,0,Scientific Software,Peer-reviewed,R,IndrajeetPatil,Indrajeet Patil,user,,https://sites.google.com/site/indrajeetspatilmorality/,"cran,conda","ggstatsplot,r-ggstatsplot",7585,11,3,1,2182,0,447,,88,12,74,3,0.1363872982821447,0.18918918918918914,1,1,IndrajeetPatil,8,18,6,14,0,0,push:88d release:447d commits:64 active_maint:1 closed:20 merged:14,https://science.ecosyste.ms/projects/1880
205,'Spectrum',https://github.com/cokelaer/spectrum,dormant,95.0,19.11299644893228,0,Scientific Software,Peer-reviewed,Python,cokelaer,Thomas Cokelaer,user,Institut Pasteur,http://thomas-cokelaer.info/,"pypi,conda",spectrum,26201,68,5,1,374,0,599,,146,22,19,2,0.14371257485029942,0.052631578947368474,1,0,"",0,1,0,1,0,0,push:146d release:599d commits:1 active_maint:0 closed:1 merged:1,https://science.ecosyste.ms/projects/2968
206,spaghetti,https://github.com/pysal/spaghetti,active,95.0,19.07255795466609,0,Scientific Software,Peer-reviewed,Python,pysal,Python Spatial Analysis Library,organization,,,"pypi,conda",spaghetti,28156,41,2,5,284,0,356,,10,24,9,2,0.1652131782945736,0.11111111111111116,2,0,"",0,17,0,6,0,0,push:10d release:356d commits:0 active_maint:0 closed:11 merged:6,https://science.ecosyste.ms/projects/1874
207,Confidence Intervals for Random Forests in Python,https://github.com/scikit-learn-contrib/forest-confidence-interval,dead,95.0,19.058704525682828,0,Scientific Software,Peer-reviewed,HTML,scikit-learn-contrib,scikit-learn-contrib,organization,,http://contrib.scikit-learn.org,"pypi,conda",forestci,35665,39,4,3,288,0,1396,,5,18,0,0,0.5655430711610487,0.0,4,0,"",2,2,0,0,0,0,push:5d release:1396d commits:0 active_maint:0 closed:0 merged:0,https://science.ecosyste.ms/projects/2962
208,PsychroLib,https://github.com/psychrometrics/psychrolib,dormant,95.0,19.044561026197723,0,Scientific Software,Peer-reviewed,C#,,,,,,"cran,nuget,pypi",psychrolib,34919,9,2,1,296,0,1888,,1301,9,0,0,0.4299065420560748,0.0,0,0,"",0,3,0,0,0,0,push:1301d release:1888d commits:0 active_maint:0 closed:1 merged:0,https://science.ecosyste.ms/projects/2685
209,ggalluvial,https://github.com/corybrunson/ggalluvial,dormant,95.0,19.004803839505374,0,Scientific Software,Peer-reviewed,R,corybrunson,Cory Brunson,user,@LaboratoryForSystemsMedicine,http://systemsmedicine.pulmonary.medicine.ufl.edu/profile/brunson-jason/,"conda,go,cran","r-ggalluvial,github.com/corybrunson/ggalluvial,ggalluvial",20693,79,12,1,521,0,1254,,124,8,9,2,0.40922619047619047,0.11111111111111116,1,1,corybrunson,12,1,2,0,0,0,push:124d release:1254d commits:9 active_maint:1 closed:2 merged:0,https://science.ecosyste.ms/projects/2239
210,mpl-interactions,https://github.com/mpl-extensions/mpl-interactions,dead,95.0,18.969645265150735,0,Scientific Software,Peer-reviewed,Python,mpl-extensions,mpl-extensions,organization,,,pypi,mpl-interactions,54365,9,5,1,143,0,688,,24,15,0,0,0.2791519434628975,0.0,1,0,"",0,1,0,0,0,0,push:24d release:688d commits:0 active_maint:0 closed:0 merged:0,https://science.ecosyste.ms/projects/844
211,splot - visual analytics for spatial statistics,https://github.com/pysal/splot,active,95.0,18.964294377636477,0,Scientific Software,Peer-reviewed,Jupyter Notebook,pysal,Python Spatial Analysis Library,organization,,,"pypi,conda",splot,26329,49,4,3,101,0,351,,405,53,0,0,0.6648920437740313,0.0,8,0,"",2,3,1,3,0,0,push:405d release:351d commits:0 active_maint:0 closed:4 merged:3,https://science.ecosyste.ms/projects/2268
212,ndcube,https://github.com/sunpy/ndcube,active,95.0,18.95623741859436,0,Scientific Software,Peer-reviewed,Python,sunpy,SunPy,organization,,https://www.sunpy.org,"pypi,conda",ndcube,40308,17,10,2,48,0,413,,7,40,109,10,0.6237772761474794,0.6055045871559632,10,6,"Cadair,nabobalis,DanRyanIrish,alasdairwilson,CyclingNinja,wtbarnes",10,45,2,29,0,0,push:7d release:413d commits:102 active_maint:6 closed:35 merged:29,https://science.ecosyste.ms/projects/989
213,pylustrator,https://github.com/rgerum/pylustrator,active,100.0,13.90043976874958,0,Scientific Software,Peer-reviewed,Python,rgerum,Richard Gerum,user,York University,,"pypi,conda",pylustrator,130,4,0,1,894,0,1248,,19,9,33,3,0.5113207547169811,0.2727272727272727,1,1,rgerum,1,16,1,12,0,0,push:19d release:1248d commits:27 active_maint:1 closed:16 merged:12,https://science.ecosyste.ms/projects/2186
214,Augmenty,https://github.com/kennethenevoldsen/augmenty,unknown,98.0,15.891897438914881,0,Scientific Software,Peer-reviewed,Python,KennethEnevoldsen,Kenneth Enevoldsen,user,Center for Humanities Computing Aarhus,kennethEnevoldsen.com,pypi,augmenty,5074,1,4,1,156,0,863,,797,10,0,0,0.5084745762711864,0.0,2,0,"",0,0,0,0,0,0,push:797d release:863d commits:0 active_maint:0 closed:0 merged:0,https://science.ecosyste.ms/projects/726
215,textnets,https://github.com/jboynyc/textnets,dormant,100.0,13.870992567423277,0,Scientific Software,Peer-reviewed,Python,jboynyc,John Boy,user,Leiden University,https://www.jboy.space,"conda,pypi",textnets,403,1,0,1,294,0,489,,77,9,5,1,0.04088397790055254,0.0,1,0,"",1,0,1,0,0,0,push:77d release:489d commits:5 active_maint:0 closed:1 merged:0,https://science.ecosyste.ms/projects/2093
216,Ripser.py,https://github.com/scikit-tda/ripser.py,dormant,95.0,18.864667077039247,0,Scientific Software,Peer-reviewed,C++,scikit-tda,Scikit-TDA,organization,,scikit-tda.org,"pypi,conda",ripser,20641,31,10,3,334,0,509,,33,24,18,3,0.6527777777777778,0.38888888888888884,3,0,"",4,29,2,12,0,0,push:33d release:509d commits:7 active_maint:0 closed:19 merged:12,https://science.ecosyste.ms/projects/2770
217,Talisman,https://github.com/yomguithereal/talisman,dormant,93.0,20.86463034669815,0,Scientific Software,Peer-reviewed,JavaScript,Yomguithereal,Guillaume Plique,user,médialab - Sciences Po,https://yomguithereal.github.io/,"npm,go","talisman,github.com/Yomguithereal/talisman,github.com/yomguithereal/talisman",70476,20812,48,1,730,0,2016,,767,11,0,0,0.02197802197802201,0.0,1,1,Yomguithereal,1,0,0,0,0,0,push:767d release:2016d commits:0 active_maint:1 closed:0 merged:0,https://science.ecosyste.ms/projects/2057
218,osmdata,https://github.com/ropensci/osmdata,active,93.0,20.862214570496015,0,Scientific Software,Peer-reviewed,R,ropensci,rOpenSci,organization,,https://ropensci.org/,"cran,go","osmdata,github.com/ropensci/osmdata",5735,50,14,1,341,0,341,,12,35,89,3,0.2963176064441887,0.2921348314606742,5,2,"jmaspons,mpadge",11,37,7,28,0,0,push:12d release:341d commits:85 active_maint:2 closed:35 merged:28,https://science.ecosyste.ms/projects/3018
219,PowerAPI,https://github.com/powerapi-ng/powerapi,active,100.0,13.847561398129407,0,Scientific Software,Peer-reviewed,Python,powerapi-ng,PowerAPI,organization,,http://powerapi.org,"pypi,go","powerapi,github.com/powerapi-ng/powerapi",243,4,0,1,250,0,490,,6,15,326,2,0.7350961538461538,0.3803680981595092,0,0,"",1,166,0,131,0,0,push:6d release:490d commits:124 active_maint:0 closed:135 merged:131,https://science.ecosyste.ms/projects/665
220,NOMAD CAMELS,https://github.com/fau-lap/nomad-camels,active,100.0,13.822835663749341,0,Scientific Software,Peer-reviewed,Python,FAU-LAP,LAP@FAU,organization,,https://www.lap.physik.nat.fau.de,pypi,"nomad-camels-extension-elabftw,nomad-camels-driver-keysight-b2912a,nomad-camels-driver-sweepme-device,nomad-camels-driver-pi-stage-e709,nomad-camels-driver-mechonics-cu30cl,nomad-camels-driver-rhode-and-schwarz-smp-02,nomad-camels-driver-keithley-2000,nomad-camels-driver-leybold-c-move-1250,nomad-camels-driver-eurotherm-bisynch,nomad-camels-driver-cam-control-pylablib,nomad-camels-driver-ni-daq,nomad-camels-driver-zaber-rst240b-e08,nomad-camels-sandbox,nomad-camels-driver-agilent-34401a,nomad-camels-driver-keithley-6221,nomad-camels-driver-andor-shamrock-500,nomad-camels-driver-keithley-220,nomad-camels-driver-demo-instrument,nomad-camels-driver-demo-source-measure-unit,nomad-camels-driver-swabianinstruments-timetagger,nomad-camels-driver-trinamic-tmcm-1110,nomad-camels,nomad-camels-driver-keysight-e5270b,nomad-camels-driver-thorlabs-mff,nomad-camels-driver-cryovac-tic-500,nomad-camels-driver-thorlabs-k10cr1,nomad-camels-driver-voltcraft-pps,nomad-camels-driver-pid,nomad-camels-driver-demo-digital-multimeter,nomad-camels-driver-agilent-34970,nomad-camels-driver-lakeshore-f41,nomad-camels-driver-zurich-instruments-mfli,nomad-camels-driver-zurichinstruments-uhfli-600,nomad-camels-driver-thorlabs-tlpm,nomad-camels-driver-voltcraft-psp,nomad-camels-driver-keithley-2400,nomad-camels-driver-agilent-33220a,nomad-camels-driver-keithley-237,nomad-camels-driver-keithley-2182a,nomad-camels-driver-andor-newton,nomad-camels-driver-thorlabs-ddr-25,nomad-camels-eurotherm-bisynch,nomad-camels-driver-agilent-e363x",6561,1,18,1,20,0,336,,19,11,132,4,0.3305747126436782,0.25,4,4,"A-D-Fuchs,lapmk,Jo-Leh,Tanmay2028",15,7,3,6,0,0,push:19d release:336d commits:132 active_maint:4 closed:9 merged:6,https://science.ecosyste.ms/projects/788
221,CCA-Zoo,https://github.com/jameschapman19/cca_zoo,dormant,100.0,13.820545859528814,0,Scientific Software,Peer-reviewed,Python,jameschapman19,James Chapman,user,UCL,https://jameschapman19.github.io,pypi,cca-zoo,1030,3,0,1,224,0,832,,117,5,10,1,0.01285634432643934,0.0,1,1,jameschapman19,0,2,0,2,0,0,push:117d release:832d commits:10 active_maint:1 closed:2 merged:2,https://science.ecosyste.ms/projects/1655
222,TE-dependent analysis of multi-echo fMRI with tedana,https://github.com/me-ica/tedana,active,95.0,18.80371666798212,0,Scientific Software,Peer-reviewed,Python,ME-ICA,ME-ICA,organization,,https://me-ica.github.io,pypi,tedana,13747,13,2,3,188,0,419,,16,44,126,9,0.6579861111111112,0.5476190476190477,10,3,"tsalo,handwerkerd,eurunuela",20,80,8,51,0,0,push:16d release:419d commits:67 active_maint:3 closed:68 merged:51,https://science.ecosyste.ms/projects/1733
223,pymatgen-analysis-defects,https://github.com/materialsproject/pymatgen-analysis-defects,dormant,95.0,18.770585431337445,0,Scientific Software,Peer-reviewed,Python,materialsproject,Materials Project,organization,,https://www.materialsproject.org,pypi,pymatgen-analysis-defects,240484,2,10,1,67,0,557,,31,12,7,4,0.17775090689238215,0.4285714285714286,5,2,"jmmshn,esoteric-ephemera",2,12,1,5,0,0,push:31d release:557d commits:6 active_maint:2 closed:9 merged:5,https://science.ecosyste.ms/projects/858
224,Jupyter Scatter,https://github.com/flekschas/jupyter-scatter,active,98.0,15.760600370635684,0,Scientific Software,Peer-reviewed,Python,flekschas,Fritz Lekschas,user,,https://lekschas.de,"npm,go,pypi","jupyter-scatter,github.com/flekschas/jupyter-scatter,jupyter-scatter-scsketch",2192,1,1,1,469,0,336,,8,8,73,4,0.25117370892018775,0.3972602739726028,3,1,flekschas,3,15,1,11,0,0,push:8d release:336d commits:29 active_maint:1 closed:12 merged:11,https://science.ecosyste.ms/projects/505
225,Caustics,https://github.com/ciela-institute/caustics,active,100.0,13.734981398658993,0,Scientific Software,Peer-reviewed,Python,Ciela-Institute,Ciela-Institute,organization,,,pypi,caustics,791,0,0,3,57,0,336,,10,14,57,4,0.5464480874316939,0.6666666666666667,11,2,"mjyb16,ConnorStoneAstro",4,33,0,23,0,0,push:10d release:336d commits:35 active_maint:2 closed:23 merged:23,https://science.ecosyste.ms/projects/381
226,matador,https://github.com/ml-evs/matador,dormant,100.0,13.725590226794326,0,Scientific Software,Peer-reviewed,Python,ml-evs,Matthew Evans,user,@modl-uclouvain / @matgenix / @datalab-industries,ml-evs.science,"pypi,go","matador-db,github.com/ml-evs/matador",1298,3,0,1,35,0,470,,179,9,0,0,0.02310231023102305,0.0,2,0,"",0,39,0,2,0,0,push:179d release:470d commits:0 active_maint:0 closed:9 merged:2,https://science.ecosyste.ms/projects/2074
227,multipers,https://github.com/davidlapous/multipers,active,100.0,13.567901399541999,0,Scientific Software,Peer-reviewed,C++,DavidLapous,David Loiseaux,user,Inria Sophia Antipolis,https://www-sop.inria.fr/members/David.Loiseaux/,pypi,multipers,3630,0,0,1,43,0,352,,1,6,796,3,0.07445520581113807,0.08668341708542715,1,1,DavidLapous,4,11,1,7,0,0,push:1d release:352d commits:796 active_maint:1 closed:9 merged:7,https://science.ecosyste.ms/projects/402
228,DMStag,https://gitlab.com/petsc/petsc,active,89.0,24.533141273005803,0,Scientific Software,Peer-reviewed,,petsc,PETSc,organization,,,"conda,pypi","petsc,petsc4py",7853,45,17,3,172,0,337,,,433,1316,71,0.7545518814443304,0.8123100303951367,0,0,"",,,,,0,0,release:337d commits:1316 active_maint:0 closed:0 merged:0,https://science.ecosyste.ms/projects/1334
229,PyAutoGalaxy,https://github.com/jammy2211/pyautogalaxy,active,100.0,13.532578519550551,0,Scientific Software,Peer-reviewed,Python,Jammy2211,James Nightingale,user,Durham University,www.jamesnightingale.net,pypi,autogalaxy,1179,1,1,2,30,0,1890,,346,20,713,10,0.28819652486518876,0.46563814866760167,7,2,"Jammy2211,samlange04",0,56,0,47,0,0,push:346d release:1890d commits:710 active_maint:2 closed:50 merged:47,https://science.ecosyste.ms/projects/1262
230,ssdtools v2,https://github.com/bcgov/ssdtools,active,100.0,13.523019608040084,0,Scientific Software,Peer-reviewed,R,bcgov,bcgov,organization,,https://github.com/bcgov/BC-Policy-Framework-For-GitHub,"cran,go","ssdtools,github.com/bcgov/ssdtools",751,4,1,1,38,0,525,,17,19,96,5,0.048454083987078955,0.07291666666666663,2,1,joethorley,10,16,4,11,0,0,push:17d release:525d commits:96 active_maint:1 closed:19 merged:11,https://science.ecosyste.ms/projects/299
231,Collaborative Container Modules with Singularity Registry HPC,https://github.com/singularityhub/singularity-hpc,dormant,100.0,13.52067093122589,0,Scientific Software,Peer-reviewed,Python,singularityhub,Container Tools,organization,,https://singularityhub.github.io,"spack,pypi",singularity-hpc,273,3,0,2,132,0,474,,229,18,2,2,0.35860655737704916,0.5,1,0,"",2,3,0,2,0,0,push:229d release:474d commits:2 active_maint:0 closed:2 merged:2,https://science.ecosyste.ms/projects/1822
232,Netwulf,https://github.com/benmaier/netwulf,dead,98.0,15.520364826383991,0,Scientific Software,Peer-reviewed,Python,benmaier,Benjamin F. Maier,user,Technical University of Denmark,benmaier.org,pypi,netwulf,2877,12,2,1,302,0,2221,,1279,6,0,0,0.2063492063492064,0.0,2,0,"",1,0,0,0,0,0,push:1279d release:2221d commits:0 active_maint:0 closed:0 merged:0,https://science.ecosyste.ms/projects/2439
233,MNE-ICALabel,https://github.com/mne-tools/mne-icalabel,dormant,98.0,15.470845692137402,0,Scientific Software,Peer-reviewed,Python,mne-tools,MNE tools for MEG and EEG data analysis,organization,,http://mne.tools,"conda,pypi",mne-icalabel,4012,3,3,2,121,0,734,,31,14,63,8,0.7157894736842105,0.39682539682539686,5,1,mscheltienne,4,50,3,40,0,0,push:31d release:734d commits:10 active_maint:1 closed:43 merged:40,https://science.ecosyste.ms/projects/1423
234,Dolphin,https://github.com/isce-framework/dolphin,active,100.0,13.444249755697124,0,Scientific Software,Peer-reviewed,Python,isce-framework,isce-framework,organization,,,pypi,dolphin,673,3,0,3,140,0,344,,38,9,69,5,0.20154185022026427,0.5652173913043479,4,2,"scottstanie,mirzaees",8,44,5,26,0,0,push:38d release:344d commits:31 active_maint:2 closed:31 merged:26,https://science.ecosyste.ms/projects/404
235,HPX - The C++ Standard Library for Parallelism and Concurrency,https://github.com/stellar-group/hpx,active,100.0,13.44096691548306,0,Scientific Software,Peer-reviewed,C++,STEllAR-GROUP,The STE||AR Group,organization,,https://stellar-group.org/,conda,hpx,0,0,1,0,2710,0,1368,,333,293,2029,68,0.6462399646460927,0.8679152291769344,10,2,"hkaiser,Pansysk75",27,142,13,66,0,0,push:333d release:1368d commits:2010 active_maint:2 closed:87 merged:66,https://science.ecosyste.ms/projects/2139
236,PVGeo,https://github.com/opengeovis/pvgeo,dormant,100.0,13.42858257085452,0,Scientific Software,Peer-reviewed,Python,OpenGeoVis,OpenGeoVis: open-source geovisualization tools,organization,,https://opengeovis.org,"go,pypi","github.com/opengeovis/pvgeo,pvgeo,github.com/OpenGeoVis/PVGeo",411,6,1,2,233,0,893,,267,7,2,1,0.019053117782909967,0.0,1,0,"",2,2,0,2,0,0,push:267d release:893d commits:2 active_maint:0 closed:2 merged:2,https://science.ecosyste.ms/projects/2526
237,Sports2D,https://github.com/davidpagnon/sports2d,active,100.0,13.4271857126737,0,Scientific Software,Peer-reviewed,Python,davidpagnon,David PAGNON,user,"CAMERA, University of Bath",http://david-pagnon.com,pypi,sports2d,1193,0,0,1,270,0,342,,20,4,135,2,0.1016129032258064,0.007407407407407418,1,1,davidpagnon,5,3,5,2,0,0,push:20d release:342d commits:135 active_maint:1 closed:7 merged:2,https://science.ecosyste.ms/projects/486
238,The Python Sky Model 3 software,https://github.com/galsci/pysm,active,100.0,13.396257836040814,0,Scientific Software,Peer-reviewed,Python,galsci,Pan-Experiment Galactic Science,organization,,,pypi,pysm3,688,9,2,2,44,0,408,,41,16,112,3,0.0612582781456954,0.0714285714285714,2,1,zonca,6,20,3,8,0,0,push:41d release:408d commits:105 active_maint:1 closed:14 merged:8,https://science.ecosyste.ms/projects/1707
239,The Walrus,https://github.com/xanaduai/thewalrus,dormant,95.0,18.3909548345492,0,Scientific Software,Peer-reviewed,Python,XanaduAI,Xanadu,organization,,http://xanadu.ai,"go,conda,pypi,spack","github.com/xanaduai/thewalrus,github.com/xanaduAI/thewalrus,thewalrus,py-thewalrus",22632,18,4,2,109,0,440,,258,36,3,3,0.369807497467072,0.6666666666666667,8,1,ziofil,2,7,0,2,0,0,push:258d release:440d commits:3 active_maint:1 closed:2 merged:2,https://science.ecosyste.ms/projects/2351
240,Easy SimAuto (ESA),https://github.com/mzy2240/esa,dormant,100.0,13.378232749493442,0,Scientific Software,Peer-reviewed,Python,mzy2240,Zeyu Mao,user,DRW,https://zeyumao.com,"go,pypi","github.com/mzy2240/ESA,esa,github.com/mzy2240/esa",865,1,1,1,53,0,1151,,211,12,1,1,0.5365448504983389,0.0,4,0,"",3,1,0,0,0,0,push:211d release:1151d commits:1 active_maint:0 closed:0 merged:0,https://science.ecosyste.ms/projects/2224
241,MontePy,https://github.com/idaholab/montepy,active,100.0,13.312256199694602,0,Scientific Software,Peer-reviewed,Python,idaholab,Idaho National Laboratory,organization,,https://inl.gov,pypi,montepy,457,0,0,1,66,0,362,,8,15,552,11,0.10603091661223596,0.4311594202898551,6,4,"MicahGale,tjlaboss,kordusas,digvijay-y",34,84,13,53,0,0,push:8d release:362d commits:519 active_maint:4 closed:74 merged:53,https://science.ecosyste.ms/projects/212
242,HNN-core,https://github.com/jonescompneurolab/hnn-core,active,100.0,13.27979267668019,0,Scientific Software,Peer-reviewed,Python,jonescompneurolab,jonescompneurolab,organization,,,pypi,hnn-core,87,3,0,3,82,0,401,,3,43,102,19,0.7829970228250083,0.32352941176470584,10,5,"asoplata,kmilo9999,ntolley,dylansdaniels,katduecker",39,119,6,60,0,0,push:3d release:401d commits:102 active_maint:5 closed:78 merged:60,https://science.ecosyste.ms/projects/894
243,GNOLL,https://github.com/ianfhunter/gnoll,dormant,100.0,13.266143323735896,0,Scientific Software,Peer-reviewed,Python,ianfhunter,Ian Hunter,user,AMD,http://ianhunter.ie,"julia,pypi,go","GnollDiceNotation,gnoll,github.com/ianfhunter/gnoll,dice-tower",294,0,0,1,50,0,452,,122,19,1,1,0.06161673261729794,0.0,1,1,ianfhunter,3,19,0,17,0,0,push:122d release:452d commits:1 active_maint:1 closed:17 merged:17,https://science.ecosyste.ms/projects/1275
244,eyecite,https://github.com/freelawproject/eyecite,dormant,95.0,18.265843178273023,0,Scientific Software,Peer-reviewed,Python,freelawproject,Free Law Project,organization,,https://free.law,pypi,eyecite,19418,3,1,1,252,0,400,,35,21,7,4,0.6170634920634921,0.7142857142857143,4,1,quevon24,5,9,2,0,0,0,push:35d release:400d commits:7 active_maint:1 closed:3 merged:0,https://science.ecosyste.ms/projects/1735
245,ADIOS4DOLFINx,https://github.com/jorgensd/adios4dolfinx,active,100.0,13.258047451346926,0,Scientific Software,Peer-reviewed,Python,jorgensd,Jørgen Schartum Dokken,user,Simula Research Laboratory,https://jsdokken.com/,pypi,adios4dolfinx,3012,0,0,2,32,0,366,,9,6,28,4,0.17727272727272725,0.3571428571428571,2,2,"jorgensd,finsberg",7,36,2,16,0,0,push:9d release:366d commits:20 active_maint:2 closed:21 merged:16,https://science.ecosyste.ms/projects/723
246,PyClustering,https://github.com/annoviko/pyclustering,dead,93.0,20.245515205016282,0,Scientific Software,Peer-reviewed,Python,annoviko,Andrei Novikov,user,,,"conda,pypi",pyclustering,20651,104,10,1,1215,0,2078,,886,23,0,0,0.12594840667678298,0.0,1,0,"",1,1,0,0,0,0,push:886d release:2078d commits:0 active_maint:0 closed:0 merged:0,https://science.ecosyste.ms/projects/2600
247,UXsim,https://github.com/toruseo/uxsim,active,100.0,13.232701882288765,0,Scientific Software,Peer-reviewed,Python,toruseo,Toru Seo,user,Tokyo Institute of Technology,https://toruseo.github.io/,pypi,uxsim,690,0,0,1,251,0,330,,10,6,188,5,0.16946308724832215,0.4414893617021277,1,1,toruseo,18,52,9,40,0,0,push:10d release:330d commits:158 active_maint:1 closed:53 merged:40,https://science.ecosyste.ms/projects/289
248,pyuca,https://github.com/jtauber/pyuca,dead,93.0,20.230436373195346,0,Scientific Software,Peer-reviewed,Python,jtauber,James Tauber,user,,https://jtauber.com/,"conda,pypi,go","pyuca,github.com/jtauber/pyuca",222329,263,10,1,226,0,685,,5,5,0,0,0.13868613138686137,0.0,1,0,"",0,1,0,0,0,0,push:5d release:685d commits:0 active_maint:0 closed:0 merged:0,https://science.ecosyste.ms/projects/3130
249,pynucastro,https://github.com/pynucastro/pynucastro,active,100.0,13.214030565930152,0,Scientific Software,Peer-reviewed,Python,pynucastro,pynucastro,organization,,,pypi,pynucastro,197,1,0,2,78,0,364,,6,23,283,6,0.4274533413606262,0.2791519434628975,8,4,"zingale,zhichen3,melilly,aisclark91",19,136,9,74,0,0,push:6d release:364d commits:275 active_maint:4 closed:91 merged:74,https://science.ecosyste.ms/projects/2885
250,New developments in PySDM and PySDM-examples v2,https://github.com/open-atmos/pysdm,active,95.0,18.207105643653808,0,Scientific Software,Peer-reviewed,Python,open-atmos,open-atmos,organization,,,"pypi,go","pysdm,github.com/open-atmos/pysdm,pysdm-examples,github.com/open-atmos/PySDM",7420,1,1,2,91,0,343,,11,41,139,11,0.39758672699849174,0.6618705035971223,23,10,"slayoo,AgnieszkaZaba,olastrz,SecondGlanceFromAlice,emmacware,Bodzio-2,ekdejong,KmazuR-afk,Sfonxu,tluettm",25,90,3,32,0,0,push:11d release:343d commits:92 active_maint:10 closed:44 merged:32,https://science.ecosyste.ms/projects/1173
251,GlobalSensitivity.jl,https://github.com/sciml/globalsensitivity.jl,active,100.0,13.189139393482092,0,Scientific Software,Peer-reviewed,Julia,SciML,SciML Open Source Scientific Machine Learning,organization,,https://sciml.ai,julia,GlobalSensitivity,0,0,5,0,65,0,363,,10,26,53,7,0.5867768595041323,0.5849056603773585,8,2,"devmotion,ChrisRackauckas",5,38,1,28,0,0,push:10d release:363d commits:45 active_maint:2 closed:33 merged:28,https://science.ecosyste.ms/projects/1433
252,Additive Bayesian Networks,https://github.com/furrer-lab/abn,active,98.0,15.170674352267586,0,Scientific Software,Peer-reviewed,R,furrer-lab,Applied Statistics,organization,,https://www.math.uzh.ch/as/,cran,abn,752,2,1,1,10,0,399,,52,6,19,5,0.4359756097560976,0.42105263157894735,2,2,"learbuehrer,j-i-l",20,39,6,29,0,0,push:52d release:399d commits:15 active_maint:2 closed:35 merged:29,https://science.ecosyste.ms/projects/471
253,pyuvdata v3,https://github.com/radioastronomysoftwaregroup/pyuvdata,active,95.0,18.154467047920942,0,Scientific Software,Peer-reviewed,Python,RadioAstronomySoftwareGroup,Radio Astronomy Software Group,organization,,https://radioastronomysoftwaregroup.github.io,"conda,pypi",pyuvdata,4447,10,12,1,101,0,373,,16,98,255,14,0.5865946261682242,0.4666666666666667,5,1,bhazelton,9,67,1,53,0,0,push:16d release:373d commits:203 active_maint:1 closed:54 merged:53,https://science.ecosyste.ms/projects/177
254,smol,https://github.com/cedergrouphub/smol,active,100.0,13.120136900643436,0,Scientific Software,Peer-reviewed,Python,CederGroupHub,Ceder Group,organization,,http://ceder.berkeley.edu/,pypi,"smol,statmech-on-lattices",530,1,1,1,99,0,529,,16,9,69,4,0.26957337083919364,0.5507246376811594,3,2,"kamronald,qchempku2017",1,33,1,15,0,0,push:16d release:529d commits:35 active_maint:2 closed:19 merged:15,https://science.ecosyste.ms/projects/1392
255,rdata,https://github.com/vnmabus/rdata,active,98.0,15.101827665413559,0,Scientific Software,Peer-reviewed,Python,vnmabus,Carlos Ramos Carreño,user,,,"conda,pypi",rdata,31039,17,8,1,58,0,349,,53,4,24,3,0.46395563770794823,0.375,1,1,vnmabus,0,6,0,4,0,0,push:53d release:349d commits:18 active_maint:1 closed:4 merged:4,https://science.ecosyste.ms/projects/372
256,BASICO,https://github.com/copasi/basico,active,100.0,13.080515857212333,0,Scientific Software,Peer-reviewed,Python,copasi,COPASI,organization,,http://www.copasi.org,pypi,copasi-basico,3860,3,3,1,28,0,365,,45,4,23,1,0.023008849557522137,0.0,4,1,fbergmann,3,0,2,0,0,0,push:45d release:365d commits:23 active_maint:1 closed:2 merged:0,https://science.ecosyste.ms/projects/952
257,pyro,https://github.com/python-hydro/pyro2,dormant,100.0,13.0559158352451,0,Scientific Software,Peer-reviewed,Jupyter Notebook,python-hydro,python-hydro,organization,,,pypi,pyro-hydro,71,0,0,1,333,0,549,,6,18,5,2,0.12893462469733652,0.4,5,1,zingale,1,18,0,3,0,0,push:6d release:549d commits:2 active_maint:1 closed:14 merged:3,https://science.ecosyste.ms/projects/2648
258,Copulas.jl,https://github.com/lrnv/copulas.jl,active,100.0,13.034432304897127,0,Scientific Software,Peer-reviewed,Julia,lrnv,Oskar Laverny,user,UCLouvain,actuarial.science,julia,Copulas,0,0,2,0,114,0,394,,10,15,90,7,0.17607223476297973,0.3222222222222222,1,1,lrnv,11,98,7,61,0,0,push:10d release:394d commits:73 active_maint:1 closed:75 merged:61,https://science.ecosyste.ms/projects/811
259,DelaunayTriangulation.jl,https://github.com/juliageometry/delaunaytriangulation.jl,dormant,98.0,15.030826781750633,0,Scientific Software,Peer-reviewed,Julia,JuliaGeometry,JuliaGeometry,organization,,https://github.com/JuliaGeometry/meta,julia,DelaunayTriangulation,0,0,4,0,97,0,575,,32,10,9,4,0.028735632183908066,0.4444444444444444,4,2,"DanielVandH,t-bltg",5,11,2,6,0,0,push:32d release:575d commits:4 active_maint:2 closed:10 merged:6,https://science.ecosyste.ms/projects/476
260,Generating synthetic star catalogs from simulated data for next-gen observatories with py-ananke,https://github.com/athob/py-ananke,active,100.0,13.000873479816619,0,Scientific Software,Peer-reviewed,Python,athob,Adrien Thob,user,University of Pennsylvania,https://athob.github.io,pypi,ananke,3689,0,0,1,25,0,397,,97,5,20,1,0.04230769230769227,0.0,4,0,"",1,6,0,6,0,0,push:97d release:397d commits:20 active_maint:0 closed:6 merged:6,https://science.ecosyste.ms/projects/436
261,grlc,https://github.com/clariah/grlc,active,100.0,12.973510638670367,0,Scientific Software,Peer-reviewed,Python,CLARIAH,CLARIAH,organization,,http://www.clariah.nl,"pypi,go","grlc,github.com/CLARIAH/grlc,github.com/clariah/grlc",149,1,0,3,149,0,483,,8,16,30,2,0.5571847507331378,0.4,3,1,c-martinez,3,17,2,9,0,0,push:8d release:483d commits:12 active_maint:1 closed:13 merged:9,https://science.ecosyste.ms/projects/1703
262,movement_primitives,https://github.com/dfki-ric/movement_primitives,dormant,100.0,12.966130531372745,0,Scientific Software,Peer-reviewed,Python,dfki-ric,"DFKI GmbH, Robotics Innovation Center",organization,,https://robotik.dfki-bremen.de/en/,pypi,movement-primitives,157,1,0,2,290,0,439,,407,11,0,0,0.06469002695417791,0.0,2,0,"",1,4,0,3,0,0,push:407d release:439d commits:0 active_maint:0 closed:3 merged:3,https://science.ecosyste.ms/projects/673
263,Gibbs Sea Water Oceanographic Toolbox of TEOS-10 implemented in Rust,https://github.com/castelao/gsw-rs,active,98.0,14.942685035915316,0,Scientific Software,Peer-reviewed,Rust,castelao,Guilherme Castelão,user,@NREL,www.castelao.net,cargo,gsw,0,0,0,2,21,0,362,,88,8,11,4,0.25,0.2727272727272727,2,1,castelao,0,7,0,3,0,0,push:88d release:362d commits:10 active_maint:1 closed:4 merged:3,https://science.ecosyste.ms/projects/883
264,netrankr,https://github.com/schochastics/netrankr,dormant,100.0,12.937757613795199,0,Scientific Software,Peer-reviewed,R,schochastics,David Schoch,user,cynkra,mr.schochastics.net,"conda,cran","r-netrankr,netrankr",1150,2,2,1,49,0,540,,310,7,6,1,0.37447698744769875,0.0,1,0,"",1,8,0,8,0,0,push:310d release:540d commits:6 active_maint:0 closed:8 merged:8,https://science.ecosyste.ms/projects/1396
265,SCALib,https://github.com/simple-crypto/scalib,dormant,100.0,12.935098422125018,0,Scientific Software,Peer-reviewed,C++,simple-crypto,simple-crypto,organization,,https://www.simple-crypto.org,pypi,scalib,346,1,0,2,116,0,401,,111,11,0,0,0.5862068965517242,0.0,1,0,"",2,10,1,4,0,0,push:111d release:401d commits:0 active_maint:0 closed:5 merged:4,https://science.ecosyste.ms/projects/1114
266,hIPPYlib,https://github.com/hippylib/hippylib,active,100.0,12.929336724993929,0,Scientific Software,Peer-reviewed,Jupyter Notebook,hippylib,hippylib,organization,,,pypi,hippylib,179,1,0,2,166,0,1310,,85,16,15,3,0.19444444444444442,0.1333333333333333,4,0,"",2,1,0,1,0,0,push:85d release:1310d commits:15 active_maint:0 closed:1 merged:1,https://science.ecosyste.ms/projects/2736
267,Atramhasis,https://github.com/onroerenderfgoed/atramhasis,active,98.0,14.84628930286528,0,Scientific Software,Peer-reviewed,Python,OnroerendErfgoed,Onroerend Erfgoed,organization,,https://www.onroerenderfgoed.be,pypi,atramhasis,998,5,0,5,63,0,728,,8,30,164,8,0.8362480127186009,0.6951219512195121,2,0,"",47,54,25,39,0,0,push:8d release:728d commits:141 active_maint:0 closed:67 merged:39,https://science.ecosyste.ms/projects/1209
268,Symfem,https://github.com/mscroggs/symfem,active,100.0,12.82916210213468,0,Scientific Software,Peer-reviewed,Python,mscroggs,Matthew Scroggs,user,,https://mscroggs.co.uk,"pypi,conda",symfem,756,1,0,1,72,0,416,,43,8,30,4,0.10723514211886309,0.2666666666666667,2,1,mscroggs,7,19,4,17,0,0,push:43d release:416d commits:24 active_maint:1 closed:21 merged:17,https://science.ecosyste.ms/projects/1795
269,rintrojs,https://github.com/carlganz/rintrojs,unknown,95.0,17.79775483209049,0,Scientific Software,Peer-reviewed,R,carlganz,Carl Ganz,user,,,"cran,conda","rintrojs,r-rintrojs",2748,42,11,1,137,0,931,,931,6,0,0,0.11612903225806448,0.0,1,0,"",0,0,0,0,0,0,push:931d release:931d commits:0 active_maint:0 closed:0 merged:0,https://science.ecosyste.ms/projects/3100
270,datawizard,https://github.com/easystats/datawizard,active,93.0,19.783249044969498,0,Scientific Software,Peer-reviewed,R,easystats,easystats,organization,,https://easystats.github.io/easystats/,"cran,conda","datawizard,r-datawizard",115922,41,18,1,236,0,378,,12,11,49,6,0.5100931677018634,0.6122448979591837,6,4,"strengejacke,etiennebacher,mattansb,DominiqueMakowski",13,31,8,19,0,0,push:12d release:378d commits:40 active_maint:4 closed:30 merged:19,https://science.ecosyste.ms/projects/1382
271,foamlib,https://github.com/gerlero/foamlib,active,98.0,14.778889434966285,0,Scientific Software,Peer-reviewed,Python,gerlero,Gabriel Gerlero,user,@microfluidica,,pypi,foamlib,4781,0,0,1,217,0,330,,3,11,495,8,0.19731800766283525,0.2525252525252525,2,2,"gerlero,HenningScheufler",11,131,4,69,0,0,push:3d release:330d commits:379 active_maint:2 closed:90 merged:69,https://science.ecosyste.ms/projects/161
272,phasespace,https://github.com/zfit/phasespace,dormant,100.0,12.773259698961915,0,Scientific Software,Peer-reviewed,Python,zfit,zfit,organization,,,"conda,pypi",phasespace,1136,6,1,1,24,0,828,,24,11,24,4,0.5733113673805601,0.29166666666666663,1,0,"",0,11,0,6,0,0,push:24d release:828d commits:4 active_maint:0 closed:6 merged:6,https://science.ecosyste.ms/projects/2407
273,psrqpy,https://github.com/mattpitkin/psrqpy,active,100.0,12.741512830060083,0,Scientific Software,Peer-reviewed,Python,mattpitkin,Matt Pitkin,user,,https://ma.ttpitk.in,"pypi,conda",psrqpy,613,8,3,1,48,0,545,,30,12,12,3,0.0780669144981413,0.25,2,1,mattpitkin,4,6,3,6,0,0,push:30d release:545d commits:12 active_maint:1 closed:9 merged:6,https://science.ecosyste.ms/projects/2901
274,SMACT,https://github.com/wmd-group/smact,active,95.0,17.724424916552774,0,Scientific Software,Peer-reviewed,Python,WMD-group,Materials Design Group,organization,,https://wmd-group.github.io,"pypi,go","smact,github.com/WMD-group/SMACT,github.com/wmd-group/smact",10123,2,1,3,136,0,364,,9,42,279,13,0.7256687535571997,0.5304659498207885,7,2,"KingaMas,ryannduma",2,56,0,22,0,0,push:9d release:364d commits:198 active_maint:2 closed:38 merged:22,https://science.ecosyste.ms/projects/2553
275,GemGIS - Spatial Data Processing for Geomodeling,https://github.com/cgre-aachen/gemgis,dormant,98.0,14.688014905854159,0,Scientific Software,Peer-reviewed,Python,cgre-aachen,Computational Geoscience and Reservoir Engineering @RWTH Aachen,organization,,https://www.cgre.rwth-aachen.de,"pypi,go,conda","gemgis,github.com/cgre-aachen/gemgis",324,4,1,2,292,0,951,,154,16,3,1,0.2864674868189807,0.0,2,1,AlexanderJuestel,5,2,0,1,0,0,push:154d release:951d commits:3 active_maint:1 closed:2 merged:1,https://science.ecosyste.ms/projects/1526
276,ncompare,https://github.com/nasa/ncompare,active,100.0,12.6705610940878,0,Scientific Software,Peer-reviewed,Python,nasa,NASA,organization,,https://github.com/nasa/nasa.github.io/blob/master/docs/INSTRUCTIONS.md,pypi,ncompare,1169,0,0,1,31,0,568,,29,8,84,4,0.4533730158730159,0.36904761904761907,1,1,danielfromearth,3,22,0,13,0,0,push:29d release:568d commits:73 active_maint:1 closed:13 merged:13,https://science.ecosyste.ms/projects/657
277,TESPy,https://github.com/oemof/tespy,active,95.0,17.612597346698912,0,Scientific Software,Peer-reviewed,Python,oemof,oemof community,organization,,https://oemof.org,"conda,go,pypi","tespy,github.com/oemof/tespy",3695,5,4,1,402,0,333,,3,39,1216,15,0.09409237379162194,0.07730263157894735,9,5,"fwitte,jfreissmann,maltefritz,sertomas,ChaofanChen",77,106,52,78,0,0,push:3d release:333d commits:1210 active_maint:5 closed:132 merged:78,https://science.ecosyste.ms/projects/2237
278,volesti,https://github.com/geomscale/volesti,active,98.0,14.609611960713629,0,Scientific Software,Peer-reviewed,C++,GeomScale,GeomScale,organization,,https://geomscale.github.io/,cran,volesti,300,1,0,1,187,0,2110,,27,43,16,11,0.46963562753036436,0.75,6,1,TolisChal,1,18,0,0,0,0,push:27d release:2110d commits:16 active_maint:1 closed:7 merged:0,https://science.ecosyste.ms/projects/206
279,colorspace,https://github.com/retostauffer/python-colorspace,dormant,100.0,12.598114733306197,0,Scientific Software,Peer-reviewed,Python,retostauffer,Reto Stauffer,user,,http://www.retostauffer.org,pypi,colorspace,796,2,0,2,80,0,640,,187,5,2,1,0.07538461538461538,0.0,2,0,"",7,5,7,3,0,0,push:187d release:640d commits:2 active_maint:0 closed:12 merged:3,https://science.ecosyste.ms/projects/426
280,wrenfold,https://github.com/wrenfold/wrenfold,active,98.0,14.590687854608086,0,Scientific Software,Peer-reviewed,C++,wrenfold,wrenfold,organization,,https://wrenfold.org,"pypi,cargo","wrenfold,wrenfold-traits",543,0,0,1,76,0,375,,31,4,53,2,0.03551912568306015,0.2075471698113207,2,1,gareth-cross,2,10,1,8,0,0,push:31d release:375d commits:53 active_maint:1 closed:9 merged:8,https://science.ecosyste.ms/projects/302
281,VILLASnode,https://github.com/villasframework/node,active,100.0,12.589707872851683,0,Scientific Software,Peer-reviewed,C++,VILLASframework,VILLASframework,organization,,https://fein-aachen.org/projects/villas-framework/,"pypi,go","villas-node,github.com/villasframework/node,github.com/VILLASframework/node",91,3,0,3,20,0,343,,14,38,207,10,0.24654956085319946,0.5072463768115942,8,4,"riteshk001,Hobbbbes,RiteshKarki27,JitpanuM",5,34,0,14,0,0,push:14d release:343d commits:207 active_maint:4 closed:18 merged:14,https://science.ecosyste.ms/projects/9
282,PyMedPhys,https://github.com/pymedphys/pymedphys,active,95.0,17.585702059952347,0,Scientific Software,Peer-reviewed,Python,pymedphys,PyMedPhys,organization,,https://pymedphys.com,pypi,pymedphys,2168,12,7,4,360,0,546,,96,44,110,7,0.2746488476748943,0.0636363636363636,9,2,"Matthew-Jennings,SimonBiggs",7,24,0,6,0,0,push:96d release:546d commits:109 active_maint:2 closed:12 merged:6,https://science.ecosyste.ms/projects/1366
283,pentapy,https://github.com/geostat-framework/pentapy,dormant,100.0,12.567220072987212,0,Scientific Software,Peer-reviewed,Python,GeoStat-Framework,GeoStat Framework,organization,,https://geostat-framework.org,"pypi,conda",pentapy,5027,2,2,3,15,0,455,,287,3,7,1,0.024844720496894457,0.0,1,1,MuellerSeb,0,2,0,2,0,0,push:287d release:455d commits:7 active_maint:1 closed:2 merged:2,https://science.ecosyste.ms/projects/2432
284,DeepHyper,https://github.com/deephyper/deephyper,active,95.0,17.56416250623109,0,Scientific Software,Peer-reviewed,Python,deephyper,DeepHyper Team,organization,,,pypi,deephyper,3799,3,0,3,305,0,339,,125,36,58,3,0.18861846814602723,0.10344827586206895,5,2,"Deathn0t,pbalapra",22,45,6,28,0,0,push:125d release:339d commits:58 active_maint:2 closed:37 merged:28,https://science.ecosyste.ms/projects/170
285,DeepRiver,https://github.com/online-ml/deep-river,active,100.0,12.551023125772346,0,Scientific Software,Peer-reviewed,Python,online-ml,The Fellowship of Online Machine Learning,organization,,https://maxhalford.notion.site/Friends-of-Online-Machine-Learning-8a264829ccf345a4b2627de38139ec8b,pypi,deep-river,220,0,1,1,175,0,488,,7,8,114,1,0.5200501253132832,0.0,4,1,kulbachcedric,8,27,5,17,0,0,push:7d release:488d commits:114 active_maint:1 closed:24 merged:17,https://science.ecosyste.ms/projects/331
286,GWSurrogate,https://github.com/sxs-collaboration/gwsurrogate,active,100.0,12.524839055032455,0,Scientific Software,Peer-reviewed,Jupyter Notebook,sxs-collaboration,Simulating eXtreme Spacetimes,organization,,https://www.black-holes.org,"pypi,conda",gwsurrogate,390,5,2,2,43,0,392,,41,16,42,4,0.3066502463054187,0.5,4,3,"duetosymmetry,nilsdeppe,sfield17",2,13,0,8,0,0,push:41d release:392d commits:42 active_maint:3 closed:10 merged:8,https://science.ecosyste.ms/projects/237
287,PyExperimenter,https://github.com/tornede/py_experimenter,dormant,100.0,12.50860761555222,0,Scientific Software,Peer-reviewed,Python,tornede,,user,,,pypi,py-experimenter,488,1,0,4,39,0,777,,134,9,8,1,0.6583850931677019,0.0,7,2,"LukasFehring,mwever",5,10,1,6,0,0,push:134d release:777d commits:8 active_maint:2 closed:7 merged:6,https://science.ecosyste.ms/projects/1169
288,alv,https://github.com/arvestad/alv,dormant,100.0,12.500662057292402,0,Scientific Software,Peer-reviewed,Python,arvestad,Lars Arvestad,user,Stockholm University,https://www.su.se/english/profiles/arve-1.232358,pypi,alv,252,1,1,1,121,0,880,,100,9,11,1,0.5113636363636364,0.0,1,0,"",1,2,1,1,0,0,push:100d release:880d commits:11 active_maint:0 closed:2 merged:1,https://science.ecosyste.ms/projects/2723
289,FiLiP,https://github.com/rwth-ebc/filip,active,98.0,14.47826038479663,0,Scientific Software,Peer-reviewed,Python,RWTH-EBC,RWTH Aachen University - E.ON Energy Research Center - Institute for Energy Efficient Buildings and Indoor Climate,organization,,http://www.ebc.eonerc.rwth-aachen.de/,pypi,filip,1181,1,0,1,25,0,353,,57,42,173,7,0.7172887172887172,0.3063583815028902,15,3,"djs0109,mwr-ebc,SystemsPurge",14,25,8,8,0,0,push:57d release:353d commits:171 active_maint:3 closed:18 merged:8,https://science.ecosyste.ms/projects/503
290,otoole,https://github.com/osemosys/otoole,dormant,100.0,12.467436409664082,0,Scientific Software,Peer-reviewed,Python,OSeMOSYS,OSeMOSYS,organization,,http://www.osemosys.org/,pypi,otoole,696,4,0,2,32,0,622,,619,5,0,0,0.4115755627009646,0.0,2,0,"",2,0,1,0,0,0,push:619d release:622d commits:0 active_maint:0 closed:1 merged:0,https://science.ecosyste.ms/projects/887
291,xagg,https://github.com/ks905383/xagg,dead,100.0,12.421054984563677,0,Scientific Software,Peer-reviewed,Python,ks905383,Kevin Schwarzwald,user,"IRI, Columbia, LDEO",,"conda,pypi","xagg,xagg-no-xesmf-deps",351,1,2,1,102,0,1123,,248,6,0,0,0.12442396313364057,0.0,1,0,"",3,2,0,0,0,0,push:248d release:1123d commits:0 active_maint:0 closed:0 merged:0,https://science.ecosyste.ms/projects/336
292,GWPopulation,https://github.com/colmtalbot/gwpopulation,active,100.0,12.414646573468193,0,Scientific Software,Peer-reviewed,Python,ColmTalbot,Colm Talbot,user,,https://colmtalbot.github.io/,"conda,pypi",gwpopulation,526,1,2,1,60,0,464,,13,10,13,3,0.3628808864265928,0.46153846153846156,2,1,ColmTalbot,0,7,0,4,0,0,push:13d release:464d commits:13 active_maint:1 closed:5 merged:4,https://science.ecosyste.ms/projects/147
293,PET2BIDS,https://github.com/openneuropet/pet2bids,active,100.0,12.40229710749312,0,Scientific Software,Peer-reviewed,Python,openneuropet,Open NeuroPET,organization,,https://openneuropet.github.io/,pypi,pypet2bids,334,1,1,2,33,0,384,,13,20,16,5,0.4311111111111111,0.5625,1,0,"",14,17,8,14,0,0,push:13d release:384d commits:16 active_maint:0 closed:24 merged:14,https://science.ecosyste.ms/projects/526
294,pyCSEP,https://github.com/sceccode/pycsep,active,100.0,12.398146493766806,0,Scientific Software,Peer-reviewed,Python,SCECcode,Southern California Earthquake Center,organization,,https://www.scec.org/,"conda,pypi",pycsep,157,1,1,2,58,0,472,,473,17,20,1,0.2904689863842662,0.0,4,0,"",4,12,0,11,0,0,push:473d release:472d commits:20 active_maint:0 closed:11 merged:11,https://science.ecosyste.ms/projects/1625
295,qnm,https://github.com/duetosymmetry/qnm,dormant,100.0,12.39627969659812,0,Scientific Software,Peer-reviewed,Python,duetosymmetry,Leo C. Stein,user,,https://duetosymmetry.com/,"conda,pypi",qnm,1012,5,3,1,52,0,493,,10,5,4,1,0.045662100456621,0.0,1,0,"",0,6,0,4,0,0,push:10d release:493d commits:0 active_maint:0 closed:4 merged:4,https://science.ecosyste.ms/projects/2438
296,PyCUTEst,https://github.com/jfowkes/pycutest,active,100.0,12.390965892691947,0,Scientific Software,Peer-reviewed,Python,jfowkes,Jari,user,Rutherford Appleton Laboratory,https://www.numerical.rl.ac.uk/people/j_fowkes/,pypi,pycutest,670,1,1,2,39,0,597,,93,7,17,1,0.2100840336134454,0.0,2,1,jfowkes,6,7,3,4,0,0,push:93d release:597d commits:17 active_maint:1 closed:9 merged:4,https://science.ecosyste.ms/projects/1363
297,"traffic, a toolbox for processing and analysing air traffic data",https://github.com/xoolive/traffic,active,95.0,17.365445135813605,0,Scientific Software,Peer-reviewed,Python,xoolive,Xavier Olive,user,Research Scientist,http://www.xoolive.org/,"pypi,conda",traffic,2070,10,0,1,503,0,594,,9,42,75,8,0.1402743142144638,0.48,6,2,"figuetbe,xoolive",4,30,3,23,0,0,push:9d release:594d commits:36 active_maint:2 closed:26 merged:23,https://science.ecosyste.ms/projects/2520
298,starfish,https://github.com/spacetx/starfish,active,95.0,17.350356450392354,0,Scientific Software,Peer-reviewed,Python,spacetx,spacetx,organization,,,pypi,starfish,2771,5,1,4,249,0,443,,17,31,68,3,0.7348284960422163,0.3382352941176471,8,1,shachafl,3,43,0,16,0,0,push:17d release:443d commits:23 active_maint:1 closed:26 merged:16,https://science.ecosyste.ms/projects/1904
299,dymos,https://github.com/openmdao/dymos,active,95.0,17.343728180635296,0,Scientific Software,Peer-reviewed,Python,OpenMDAO,OpenMDAO,organization,,http://www.openmdao.org,pypi,dymos,4974,4,1,1,291,0,409,,78,24,22,4,0.4247246022031824,0.13636363636363635,6,1,naylor-b,5,32,3,15,0,0,push:78d release:409d commits:22 active_maint:1 closed:25 merged:15,https://science.ecosyste.ms/projects/1946
300,Limarka,https://github.com/abntex/limarka,unknown,93.0,19.339422381900985,0,Scientific Software,Peer-reviewed,Ruby,abntex,Projetos abnTeX2,organization,,http://www.abntex.net.br,rubygems,limarka,0,0,0,1,441,0,2582,,2086,3,0,0,0.008676789587852451,0.0,5,0,"",0,0,0,0,0,0,push:2086d release:2582d commits:0 active_maint:0 closed:0 merged:0,https://science.ecosyste.ms/projects/3070
301,graphsim,https://github.com/tomkellygenetics/graphsim,unknown,98.0,14.279772736580897,0,Scientific Software,Peer-reviewed,HTML,TomKellyGenetics,Tom Kelly,user,RIKEN IMS; H.U. Group @hugp-ri,https://orcid.org/0000-0003-3904-6690,cran,graphsim,445,2,1,1,25,0,444,,444,3,0,0,0.03554502369668244,0.0,1,0,"",0,0,0,0,0,0,push:444d release:444d commits:0 active_maint:0 closed:0 merged:0,https://science.ecosyste.ms/projects/2200
302,Netgraph,https://github.com/paulbrodersen/netgraph,dormant,95.0,17.272005771805453,0,Scientific Software,Peer-reviewed,Python,paulbrodersen,Paul Brodersen,user,University of Oxford,http://paulbrodersen.pythonanywhere.com/,pypi,netgraph,4249,15,8,1,747,0,962,,555,10,0,0,0.01740294511378848,0.0,0,0,"",3,0,1,0,0,0,push:555d release:962d commits:0 active_maint:0 closed:1 merged:0,https://science.ecosyste.ms/projects/1062
303,OApackage,https://github.com/eendebakpt/oapackage,active,100.0,12.264912145552607,0,Scientific Software,Peer-reviewed,C++,eendebakpt,Pieter Eendebak,user,,http://pietereendebak.nl,pypi,oapackage,815,1,2,1,39,0,611,,176,7,16,1,0.050790067720090315,0.0,1,0,"",0,0,0,0,0,0,push:176d release:611d commits:16 active_maint:0 closed:0 merged:0,https://science.ecosyste.ms/projects/2642
304,spgrep,https://github.com/spglib/spgrep,active,100.0,12.260560830814242,0,Scientific Software,Peer-reviewed,Python,spglib,spglib,organization,,,pypi,spgrep,877,0,2,1,58,0,403,,17,5,138,4,0.5243362831858407,0.49275362318840576,1,1,lan496,3,36,1,30,0,0,push:17d release:403d commits:47 active_maint:1 closed:34 merged:30,https://science.ecosyste.ms/projects/1124
305,fractopo,https://github.com/nialov/fractopo,active,100.0,12.259196263852447,0,Scientific Software,Peer-reviewed,Python,nialov,Nikolas Ovaskainen,user,"MSc, Geology",,"pypi,conda",fractopo,2025,2,0,1,29,0,493,,35,4,115,1,0.01834862385321101,0.0,1,1,nialov,0,30,0,18,0,0,push:35d release:493d commits:115 active_maint:1 closed:23 merged:18,https://science.ecosyste.ms/projects/1135
306,gym-electric-motor (GEM),https://github.com/upb-lea/gym-electric-motor,active,98.0,14.22393129389807,0,Scientific Software,Peer-reviewed,Python,upb-lea,Paderborn University - LEA,organization,,https://ei.uni-paderborn.de/en/lea/,pypi,gym-electric-motor,177,1,0,2,419,0,618,,223,24,35,4,0.72840790842872,0.1428571428571429,15,1,bhk11,10,17,1,4,0,0,push:223d release:618d commits:35 active_maint:1 closed:7 merged:4,https://science.ecosyste.ms/projects/1985
307,AtlasReader,https://github.com/miykael/atlasreader,dormant,100.0,12.187654060006157,0,Scientific Software,Peer-reviewed,Jupyter Notebook,miykael,Michael Notter,user,,,pypi,atlasreader,150,2,1,1,124,0,896,,10,11,11,3,0.4899328859060402,0.36363636363636365,3,0,"",1,3,0,1,0,0,push:10d release:896d commits:8 active_maint:0 closed:1 merged:1,https://science.ecosyste.ms/projects/2647
308,BibDedupe,https://github.com/colrev-environment/bib-dedupe,active,100.0,12.170466193060856,0,Scientific Software,Peer-reviewed,Python,CoLRev-Environment,CoLRev-Environment,organization,,,pypi,bib-dedupe,6891,0,1,1,8,0,632,,133,4,58,2,0.3367003367003367,0.03448275862068961,0,0,"",2,7,1,1,0,0,push:133d release:632d commits:58 active_maint:0 closed:6 merged:1,https://science.ecosyste.ms/projects/697
309,PyCPD,https://github.com/siavashk/pycpd,dormant,95.0,17.138106049032828,0,Scientific Software,Peer-reviewed,Python,siavashk,Siavash Khallaghi,user,Unraveled AI,http://siavashk.github.io,pypi,pycpd,2819,9,4,1,595,0,2297,,1087,17,0,0,0.6121212121212121,0.0,3,0,"",3,5,2,0,0,0,push:1087d release:2297d commits:0 active_maint:0 closed:5 merged:0,https://science.ecosyste.ms/projects/1299
310,Monte Carlo / Dynamic Code (MC/DC),https://github.com/cement-psaap/mcdc,active,100.0,12.13201697970076,0,Scientific Software,Peer-reviewed,Python,CEMeNT-PSAAP,CEMeNT,organization,,https://cement-psaap.github.io,pypi,mcdc,64,0,0,3,43,0,470,,330,39,851,13,0.5388711395101171,0.3149236192714454,7,4,"melekderman,ilhamv,jpmorgan98,massimolarsen",19,41,0,18,0,0,push:330d release:470d commits:851 active_maint:4 closed:25 merged:18,https://science.ecosyste.ms/projects/744
311,Tools21cm,https://github.com/sambit-giri/tools21cm,active,100.0,12.12247362165386,0,Scientific Software,Peer-reviewed,Jupyter Notebook,sambit-giri,Sambit Kumar Giri,user,University of Zurich,https://sambit-giri.github.io/,pypi,tools21cm,508,1,1,1,24,0,372,,80,13,43,3,0.6461731493099121,0.41860465116279066,3,1,sambit-giri,9,0,3,0,0,0,push:80d release:372d commits:43 active_maint:1 closed:3 merged:0,https://science.ecosyste.ms/projects/2166
312,"egobox, a Rust toolbox for efficient global optimization",https://github.com/relf/egobox,active,93.0,19.108750747434126,0,Scientific Software,Peer-reviewed,Jupyter Notebook,relf,Rémi Lafage,user,ONERA,,"cargo,pypi","egobox-doe,egobox,egobox-moe,egobox-gp,egobox-ego",7213,1,4,1,181,0,342,,10,7,174,4,0.021248339973439556,0.03448275862068961,2,1,relf,5,86,4,36,0,0,push:10d release:342d commits:170 active_maint:1 closed:59 merged:36,https://science.ecosyste.ms/projects/1384
313,Stingray 2,https://github.com/stingraysoftware/stingray,active,95.0,17.102724800211046,0,Scientific Software,Peer-reviewed,Python,StingraySoftware,Stingray,organization,,https://stingray.science,"conda,pypi",stingray,1593,6,2,3,221,0,346,,58,65,168,6,0.4195095948827292,0.14880952380952384,8,1,matteobachetti,8,23,0,7,0,0,push:58d release:346d commits:168 active_maint:1 closed:7 merged:7,https://science.ecosyste.ms/projects/427
314,DataInterpolations.jl,https://github.com/sciml/datainterpolations.jl,active,95.0,17.085803949497905,0,Scientific Software,Peer-reviewed,Julia,SciML,SciML Open Source Scientific Machine Learning,organization,,https://sciml.ai,julia,DataInterpolations,0,0,25,0,269,0,363,,0,58,112,16,0.798175598631699,0.6071428571428572,14,4,"oscardssmith,SouthEndMusic,ChrisRackauckas,sathvikbhagavan",12,53,0,23,0,0,push:0d release:363d commits:99 active_maint:4 closed:30 merged:23,https://science.ecosyste.ms/projects/511
315,Blimpy,https://github.com/ucberkeleyseti/blimpy,dead,98.0,14.0698426507345,0,Scientific Software,Peer-reviewed,Python,UCBerkeleySETI,UC Berkeley SETI Program,organization,,http://seti.berkeley.edu,"pypi,conda",blimpy,817,8,1,5,54,0,1351,,1350,25,0,0,0.7160578911095796,0.0,2,0,"",0,1,0,0,0,0,push:1350d release:1351d commits:0 active_maint:0 closed:0 merged:0,https://science.ecosyste.ms/projects/2418
316,sjmisc,https://github.com/strengejacke/sjmisc,active,93.0,19.059730322780553,0,Scientific Software,Peer-reviewed,R,strengejacke,Daniel,user,Universitätsklinikum Hamburg-Eppendorf,http://strengejacke.de,"cran,conda","sjmisc,r-sjmisc",32973,43,24,1,157,0,365,,365,13,1,1,0.527448869752422,0.0,2,0,"",1,0,0,0,0,0,push:365d release:365d commits:1 active_maint:0 closed:0 merged:0,https://science.ecosyste.ms/projects/2831
317,see,https://github.com/easystats/see,active,93.0,19.049318586948893,0,Scientific Software,Peer-reviewed,R,easystats,easystats,organization,,https://easystats.github.io/easystats/,"conda,cran,go","r-see,see,github.com/easystats/see",13517,52,16,1,948,0,506,,5,15,107,7,0.38198198198198197,0.28971962616822433,6,3,"strengejacke,IndrajeetPatil,rempsyc",2,33,2,26,0,0,push:5d release:506d commits:95 active_maint:3 closed:31 merged:26,https://science.ecosyste.ms/projects/1812
318,PyPulseq,https://github.com/imr-framework/pypulseq,active,95.0,17.049174103537315,0,Scientific Software,Peer-reviewed,Python,imr-framework,iMR Framework,user,,,pypi,pypulseq,5525,5,4,1,169,0,769,,332,33,70,14,0.6608315098468271,0.6285714285714286,10,4,"mcencini,schuenke,btasdelen,LeoMcBills",19,36,7,12,0,0,push:332d release:769d commits:59 active_maint:4 closed:20 merged:12,https://science.ecosyste.ms/projects/2425
319,EPyT,https://github.com/openwateranalytics/epyt,active,98.0,14.0257731041917,0,Scientific Software,Peer-reviewed,Jupyter Notebook,OpenWaterAnalytics,Open Water Analytics,organization,,http://wateranalytics.org,"go,pypi","github.com/OpenWaterAnalytics/EPyT,github.com/openwateranalytics/epyt,epyt",2663,2,3,3,80,0,400,,56,8,47,3,0.47207446808510634,0.14893617021276595,3,1,Mariosmsk,5,16,2,14,0,0,push:56d release:400d commits:47 active_maint:1 closed:16 merged:14,https://science.ecosyste.ms/projects/904
320,AMLTK,https://github.com/automl/amltk,dormant,100.0,12.007511944685133,0,Scientific Software,Peer-reviewed,Python,automl,AutoML-Freiburg-Hannover,organization,,www.automl.org,pypi,amltk,118,0,0,1,75,0,716,,637,13,0,0,0.1364485981308411,0.0,4,0,"",2,2,1,2,0,0,push:637d release:716d commits:0 active_maint:0 closed:3 merged:2,https://science.ecosyste.ms/projects/543
321,AMReX,https://github.com/amrex-codes/amrex,active,100.0,12.002057474650965,0,Scientific Software,Peer-reviewed,C++,AMReX-Codes,AMReX-Codes,organization,,https://amrex-codes.github.io/,,,0,,,,780,0,,,7,255,647,50,0.689417733752114,0.37403400309119006,12,7,"WeiqunZhang,AlexanderSinn,atmyers,ax3l,asalmgren,drummerdoc,zingale",41,251,19,147,0,0,push:7d commits:638 active_maint:7 closed:176 merged:147,https://science.ecosyste.ms/projects/2574
322,"UltraNest - a robust, general purpose Bayesian inference engine",https://github.com/johannesbuchner/ultranest,dormant,95.0,16.99873002341639,0,Scientific Software,Peer-reviewed,Python,JohannesBuchner,Johannes Buchner,user,,http://astrost.at/istics/,"conda,pypi",ultranest,7627,28,19,1,204,0,594,,152,16,11,3,0.08082191780821912,0.5454545454545454,1,1,JohannesBuchner,6,4,1,2,0,0,push:152d release:594d commits:11 active_maint:1 closed:3 merged:2,https://science.ecosyste.ms/projects/1942
323,Pylinac,https://github.com/jrkerns/pylinac,active,95.0,16.997672687681753,0,Scientific Software,Peer-reviewed,Python,jrkerns,James Kerns,user,Radformation,,pypi,pylinac,3825,9,2,2,197,0,345,,42,25,335,5,0.126432664756447,0.29850746268656714,1,0,"",9,16,0,0,0,0,push:42d release:345d commits:335 active_maint:0 closed:2 merged:0,https://science.ecosyste.ms/projects/906
324,Bempp-cl,https://github.com/bempp/bempp-cl,dormant,98.0,13.996556301254177,0,Scientific Software,Peer-reviewed,Python,bempp,Bempp,organization,,http://www.bempp.com,"conda,pypi",bempp-cl,435,1,1,2,217,0,485,,10,13,2,2,0.38175270108043213,0.5,4,0,"",6,1,3,0,0,0,push:10d release:485d commits:2 active_maint:0 closed:3 merged:0,https://science.ecosyste.ms/projects/1951
325,The Causal Testing Framework,https://github.com/citcom-project/causaltestingframework,active,100.0,11.981039810643157,0,Scientific Software,Peer-reviewed,Python,CITCOM-project,CITCOM-project,organization,,,pypi,causal-testing-framework,425,0,0,2,19,0,351,,1,13,226,3,0.6180124223602484,0.28761061946902655,4,3,"jmafoster1,f-allian,Jake248Newman",16,33,6,23,0,0,push:1d release:351d commits:226 active_maint:3 closed:32 merged:23,https://science.ecosyste.ms/projects/263
326,The pdb2sql Python Package,https://github.com/deeprank/pdb2sql,dead,100.0,11.941273418947132,0,Scientific Software,Peer-reviewed,Python,DeepRank,DeepRank,organization,,,pypi,pdb2sql,423,9,2,2,24,0,1231,,1231,11,0,0,0.39660056657223797,0.0,5,0,"",2,0,0,0,0,0,push:1231d release:1231d commits:0 active_maint:0 closed:0 merged:0,https://science.ecosyste.ms/projects/2236
327,qujax,https://github.com/cqcl/qujax,dormant,98.0,13.907113875837274,0,Scientific Software,Peer-reviewed,Python,CQCL,Cambridge Quantum,organization,,http://www.cambridgequantum.com,pypi,qujax,2252,1,1,1,71,0,1008,,339,6,13,2,0.3119266055045872,0.07692307692307687,4,0,"",0,8,0,1,0,0,push:339d release:1008d commits:1 active_maint:0 closed:3 merged:1,https://science.ecosyste.ms/projects/1006
328,Pyglmnet,https://github.com/glm-tools/pyglmnet,unknown,95.0,16.886481742490957,0,Scientific Software,Peer-reviewed,Python,glm-tools,glm-tools,organization,,,"pypi,conda",pyglmnet,2295,5,0,2,288,0,2313,,1078,29,0,0,0.5978260869565217,0.0,4,0,"",0,0,0,0,0,0,push:1078d release:2313d commits:0 active_maint:0 closed:0 merged:0,https://science.ecosyste.ms/projects/2288
329,fqfa,https://github.com/countess-project/fqfa,unknown,100.0,11.884654524947624,0,Scientific Software,Peer-reviewed,Python,CountESS-Project,CountESS,organization,,,pypi,fqfa,9058,1,3,2,7,0,927,,927,2,0,0,0.010309278350515427,0.0,0,0,"",0,0,0,0,0,0,push:927d release:927d commits:0 active_maint:0 closed:0 merged:0,https://science.ecosyste.ms/projects/2289
330,chembl-downloader,https://github.com/cthoyt/chembl-downloader,active,98.0,13.882724247645521,0,,,Jupyter Notebook,cthoyt,Charles Tapley Hoyt,user,RWTH Aachen University,https://cthoyt.com,"pypi,go","chembl-downloader,github.com/cthoyt/chembl-downloader",3294,4,2,1,91,0,329,,319,4,30,1,0.018867924528301883,0.0,1,1,cthoyt,3,17,2,10,0,0,push:319d release:329d commits:30 active_maint:1 closed:14 merged:10,https://science.ecosyste.ms/projects/34529
331,py-pde,https://github.com/zwicker-group/py-pde,active,95.0,16.875688379583973,0,Scientific Software,Peer-reviewed,Python,zwicker-group,Zwicker Group,organization,,www.zwickergroup.org,"conda,pypi",py-pde,5137,8,3,1,462,0,432,,20,12,343,4,0.030322580645161246,0.0991253644314869,2,1,david-zwicker,20,82,13,78,0,0,push:20d release:432d commits:313 active_maint:1 closed:91 merged:78,https://science.ecosyste.ms/projects/2262
332,ETHOS.FINE,https://github.com/fzj-iek3-vsa/fine,active,98.0,13.858937795888918,0,Scientific Software,Peer-reviewed,Python,FZJ-IEK3-VSA,Forschungszentrum Jülich - Jülich Systems Analysis,organization,,https://www.fz-juelich.de/iek/iek-3/EN/Home/home_node.html,"pypi,go,conda","fine,github.com/FZJ-IEK3-VSA/FINE,github.com/fzj-iek3-vsa/fine",247,2,1,3,100,0,567,,6,65,192,20,0.8162344983089065,0.71875,22,18,"julian-belina,phil-fzj,JohannesBehrens,jenszimmert,mraffly,Lana535,NilsLudwig,TobiasMios,tala-ghaddar,LarsHadidi,a-bayongwa,jonasbecker00,H-Wenzel,dmarmullaku,Burdack1,kschulze26,lovinduw,SebKeb",335,101,206,47,0,0,push:6d release:567d commits:138 active_maint:18 closed:263 merged:47,https://science.ecosyste.ms/projects/316
333,Efficient Polyhedral Gravity Modeling in Modern C++ and Python,https://github.com/esa/polyhedral-gravity-model,active,100.0,11.843667026882457,0,Scientific Software,Peer-reviewed,Jupyter Notebook,esa,European Space Agency,organization,,http://www.esa.int,"conda,pypi","polyhedral-gravity-model,polyhedral-gravity",869,0,0,1,39,0,686,,43,6,19,2,0.07547169811320753,0.3157894736842105,2,1,schuhmaj,1,4,1,2,0,0,push:43d release:686d commits:19 active_maint:1 closed:3 merged:2,https://science.ecosyste.ms/projects/669
334,Micro Manager,https://github.com/precice/micro-manager,active,100.0,11.783257899086896,0,Scientific Software,Peer-reviewed,Python,precice,preCICE,organization,,https://precice.org,pypi,micro-manager-precice,272,0,0,1,22,0,358,,3,16,133,9,0.27864583333333337,0.45112781954887216,10,4,"IshaanDesai,fsimonis,Snapex2409,MakisH",7,51,0,34,0,0,push:3d release:358d commits:119 active_maint:4 closed:34 merged:34,https://science.ecosyste.ms/projects/926
335,,https://github.com/juliageo/cftime.jl,active,100.0,11.776089409608284,0,,,Julia,JuliaGeo,JuliaGeo,organization,,https://juliageo.org/,julia,CFTime,0,0,18,0,10,0,332,,34,8,138,4,0.07349665924276172,0.07971014492753625,5,4,"rafaqz,Alexander-Barth,visr,willbodeau",16,12,10,10,0,0,push:34d release:332d commits:130 active_maint:4 closed:21 merged:10,https://science.ecosyste.ms/projects/334542
336,Turftopic,https://github.com/x-tabdeveloping/turftopic,active,98.0,13.762341821824208,0,Scientific Software,Peer-reviewed,Python,x-tabdeveloping,Márton Kardos,user,Center for Humanities Computing,,"pypi,go","turftopic,github.com/x-tabdeveloping/turftopic",2082,0,1,1,118,0,400,,23,9,180,3,0.04571428571428571,0.011111111111111072,4,2,"x-tabdeveloping,KennethEnevoldsen",1,10,0,10,0,0,push:23d release:400d commits:180 active_maint:2 closed:10 merged:10,https://science.ecosyste.ms/projects/91
337,OnlineStats.jl,https://github.com/joshday/onlinestats.jl,active,95.0,16.761785009514938,0,Scientific Software,Peer-reviewed,Julia,joshday,Josh Day,user,@JuliaComputing,https://www.juliafordatascience.com,julia,OnlineStats,0,13,30,0,896,0,697,,38,42,24,4,0.08927843456991436,0.5833333333333333,1,1,joshday,3,15,2,9,0,0,push:38d release:697d commits:14 active_maint:1 closed:15 merged:9,https://science.ecosyste.ms/projects/2305
338,DeepRank2,https://github.com/deeprank/deeprank2,dormant,100.0,11.758378303204273,0,Scientific Software,Peer-reviewed,Python,DeepRank,DeepRank,organization,,,pypi,deeprank2,43,0,0,1,59,0,682,,140,35,0,0,0.6623634558093346,0.0,7,1,cbaakman,2,3,0,0,0,0,push:140d release:682d commits:0 active_maint:1 closed:0 merged:0,https://science.ecosyste.ms/projects/817
339,modelbased,https://github.com/easystats/modelbased,active,93.0,18.745186126832667,0,Scientific Software,Peer-reviewed,R,easystats,easystats,organization,,https://easystats.github.io/easystats/,"go,cran","github.com/easystats/modelbased,modelbased",14596,14,9,1,261,0,334,,11,16,189,7,0.43553774215096863,0.08465608465608465,6,4,"strengejacke,DominiqueMakowski,etiennebacher,rempsyc",10,31,5,23,0,0,push:11d release:334d commits:178 active_maint:4 closed:29 merged:23,https://science.ecosyste.ms/projects/144
340,PAM,https://github.com/arup-group/pam,active,100.0,11.739232008745573,0,Scientific Software,Peer-reviewed,Python,arup-group,Arup,organization,,https://www.arup.com/,pypi,cml-pam,45,0,0,1,60,0,846,,332,38,25,3,0.7019562715765247,0.12,2,0,"",0,1,0,0,0,0,push:332d release:846d commits:25 active_maint:0 closed:0 merged:0,https://science.ecosyste.ms/projects/731
341,SNEWPY,https://github.com/snews2/snewpy,active,98.0,13.731694071871164,0,Scientific Software,Peer-reviewed,Python,SNEWS2,SNEWS2.0,organization,,https://snews.bnl.gov/,pypi,snewpy,544,3,1,2,41,0,804,,15,28,99,11,0.7260606060606061,0.5454545454545454,4,2,"JostMigenda,mckzmyers",10,38,6,14,0,0,push:15d release:804d commits:99 active_maint:2 closed:33 merged:14,https://science.ecosyste.ms/projects/1684
342,Methods and Algorithms for Correlation Analysis in R,https://github.com/easystats/correlation,active,93.0,18.722416627346053,0,Scientific Software,Peer-reviewed,R,easystats,easystats,organization,,https://easystats.github.io/easystats/,"go,conda,cran","github.com/easystats/correlation,r-correlation,correlation",21191,25,12,1,455,0,387,,5,12,20,5,0.6755994358251058,0.65,6,3,"etiennebacher,rempsyc,strengejacke",6,15,2,5,0,0,push:5d release:387d commits:12 active_maint:3 closed:10 merged:5,https://science.ecosyste.ms/projects/2187
343,JetNet,https://github.com/jet-net/jetnet,active,100.0,11.701427880839265,0,Scientific Software,Peer-reviewed,Jupyter Notebook,jet-net,jet-net,organization,,,pypi,jetnet,512,3,0,1,31,0,902,,24,9,0,0,0.27372262773722633,0.0,2,0,"",0,0,0,0,0,0,push:24d release:902d commits:0 active_maint:0 closed:0 merged:0,https://science.ecosyste.ms/projects/936
344,Larq,https://github.com/larq/larq,dead,95.0,16.699612702846842,0,Scientific Software,Peer-reviewed,Python,larq,larq,organization,,https://larq.dev,pypi,larq,1315,8,1,1,732,1,1114,,48,19,4,2,0.510148849797023,0.25,1,0,"",2,5,1,4,0,0,archived push:48d release:1114d commits:3 active_maint:0 closed:5 merged:4,https://science.ecosyste.ms/projects/2337
345,ezc3d,https://github.com/pyomeca/ezc3d,active,95.0,16.697041125239327,0,Scientific Software,Peer-reviewed,C++,pyomeca,pyomeca,organization,,,"conda,pypi",ezc3d,4936,6,2,1,179,0,408,,15,23,50,2,0.07999999999999996,0.06000000000000005,1,1,pariterre,9,9,1,7,0,0,push:15d release:408d commits:50 active_maint:1 closed:8 merged:7,https://science.ecosyste.ms/projects/1976
346,CMinx,https://github.com/cmakepp/cminx,dormant,98.0,13.690708949648744,0,Scientific Software,Peer-reviewed,Python,CMakePP,CMakePP,organization,,https://cmakepp.github.io/,pypi,"cminx,cminxtestingpackage",5252,1,0,1,15,0,380,,188,7,1,1,0.3877551020408163,0.0,1,0,"",9,2,1,1,0,0,push:188d release:380d commits:1 active_maint:0 closed:2 merged:1,https://science.ecosyste.ms/projects/1395
347,JMcDM,https://github.com/jbytecode/jmcdm,active,100.0,11.687214850066919,0,Scientific Software,Peer-reviewed,Julia,jbytecode,Mehmet Hakan Satman,user,Istanbul University,,julia,JMcDM,0,0,2,0,58,0,485,,27,10,12,1,0.10950080515297911,0.0,1,0,"",5,0,2,0,0,0,push:27d release:485d commits:12 active_maint:0 closed:2 merged:0,https://science.ecosyste.ms/projects/1747
348,CellPyLib,https://github.com/lantunes/cellpylib,dead,93.0,18.66213168760886,0,Scientific Software,Peer-reviewed,Python,lantunes,Luis Antunes,user,,,pypi,cellpylib,169741,3,1,1,245,0,1261,,1255,3,0,0,0.34104046242774566,0.0,2,0,"",1,0,0,0,0,0,push:1255d release:1261d commits:0 active_maint:0 closed:0 merged:0,https://science.ecosyste.ms/projects/1697
349,tidyhydat,https://github.com/ropensci/tidyhydat,dormant,93.0,18.651982922967942,0,Scientific Software,Peer-reviewed,R,ropensci,rOpenSci,organization,,https://ropensci.org/,"cran,go","tidyhydat,github.com/ropensci/tidyhydat",632,10,4,1,75,0,506,,49,12,9,1,0.047550432276657006,0.0,3,2,"boshek,maelle",6,6,4,5,0,0,push:49d release:506d commits:9 active_maint:2 closed:9 merged:5,https://science.ecosyste.ms/projects/2943
350,tidygeocoder,https://github.com/jessecambon/tidygeocoder,dormant,95.0,16.63608197560116,0,Scientific Software,Peer-reviewed,R,jessecambon,Jesse Cambon,user,Lighthouse,jessecambon.github.io,"go,conda,cran","github.com/jessecambon/tidygeocoder,r-tidygeocoder,tidygeocoder",5856,15,4,1,300,0,486,,162,9,0,0,0.2492492492492493,0.0,1,0,"",2,1,1,1,0,0,push:162d release:486d commits:0 active_maint:0 closed:2 merged:1,https://science.ecosyste.ms/projects/1773
351,DSSE,https://github.com/pfeinsper/drone-swarm-search,active,100.0,11.611865412825132,0,Scientific Software,Peer-reviewed,Python,pfeinsper,Projeto Final de Engenharia do Insper,organization,,,pypi,dsse,181,0,0,3,50,0,791,,342,13,15,3,0.7094017094017093,0.1333333333333333,4,0,"",0,5,0,0,0,0,push:342d release:791d commits:15 active_maint:0 closed:1 merged:0,https://science.ecosyste.ms/projects/604
352,metrica,https://github.com/adriancorrendo/metrica,dead,95.0,16.605919551773972,0,Scientific Software,Peer-reviewed,R,adriancorrendo,Adrian Correndo,user,Kansas State University,https://adriancorrendo.github.io/,"cran,conda","metrica,r-metrica",512,2,1,1,79,0,760,,760,8,0,0,0.07894736842105265,0.0,5,0,"",1,0,0,0,0,0,push:760d release:760d commits:0 active_maint:0 closed:0 merged:0,https://science.ecosyste.ms/projects/1323
353,PDFIO,https://github.com/sambitdash/pdfio.jl,dormant,100.0,11.601595465682728,0,Scientific Software,Peer-reviewed,Julia,sambitdash,Sambit Kumar Dash,user,,https://www.linkedin.com/in/sambitdash/,julia,PDFIO,0,0,0,0,137,0,544,,540,6,0,0,0.03672316384180796,0.0,1,0,"",3,2,2,0,0,0,push:540d release:544d commits:0 active_maint:0 closed:4 merged:0,https://science.ecosyste.ms/projects/2393
354,pyodesys,https://github.com/bjodah/pyodesys,active,95.0,16.59625939571616,0,Scientific Software,Peer-reviewed,Python,bjodah,Bjorn,user,,,"conda,pypi",pyodesys,26342,12,1,1,98,0,341,,80,6,10,1,0.16512059369202226,0.0,2,1,bjodah,0,2,0,1,0,0,push:80d release:341d commits:10 active_maint:1 closed:1 merged:1,https://science.ecosyste.ms/projects/2939
355,FOXES,https://github.com/fraunhoferiwes/foxes,active,100.0,11.588403926146134,0,Scientific Software,Peer-reviewed,Python,FraunhoferIWES,FraunhoferIWES,organization,,,"pypi,go","foxes,github.com/FraunhoferIWES/foxes,github.com/fraunhoferiwes/foxes",335,1,0,1,39,0,373,,17,13,396,7,0.4299706170421156,0.18181818181818177,1,1,SchmJo,4,6,3,6,0,0,push:17d release:373d commits:392 active_maint:1 closed:9 merged:6,https://science.ecosyste.ms/projects/1081
356,,https://github.com/connor-makowski/type_enforced,active,93.0,18.56787590442702,0,,,Python,connor-makowski,Connor Makowski,user,,,pypi,type-enforced,654553,1,10,1,62,0,336,,56,6,101,4,0.1436170212765957,0.24752475247524752,1,1,connor-makowski,7,12,4,8,0,0,push:56d release:336d commits:101 active_maint:1 closed:12 merged:8,https://science.ecosyste.ms/projects/190876
357,drms,https://github.com/sunpy/drms,dormant,95.0,16.561033792069953,0,Scientific Software,Peer-reviewed,Python,sunpy,SunPy,organization,,https://www.sunpy.org,"pypi,conda",drms,36942,29,10,4,25,0,540,,24,15,17,6,0.5785714285714285,0.6470588235294117,10,2,"Cadair,nabobalis",1,21,1,9,0,0,push:24d release:540d commits:10 active_maint:2 closed:15 merged:9,https://science.ecosyste.ms/projects/2477
358,Spectral Connectivity,https://github.com/eden-kramer-lab/spectral_connectivity,active,98.0,13.557418355232604,0,Scientific Software,Peer-reviewed,Python,Eden-Kramer-Lab,Eden-Kramer Lab,organization,,https://eden-kramer-lab.github.io/,pypi,spectral-connectivity,615,3,3,1,137,0,1107,,79,11,110,3,0.09453781512605042,0.027272727272727226,1,1,emilyps14,2,16,2,12,0,0,push:79d release:1107d commits:108 active_maint:1 closed:14 merged:12,https://science.ecosyste.ms/projects/1306
359,scene_synthesizer,https://github.com/nvlabs/scene_synthesizer,dormant,98.0,13.538301452045067,0,Scientific Software,Peer-reviewed,Python,NVlabs,NVIDIA Research Projects,organization,,http://research.nvidia.com,pypi,scene-synthesizer,4118,0,0,1,227,0,397,,397,1,0,0,0.0,0.0,0,0,"",11,6,6,4,0,0,push:397d release:397d commits:0 active_maint:0 closed:12 merged:4,https://science.ecosyste.ms/projects/304
360,Finch,https://github.com/onecodex/finch-rs,active,93.0,18.52893155866878,0,Scientific Software,Peer-reviewed,Rust,onecodex,One Codex,organization,,,"pypi,cargo","finch-sketch,finch,finch_cli,finch_lib",131,7,5,6,103,0,330,,22,15,5,2,0.528169014084507,0.19999999999999996,0,0,"",1,2,1,2,0,0,push:22d release:330d commits:5 active_maint:0 closed:3 merged:2,https://science.ecosyste.ms/projects/2917
361,TimeseriesSurrogates.jl,https://github.com/juliadynamics/timeseriessurrogates.jl,dormant,100.0,11.52872007086887,0,Scientific Software,Peer-reviewed,Julia,JuliaDynamics,JuliaDynamics,organization,,https://juliadynamics.github.io/JuliaDynamics/,julia,TimeseriesSurrogates,0,4,4,0,56,0,697,,271,9,3,2,0.3929712460063898,0.33333333333333337,3,1,Datseris,1,4,0,3,0,0,push:271d release:697d commits:2 active_maint:1 closed:3 merged:3,https://science.ecosyste.ms/projects/1406
362,Gridap,https://github.com/gridap/gridap.jl,active,95.0,16.52723400443278,0,Scientific Software,Peer-reviewed,Julia,gridap,Gridap,organization,,,julia,Gridap,0,0,18,0,870,0,363,,9,59,568,18,0.6344066237350505,0.556338028169014,12,5,"JordiManyer,amartinhuertas,AlexandreMagueresse,Antoinemarteau,ericneiva",20,58,9,30,0,0,push:9d release:363d commits:555 active_maint:5 closed:45 merged:30,https://science.ecosyste.ms/projects/2151
363,Generative DAGs as an Interface Into Probabilistic Programming with the R Package causact,https://github.com/flyaflya/causact,active,95.0,16.49183477017146,0,Scientific Software,Peer-reviewed,R,flyaflya,Adam Fleischhacker,user,Unviersity of Delaware,http://sites.udel.edu/ajf,cran,causact,515,0,0,1,47,0,342,,321,6,10,1,0.19034852546916892,0.0,1,1,flyaflya,5,0,3,0,0,0,push:321d release:342d commits:10 active_maint:1 closed:3 merged:0,https://science.ecosyste.ms/projects/1439
364,Frites,https://github.com/brainets/frites,unknown,100.0,11.482053801303142,0,Scientific Software,Peer-reviewed,Python,brainets,BraiNets,organization,,https://brainets.github.io/,pypi,frites,119,0,0,1,102,0,1119,,456,8,0,0,0.11840411840411835,0.0,2,0,"",0,0,0,0,0,0,push:456d release:1119d commits:0 active_maint:0 closed:0 merged:0,https://science.ecosyste.ms/projects/1338
365,qicharts2,https://github.com/anhoej/qicharts2,dormant,95.0,16.480913766917322,0,Scientific Software,Peer-reviewed,R,anhoej,Jacob Anhøj,user,,,cran,qicharts2,792,9,3,1,42,0,402,,28,8,7,1,0.05666666666666664,0.0,1,0,"",2,0,2,0,0,0,push:28d release:402d commits:7 active_maint:0 closed:2 merged:0,https://science.ecosyste.ms/projects/2848
366,Gala,https://github.com/adrn/gala,active,95.0,16.475330767970817,0,Scientific Software,Peer-reviewed,Python,adrn,Adrian Price-Whelan,user,Flatiron Institute,adrian.pw,"pypi,conda,go","gala,astro-gala,github.com/adrn/gala",1969,18,3,1,148,0,342,,3,28,474,6,0.09104186952288218,0.38818565400843885,2,2,"adrn,lgarrison",10,90,3,58,0,0,push:3d release:342d commits:378 active_maint:2 closed:62 merged:58,https://science.ecosyste.ms/projects/2977
367,measr,https://github.com/wjakethompson/measr,active,100.0,11.462053134596472,0,Scientific Software,Peer-reviewed,R,wjakethompson,Jake Thompson,user,@atlas-aai ,https://wjakethompson.com,cran,measr,659,0,0,1,11,0,912,,356,6,130,2,0.14600231749710313,0.20769230769230773,1,1,wjakethompson,2,24,0,10,0,0,push:356d release:912d commits:130 active_maint:1 closed:16 merged:10,https://science.ecosyste.ms/projects/928
368,Manopt.jl,https://github.com/juliamanifolds/manopt.jl,active,98.0,13.453966636914037,0,Scientific Software,Peer-reviewed,Julia,JuliaManifolds,Julia Manifolds,organization,,,julia,Manopt,0,0,2,0,412,0,394,,7,37,108,13,0.27515151515151515,0.6018518518518519,7,4,"kellertuer,mateuszbaran,hajg-ijk,blegat",13,82,9,53,0,0,push:7d release:394d commits:81 active_maint:4 closed:74 merged:53,https://science.ecosyste.ms/projects/1611
369,FDApy,https://github.com/stevengolovkine/fdapy,dormant,100.0,11.42704072581306,0,Scientific Software,Peer-reviewed,Python,StevenGolovkine,Steven,user,,,pypi,fdapy,228,1,0,1,56,0,520,,511,7,0,0,0.012509773260359625,0.0,1,0,"",10,18,8,17,0,0,push:511d release:520d commits:0 active_maint:0 closed:25 merged:17,https://science.ecosyste.ms/projects/265
370,oce,https://github.com/dankelley/oce,active,95.0,16.414627201021876,0,Scientific Software,Peer-reviewed,R,dankelley,Dan Kelley,user,Dalhousie University,http://dankelley.github.io,"cran,conda,go","oce,r-oce,github.com/dankelley/oce",2949,33,13,1,161,0,1396,,10,20,135,5,0.1678949054790131,0.14814814814814814,3,3,"dankelley,richardsc,clayton33",27,4,18,4,0,0,push:10d release:1396d commits:135 active_maint:3 closed:22 merged:4,https://science.ecosyste.ms/projects/1593
371,Sciris,https://github.com/sciris/sciris,active,95.0,16.413052944692673,0,Scientific Software,Peer-reviewed,Python,sciris,Sciris,organization,,sciris.org,pypi,sciris,14730,18,8,3,40,0,382,,61,15,118,3,0.1758732737611698,0.05084745762711862,3,1,cliffckerr,33,11,13,9,0,0,push:61d release:382d commits:118 active_maint:1 closed:23 merged:9,https://science.ecosyste.ms/projects/1031
372,kuibit,https://github.com/sbozzolo/kuibit,dormant,100.0,11.400607468744903,0,Scientific Software,Peer-reviewed,AGS Script,Sbozzolo,Gabriele Bozzola,user,"Amazon Web Services, Center for Quantum Computing",sbozzolo.github.io,pypi,kuibit,226,1,0,1,42,0,392,,33,11,11,4,0.018995929443690662,0.5454545454545454,2,1,Sbozzolo,3,6,0,2,0,0,push:33d release:392d commits:11 active_maint:1 closed:2 merged:2,https://science.ecosyste.ms/projects/1926
373,coalitions,https://github.com/adibender/coalitions,dormant,95.0,16.396136394810817,0,Scientific Software,Peer-reviewed,R,adibender,Andreas Bender,user,LMU,https://twitter.com/adiBender,cran,coalitions,350,0,0,1,23,0,1443,,738,13,11,1,0.23351648351648346,0.0,2,1,adibender,0,1,0,1,0,0,pkg:removed push:738d release:1443d commits:11 active_maint:1 closed:1 merged:1,https://science.ecosyste.ms/projects/2892
374,pymdp,https://github.com/infer-actively/pymdp,active,95.0,16.37561836787252,0,Scientific Software,Peer-reviewed,Python,infer-actively,infer-actively,organization,,,"pypi,go","inferactively-pymdp,test-inferactively-pymdp,github.com/infer-actively/pymdp",1143,1,0,1,724,0,1330,,6,35,196,17,0.3718553459119497,0.37244897959183676,12,6,"conorheins,Arun-Niranjan,riddhipits,salvatomm,tverbele,lancelotdacosta",51,72,15,41,0,0,push:6d release:1330d commits:195 active_maint:6 closed:60 merged:41,https://science.ecosyste.ms/projects/1521
375,Mechkit,https://github.com/juliankarlbauer/mechkit,unknown,100.0,11.359307976304628,0,Scientific Software,Peer-reviewed,Python,JulianKarlBauer,JulianKarlBauer,user,,https://www.linkedin.com/in/JulianKarlBauer/,pypi,mechkit,664,5,0,1,14,0,1270,,1120,8,0,0,0.09320388349514563,0.0,2,0,"",0,0,0,0,0,0,push:1120d release:1270d commits:0 active_maint:0 closed:0 merged:0,https://science.ecosyste.ms/projects/1374
376,nctoolkit,https://github.com/pmlmodelling/nctoolkit,active,98.0,13.34800301091182,0,Scientific Software,Peer-reviewed,Python,pmlmodelling,Marine Systems Modelling group at the Plymouth Marine Laboratory,organization,,https://pml.ac.uk/science/Marine-Systems-Modelling,pypi,nctoolkit,846,2,0,1,82,0,377,,55,6,89,1,0.018186347782760293,0.0,2,0,"",3,1,0,1,0,0,push:55d release:377d commits:89 active_maint:0 closed:1 merged:1,https://science.ecosyste.ms/projects/1042
377,mTRFpy,https://github.com/powerfulbean/mtrfpy,active,100.0,11.345547691561876,0,Scientific Software,Peer-reviewed,Python,powerfulbean,Jin Dou,user,,powerfulbean.github.io,pypi,mtrf,370,0,0,1,37,0,578,,90,6,38,2,0.4245014245014245,0.3421052631578947,2,1,OleBialas,1,1,0,1,0,0,push:90d release:578d commits:38 active_maint:1 closed:1 merged:1,https://science.ecosyste.ms/projects/1007
378,LiberTEM,https://github.com/libertem/libertem,active,95.0,16.340462901028676,0,Scientific Software,Peer-reviewed,Python,LiberTEM,LiberTEM,organization,,,pypi,libertem,1467,3,2,3,129,0,381,,36,30,187,6,0.5787334189131366,0.53475935828877,3,2,"uellue,sk1p",7,44,2,26,0,0,push:36d release:381d commits:149 active_maint:2 closed:29 merged:26,https://science.ecosyste.ms/projects/2217
379,schwimmbad,https://github.com/adrn/schwimmbad,dormant,95.0,16.332659784089024,0,Scientific Software,Peer-reviewed,Python,adrn,Adrian Price-Whelan,user,Flatiron Institute,adrian.pw,"conda,pypi",schwimmbad,7484,57,23,1,121,0,868,,151,9,0,0,0.19072164948453607,0.0,2,0,"",2,9,0,0,0,0,push:151d release:868d commits:0 active_maint:0 closed:3 merged:0,https://science.ecosyste.ms/projects/2990
380,FSharpGephiStreamer,https://github.com/csbiology/fsharpgephistreamer,unknown,98.0,13.313396874800304,0,Scientific Software,Peer-reviewed,F#,CSBiology,Computational Systems Biology,organization,,https://csb.bio.uni-kl.de/,nuget,fsharpgephistreamer,0,0,0,3,25,0,2611,,2600,3,0,0,0.23880597014925375,0.0,2,0,"",0,0,0,0,0,0,push:2600d release:2611d commits:0 active_maint:0 closed:0 merged:0,https://science.ecosyste.ms/projects/2542
381,cffr,https://github.com/ropensci/cffr,active,98.0,13.30672285622385,0,Scientific Software,Peer-reviewed,R,ropensci,rOpenSci,organization,,https://ropensci.org/,"conda,cran","r-cffr,cffr",1695,6,4,1,26,0,551,,15,6,136,3,0.11465721040189125,0.24264705882352944,5,2,"dieghernan,Pakillo",6,8,6,5,0,0,push:15d release:551d commits:103 active_maint:2 closed:12 merged:5,https://science.ecosyste.ms/projects/1698
382,PDR,https://github.com/millionconcepts/pdr,active,98.0,13.303771183521926,0,Scientific Software,Peer-reviewed,Python,MillionConcepts,Million Concepts,organization,,www.millionconcepts.com,"pypi,conda",pdr,1030,1,2,2,75,0,504,,36,8,76,4,0.5683607730851825,0.5789473684210527,4,1,bekahalbach,4,0,4,0,0,0,push:36d release:504d commits:76 active_maint:1 closed:4 merged:0,https://science.ecosyste.ms/projects/458
383,REDCapTidieR,https://github.com/chop-cgtinformatics/redcaptidier,active,95.0,16.291184719188667,0,Scientific Software,Peer-reviewed,HTML,CHOP-CGTInformatics,CHOP - CGT Informatics,organization,,https://chop-cgtinformatics.github.io/CGTInformaticsQuarto/,cran,REDCapTidieR,403,0,0,1,43,0,367,,49,10,34,4,0.6194581280788177,0.3529411764705882,3,2,"ezraporter,rsh52",11,10,6,8,0,0,push:49d release:367d commits:34 active_maint:2 closed:14 merged:8,https://science.ecosyste.ms/projects/827
384,GSODR,https://github.com/ropensci/gsodr,active,93.0,18.288122078075745,0,Scientific Software,Peer-reviewed,R,ropensci,rOpenSci,organization,,https://ropensci.org/,"go,cran","github.com/ropensci/GSODR,github.com/ropensci/gsodr,GSODR",1075,2,1,1,99,0,364,,74,9,108,3,0.008061094611794606,0.05555555555555558,4,0,"",2,4,1,4,0,0,push:74d release:364d commits:108 active_maint:0 closed:5 merged:4,https://science.ecosyste.ms/projects/3068
385,GeophysicalModelGenerator.jl,https://github.com/juliageodynamics/geophysicalmodelgenerator.jl,active,100.0,11.282983859155019,0,Scientific Software,Peer-reviewed,Julia,JuliaGeodynamics,JuliaGeodynamics,organization,,,julia,GeophysicalModelGenerator,0,0,4,0,88,0,424,,29,24,59,9,0.3862300587741394,0.6610169491525424,5,1,aelligp,2,17,0,10,0,0,push:29d release:424d commits:56 active_maint:1 closed:12 merged:10,https://science.ecosyste.ms/projects/418
386,SpeedyWeather.jl,https://github.com/speedyweather/speedyweather.jl,active,98.0,13.268477277228774,0,Scientific Software,Peer-reviewed,Julia,SpeedyWeather,SpeedyWeather,organization,,,julia,SpeedyWeather,0,0,0,0,560,0,394,,1,40,239,23,0.24503591043514994,0.6150627615062761,17,12,"maximilian-gelbrecht,milankl,bgroenks96,pierluigividale,gregrmunday,nviebig,stella-bourdin,gregordecristoforo,karinakowalczyk,navidcy,lazarusA,simone-silvestri",37,151,8,81,0,0,push:1d release:394d commits:217 active_maint:12 closed:101 merged:81,https://science.ecosyste.ms/projects/654
387,PyRolL - An Extensible OpenSource Framework for Rolling Simulation,https://github.com/pyroll-project/pyroll-core,active,100.0,11.257904174757996,0,Scientific Software,Peer-reviewed,Python,pyroll-project,The PyRoll Project,organization,,https://pyroll.readthedocs.io,pypi,"pyroll-report,pyroll-core",348,4,21,2,18,0,385,,198,6,21,3,0.3601108033240997,0.4285714285714286,3,1,ChRen95,29,35,19,32,0,0,push:198d release:385d commits:21 active_maint:1 closed:51 merged:32,https://science.ecosyste.ms/projects/854
388,ZOSPy,https://github.com/mreye-lumc/zospy,active,98.0,13.25589377002835,0,Scientific Software,Peer-reviewed,Python,MREYE-LUMC,MREYE,organization,,,pypi,zospy,809,1,1,3,106,0,408,,29,12,55,7,0.5876288659793815,0.6181818181818182,1,1,crnh,7,38,5,30,0,0,push:29d release:408d commits:24 active_maint:1 closed:38 merged:30,https://science.ecosyste.ms/projects/755
389,Rdataretriever,https://github.com/ropensci/rdataretriever,dead,93.0,18.253809958852443,0,Scientific Software,Peer-reviewed,R,ropensci,rOpenSci,organization,,https://ropensci.org/,cran,rdataretriever,277,1,0,1,47,0,735,,735,17,0,0,0.6238244514106583,0.0,5,0,"",1,0,0,0,0,0,push:735d release:735d commits:0 active_maint:0 closed:0 merged:0,https://science.ecosyste.ms/projects/2010
390,Open OnDemand,https://github.com/osc/ondemand,active,100.0,11.251794439750519,0,Scientific Software,Peer-reviewed,JavaScript,OSC,Ohio Supercomputer Center,organization,,https://osc.edu,,,0,,,,490,0,,,6,123,532,46,0.7876647194674636,0.736842105263158,3,2,"osc-bot,moffatsadeghi",66,187,20,60,0,0,push:6d commits:495 active_maint:2 closed:98 merged:60,https://science.ecosyste.ms/projects/2849
391,ODES,https://github.com/bmcage/odes,dead,95.0,16.24323997020575,0,Scientific Software,Peer-reviewed,Python,bmcage,Benny,user,ugent.be,http://cage.ugent.be/~bm,"conda,pypi,spack","scikits.odes,scikits-odes-core,py-scikits-odes,scikits-odes-daepack,scikits-odes-sundials,scikits-odes",4657,0,0,2,131,0,564,,564,16,0,0,0.5829787234042554,0.0,2,0,"",1,2,0,0,0,0,push:564d release:564d commits:0 active_maint:0 closed:0 merged:0,https://science.ecosyste.ms/projects/2897
392,UnROOT,https://github.com/juliahep/unroot.jl,active,100.0,11.240132005012198,0,Scientific Software,Peer-reviewed,Julia,JuliaHEP,JuliaHEP,organization,,,julia,UnROOT,0,0,2,0,121,0,424,,5,16,60,4,0.5535714285714286,0.3833333333333333,9,2,"tamasgal,m-fila",4,11,2,7,0,0,push:5d release:424d commits:45 active_maint:2 closed:9 merged:7,https://science.ecosyste.ms/projects/1432
393,BGmisc,https://github.com/r-computing-lab/bgmisc,active,100.0,11.234995683961127,0,Scientific Software,Peer-reviewed,R,R-Computing-Lab,R Computing Lab,organization,,,cran,BGmisc,934,0,0,1,3,0,376,,7,11,364,3,0.08647260273972601,0.05494505494505497,3,1,smasongarrison,7,22,1,18,0,0,push:7d release:376d commits:344 active_maint:1 closed:19 merged:18,https://science.ecosyste.ms/projects/819
394,LISC,https://github.com/lisc-tools/lisc,dormant,100.0,11.216592750037657,0,Scientific Software,Peer-reviewed,Python,lisc-tools,LISC,organization,,https://lisc-tools.github.io/,"pypi,conda",lisc,91,2,0,1,111,0,510,,50,7,3,1,0.03384094754653133,0.0,1,1,TomDonoghue,0,1,0,1,0,0,push:50d release:510d commits:3 active_maint:1 closed:1 merged:1,https://science.ecosyste.ms/projects/2443
395,OpenRepGrid,https://github.com/markheckmann/openrepgrid,dormant,100.0,11.201169255299416,0,Scientific Software,Peer-reviewed,R,markheckmann,Mark Heckmann,user,Deutsche Bahn,markheckmann.de,cran,OpenRepGrid,349,2,0,1,21,0,387,,118,8,0,0,0.1454545454545455,0.0,1,1,markheckmann,19,4,7,4,0,0,push:118d release:387d commits:0 active_maint:1 closed:11 merged:4,https://science.ecosyste.ms/projects/345
396,craterpy,https://github.com/cjtu/craterpy,active,100.0,11.185420898331277,0,,,Python,cjtu,Christian J. Tai Udovicic,user,,cjtu.github.io,pypi,craterpy,271,1,0,1,22,0,345,,41,8,45,2,0.06318681318681318,0.0444444444444444,3,1,cjtu,9,6,5,6,0,0,push:41d release:345d commits:45 active_maint:1 closed:11 merged:6,https://science.ecosyste.ms/projects/35786
397,Φ-ML,https://github.com/tum-pbs/phiml,active,98.0,13.18518041764356,0,Scientific Software,Peer-reviewed,Python,tum-pbs,TUM Physics-based Simulation,organization,,https://ge.in.tum.de,pypi,phiml,941,1,1,1,105,0,362,,14,8,159,4,0.28517823639774864,0.2075471698113207,1,0,"",1,2,0,0,0,0,push:14d release:362d commits:159 active_maint:0 closed:0 merged:0,https://science.ecosyste.ms/projects/805
398,eLabFTW,https://github.com/elabftw/elabftw,active,100.0,11.116915515632819,0,Scientific Software,Peer-reviewed,PHP,elabftw,elabftw,organization,,https://www.elabftw.net,,,0,,,,1384,0,,,1,61,742,14,0.18944739984800785,0.3517520215633423,1,0,"",100,109,32,51,0,0,push:1d commits:731 active_maint:0 closed:95 merged:51,https://science.ecosyste.ms/projects/3044
399,pulse,https://github.com/finsberg/pulse,dormant,100.0,11.110415984687696,0,Scientific Software,Peer-reviewed,Python,finsberg,Henrik Finsberg,user,Simula Research Laboratoy,https://finsberg.github.io,"pypi,conda","fenics-pulse,pulse",215,1,2,1,17,0,419,,17,8,0,0,0.19771863117870725,0.0,1,0,"",0,4,0,3,0,0,push:17d release:419d commits:0 active_maint:0 closed:3 merged:3,https://science.ecosyste.ms/projects/2445
400,FielDHub,https://github.com/didiermurillof/fieldhub,dormant,95.0,16.103903415937484,0,Scientific Software,Peer-reviewed,HTML,DidierMurilloF,Didier A Murillo Florez,user,NDSU,,cran,FielDHub,790,1,1,1,57,0,734,,29,9,9,2,0.2142857142857143,0.11111111111111116,1,1,DidierMurilloF,1,5,0,5,0,0,push:29d release:734d commits:9 active_maint:1 closed:5 merged:5,https://science.ecosyste.ms/projects/1887
401,<code>gollum</code>,https://github.com/browndwarf/gollum,active,100.0,11.091483402338923,0,Scientific Software,Peer-reviewed,Python,BrownDwarf,Brown Dwarfs,organization,,gully.github.io,pypi,"gollum,panda-lib",237,2,0,4,26,0,347,,141,7,14,3,0.4963503649635036,0.3571428571428571,7,1,kfkaplan,1,1,0,1,0,0,push:141d release:347d commits:14 active_maint:1 closed:1 merged:1,https://science.ecosyste.ms/projects/550
402,osfr,https://github.com/ropensci/osfr,active,95.0,16.070485040841398,0,Scientific Software,Peer-reviewed,R,ropensci,rOpenSci,organization,,https://ropensci.org/,"go,cran","github.com/ropensci/osfr,osfr",727,5,4,1,151,0,1404,,145,18,15,1,0.3801571709233792,0.0,4,1,aaronwolen,2,1,0,0,0,0,push:145d release:1404d commits:15 active_maint:1 closed:0 merged:0,https://science.ecosyste.ms/projects/2315
403,OceanBioME.jl,https://github.com/oceanbiome/oceanbiome.jl,active,100.0,11.061939841560255,0,Scientific Software,Peer-reviewed,Julia,OceanBioME,OceanBioME,organization,,https://oceanbiome.github.io/OceanBioME.jl,"go,julia","github.com/oceanbiome/oceanbiome.jl,OceanBioME,github.com/OceanBioME/OceanBioME.jl",0,0,0,0,77,0,336,,8,16,439,6,0.286871961102107,0.16400911161731202,14,8,"jagoosw,Mikolaj-A-Kowalski,ali-ramadhan,johnryantaylor,nanophyto,navidcy,AdelekeBankole,MarionBWeinzierl",26,60,9,33,0,0,push:8d release:336d commits:439 active_maint:8 closed:46 merged:33,https://science.ecosyste.ms/projects/967
404,Singularity Compose,https://github.com/singularityhub/singularity-compose,unknown,100.0,11.05829112085398,0,Scientific Software,Peer-reviewed,Python,singularityhub,Container Tools,organization,,https://singularityhub.github.io,"pypi,conda",singularity-compose,121,1,0,1,79,0,810,,810,6,0,0,0.16831683168316836,0.0,1,0,"",0,0,0,0,0,0,push:810d release:810d commits:0 active_maint:0 closed:0 merged:0,https://science.ecosyste.ms/projects/2469
405,AutoEmulate,https://github.com/alan-turing-institute/autoemulate,active,98.0,13.047122456013614,0,Scientific Software,Peer-reviewed,Python,alan-turing-institute,The Alan Turing Institute,organization,,https://turing.ac.uk,pypi,autoemulate,154,0,0,1,118,0,364,,1,29,1553,20,0.7272458628841607,0.6065679330328397,15,7,"radka-j,sgreenbury,EdwinB12,marjanfamili,cisprague,ContiPaolo,SyedHaider2084",159,217,67,134,0,0,push:1d release:364d commits:1501 active_maint:7 closed:213 merged:134,https://science.ecosyste.ms/projects/243
406,Nanoq,https://github.com/esteinig/nanoq,unknown,95.0,16.04359794132835,0,Scientific Software,Peer-reviewed,Rust,esteinig,Eike Steinig,user,The Peter Doherty Institute for Infection and Immunity,,cargo,nanoq,0,0,0,1,139,0,1237,,682,4,0,0,0.21398601398601402,0.0,1,0,"",0,0,0,0,0,0,push:682d release:1237d commits:0 active_maint:0 closed:0 merged:0,https://science.ecosyste.ms/projects/1639
407,dustmaps,https://github.com/gregreen/dustmaps,active,95.0,15.988065322450206,0,Scientific Software,Peer-reviewed,Python,gregreen,Gregory Green,user,Max Planck Institute for Astronomy,greg.ory.gr/een,"pypi,conda",dustmaps,4769,42,10,1,80,0,513,,316,14,41,5,0.28398791540785495,0.46341463414634143,1,0,"",1,3,0,1,0,0,push:316d release:513d commits:41 active_maint:0 closed:1 merged:1,https://science.ecosyste.ms/projects/2821
408,coxeter,https://github.com/glotzerlab/coxeter,dormant,98.0,12.986296200967342,0,Scientific Software,Peer-reviewed,Python,glotzerlab,Glotzer Group,organization,,https://glotzerlab.engin.umich.edu,"conda,pypi",coxeter,515,1,0,6,24,0,521,,29,23,63,5,0.41628545288197616,0.15873015873015872,7,2,"janbridley,joaander",3,42,0,34,0,0,push:29d release:521d commits:7 active_maint:2 closed:35 merged:34,https://science.ecosyste.ms/projects/1832
409,Scientific Computational Imaging Code (SCICO),https://github.com/lanl/scico,active,98.0,12.984149036875424,0,Scientific Software,Peer-reviewed,Python,lanl,Los Alamos National Laboratory,organization,,https://www.lanl.gov/,"pypi,go","scico,github.com/lanl/scico",106,1,0,1,165,0,643,,9,16,81,4,0.5570824524312896,0.2098765432098766,2,1,bwohlberg,6,47,5,41,0,0,push:9d release:643d commits:81 active_maint:1 closed:47 merged:41,https://science.ecosyste.ms/projects/1359
410,startinpy,https://github.com/hugoledoux/startinpy,dormant,100.0,10.951683355290221,0,Scientific Software,Peer-reviewed,Rust,hugoledoux,Hugo Ledoux,user,Delft University of Technology,https://3d.bk.tudelft.nl/hledoux,pypi,startinpy,324,1,0,1,40,0,367,,9,5,11,1,0.03389830508474578,0.0,1,0,"",1,2,0,0,0,0,push:9d release:367d commits:11 active_maint:0 closed:1 merged:0,https://science.ecosyste.ms/projects/409
411,tpcp,https://github.com/mad-lab-fau/tpcp,active,98.0,12.945506860041434,0,Scientific Software,Peer-reviewed,Python,mad-lab-fau,Machine Learning and Data Analytics Lab FAU,organization,,https://www.mad.tf.fau.de,pypi,tpcp,1982,3,8,2,20,0,371,,14,7,31,1,0.1366061899679829,0.0,4,1,AKuederle,4,7,2,4,0,0,push:14d release:371d commits:31 active_maint:1 closed:7 merged:4,https://science.ecosyste.ms/projects/1245
412,cspy,https://github.com/torressa/cspy,dead,95.0,15.91621199793827,0,Scientific Software,Peer-reviewed,C++,torressa,David Torres,user,Gurobi Optimization,,"nuget,pypi","cspy.dotnet,cspy.dn,cspy,cspy.dotnet.runtime.osx-arm64,cspy.dn.runtime.osx-x64,cspy.dotnet.runtime.linux-x64",5629,8,1,1,94,0,1302,,780,10,0,0,0.4818652849740933,0.0,1,0,"",1,0,0,0,0,0,push:780d release:1302d commits:0 active_maint:0 closed:0 merged:0,https://science.ecosyste.ms/projects/2238
413,Pycapacity,https://github.com/auctus-team/pycapacity,dormant,100.0,10.912284536881874,0,Scientific Software,Peer-reviewed,Python,,,,,,pypi,pycapacity,275,1,0,1,39,0,528,,108,7,5,2,0.2373887240356083,0.19999999999999996,1,0,"",1,1,0,0,0,0,push:108d release:528d commits:5 active_maint:0 closed:0 merged:0,https://science.ecosyste.ms/projects/1005
414,MatchPy,https://github.com/hpac/matchpy,unknown,95.0,15.906323450073517,0,Scientific Software,Peer-reviewed,Python,HPAC,High-Performance and Automatic Computing,organization,,https://hpac.cs.umu.se/,"pypi,conda",matchpy,4025,30,0,2,175,0,1733,,833,10,0,0,0.21323529411764708,0.0,1,0,"",0,0,0,0,0,0,push:833d release:1733d commits:0 active_maint:0 closed:0 merged:0,https://science.ecosyste.ms/projects/2827
415,Pymer4,https://github.com/ejolly/pymer4,dormant,95.0,15.906284395935083,0,Scientific Software,Peer-reviewed,Python,ejolly,Eshin Jolly,user,,https://eshinjolly.com,pypi,pymer4,5269,7,1,1,231,0,428,,329,7,2,1,0.08933717579250722,0.0,1,0,"",8,7,2,3,0,0,push:329d release:428d commits:2 active_maint:0 closed:5 merged:3,https://science.ecosyste.ms/projects/2713
416,Nostril,https://github.com/casics/nostril,dead,95.0,15.875117436834799,0,Scientific Software,Peer-reviewed,Python,casics,CASICS,organization,,https://casics.github.io/overview,pypi,nostril-detector,36648,0,0,1,199,1,914,,1545,1,0,0,0.0,0.0,1,0,"",1,0,0,0,0,0,archived push:1545d release:914d commits:0 active_maint:0 closed:0 merged:0,https://science.ecosyste.ms/projects/2851
417,Speakerbox,https://github.com/councildataproject/speakerbox,unknown,100.0,10.872370734529454,0,Scientific Software,Peer-reviewed,Python,CouncilDataProject,CouncilDataProject,organization,,https://councildataproject.org,pypi,speakerbox,153,1,0,1,61,0,1235,,606,5,0,0,0.3098591549295775,0.0,1,0,"",0,0,0,0,0,0,push:606d release:1235d commits:0 active_maint:0 closed:0 merged:0,https://science.ecosyste.ms/projects/1205
418,Spafe,https://github.com/superkogito/spafe,dormant,93.0,17.871227591064653,0,Scientific Software,Peer-reviewed,Python,SuperKogito,Ayoub Malek,user,@Huawei,https://superkogito.github.io/,"go,pypi","github.com/superkogito/spafe,spafe",10074,9,1,1,485,0,791,,497,12,0,0,0.06997084548104959,0.0,1,0,"",0,3,0,2,0,0,push:497d release:791d commits:0 active_maint:0 closed:2 merged:2,https://science.ecosyste.ms/projects/1265
419,pointcloudset,https://github.com/virtual-vehicle/pointcloudset,active,100.0,10.862741983842398,0,Scientific Software,Peer-reviewed,Python,virtual-vehicle,Virtual Vehicle,organization,,https://www.v2c2.at,"pypi,go","pointcloudset,github.com/virtual-vehicle/pointcloudset",71,1,0,1,52,0,434,,79,11,115,1,0.2739975698663426,0.0,3,1,tgoelles,0,6,0,5,0,0,push:79d release:434d commits:115 active_maint:1 closed:5 merged:5,https://science.ecosyste.ms/projects/1752
420,Pywaterflood,https://github.com/frank1010111/pywaterflood,active,100.0,10.851393223779535,0,Scientific Software,Peer-reviewed,Python,frank1010111,Frank Male,user,Penn State University,,pypi,pywaterflood,280,1,0,1,60,0,610,,51,3,40,2,0.1782363977485929,0.42500000000000004,1,0,"",0,24,0,19,0,0,push:51d release:610d commits:17 active_maint:0 closed:19 merged:19,https://science.ecosyste.ms/projects/776
421,neotoma2,https://github.com/neotomadb/neotoma2,active,100.0,10.847004270663875,0,Scientific Software,Peer-reviewed,R,NeotomaDB,The Neotoma Paleoecology Database Collective,organization,,https://neotomadb.org,cran,neotoma2,351,3,0,1,11,0,380,,6,7,80,1,0.4153318077803204,0.0,2,1,sedv8808,1,16,1,5,0,0,push:6d release:380d commits:80 active_maint:1 closed:14 merged:5,https://science.ecosyste.ms/projects/909
422,UralicNLP,https://github.com/mikahama/uralicnlp,active,98.0,12.838790185263656,0,Scientific Software,Peer-reviewed,Python,mikahama,Mika Hämäläinen,user,Fly for Points,http://mikakalevi.com,"go,pypi","github.com/mikahama/uralicnlp,github.com/mikahama/uralicNLP,uralicnlp",572,1,0,1,100,0,609,,140,9,19,4,0.6056338028169015,0.5789473684210527,0,0,"",0,1,0,1,0,0,push:140d release:609d commits:19 active_maint:0 closed:1 merged:1,https://science.ecosyste.ms/projects/2578
423,Paicos,https://github.com/tberlok/paicos,active,100.0,10.802672816507343,0,Scientific Software,Peer-reviewed,Jupyter Notebook,tberlok,Thomas Berlok,user,Leibniz Institute for Astrophysics Potsdam (AIP),http://www.tberlok.dk,pypi,paicos,511,0,0,1,16,0,347,,236,6,31,2,0.049786628733997196,0.06451612903225812,4,1,tberlok,0,13,0,9,0,0,push:236d release:347d commits:29 active_maint:1 closed:9 merged:9,https://science.ecosyste.ms/projects/735
424,checkpoint_schedules,https://github.com/firedrakeproject/checkpoint_schedules,dormant,100.0,10.795485591841238,0,Scientific Software,Peer-reviewed,Python,firedrakeproject,Firedrake,organization,,https://www.firedrakeproject.org,pypi,checkpoint-schedules,2438,0,0,2,4,0,644,,497,4,0,0,0.05693069306930698,0.0,1,0,"",1,4,1,3,0,0,push:497d release:644d commits:0 active_maint:0 closed:4 merged:3,https://science.ecosyste.ms/projects/773
425,doped,https://github.com/smtg-bham/doped,active,95.0,15.789508247180535,0,Scientific Software,Peer-reviewed,Python,SMTG-Bham,Scanlon Materials Theory Group,organization,,http://davidscanlon.com,pypi,doped,3377,1,1,1,268,0,416,,11,10,139,1,0.07178217821782173,0.0,5,3,"kavanase,alexsquires,Ath088",13,8,11,2,0,0,push:11d release:416d commits:139 active_maint:3 closed:14 merged:2,https://science.ecosyste.ms/projects/740
426,flowMC,https://github.com/kazewong/flowmc,active,95.0,15.788926362775708,0,Scientific Software,Peer-reviewed,Python,kazewong,Kaze Wong,user,,,pypi,flowmc,2970,0,1,1,258,0,392,,275,10,34,2,0.09704251386321627,0.02941176470588236,3,1,kazewong,22,53,13,47,0,0,push:275d release:392d commits:33 active_maint:1 closed:60 merged:47,https://science.ecosyste.ms/projects/1212
427,Cabana,https://github.com/ecp-copa/cabana,active,100.0,10.781037456093852,0,Scientific Software,Peer-reviewed,C++,ECP-copa,Co-design center for Particle Applications (CoPA),organization,,,spack,cabana,0,0,1,3,276,0,1577,,62,41,41,10,0.6833414278776104,0.3902439024390244,13,5,"streeve,kwitaechong,terwin,aprokop,dalg24",13,40,5,20,0,0,push:62d release:1577d commits:41 active_maint:5 closed:29 merged:20,https://science.ecosyste.ms/projects/1550
428,t8code - modular adaptive mesh refinement in the exascale era,https://github.com/dlr-amr/t8code,active,100.0,10.770588040219511,0,Scientific Software,Peer-reviewed,C++,DLR-AMR,German Aerospace Center - scalable adaptive mesh refinement,organization,,https://www.dlr.de/sc,spack,t8code,0,0,0,2,320,0,783,,15,56,1516,17,0.7363654070899883,0.7810026385224275,25,10,"lenaploetzke,Davknapp,spenke91,holke,sandro-elsweijer,lukasdreyer,benegee,LenaRadmer,Lena-Richter,tunxu",97,114,31,40,0,0,push:15d release:783d commits:1500 active_maint:10 closed:76 merged:40,https://science.ecosyste.ms/projects/290
429,Clustergram,https://github.com/martinfleis/clustergram,dormant,98.0,12.758266674506904,0,Scientific Software,Peer-reviewed,Jupyter Notebook,martinfleis,Martin Fleischmann,user,,martinfleischmann.net,"conda,pypi",clustergram,875,5,0,1,126,0,855,,9,4,16,3,0.18452380952380953,0.5625,1,1,martinfleis,0,10,0,9,0,0,push:9d release:855d commits:7 active_maint:1 closed:9 merged:9,https://science.ecosyste.ms/projects/1019
430,regional-mom6,https://github.com/cosima/regional-mom6,active,100.0,10.75577295443437,0,Scientific Software,Peer-reviewed,Python,COSIMA,COSIMA,organization,,http://cosima.org.au,pypi,regional-mom6,98,0,0,2,34,0,435,,7,11,39,6,0.4522821576763485,0.3076923076923077,8,4,"manishvenu,ashjbarnes,elizabeth-ellison,helenmacdonald",16,35,1,14,0,0,push:7d release:435d commits:39 active_maint:4 closed:19 merged:14,https://science.ecosyste.ms/projects/552
431,piecewise-regression (aka segmented regression) in Python,https://github.com/chasmani/piecewise-regression,dead,93.0,17.711707245290153,0,Scientific Software,Peer-reviewed,Python,chasmani,Chasmani,user,,,"conda,pypi",piecewise-regression,129169,1,2,1,130,0,955,,781,3,0,0,0.10185185185185186,0.0,1,0,"",1,0,0,0,0,0,push:781d release:955d commits:0 active_maint:0 closed:0 merged:0,https://science.ecosyste.ms/projects/1676
432,EnsembleKalmanProcesses.jl,https://github.com/clima/ensemblekalmanprocesses.jl,active,98.0,12.707865597265318,0,Scientific Software,Peer-reviewed,Julia,CliMA,Climate Modeling Alliance,organization,,https://clima.caltech.edu,julia,EnsembleKalmanProcesses,0,0,8,0,117,0,394,,9,35,44,11,0.5993031358885017,0.6818181818181819,13,4,"odunbar,nefrathenrici,ph-kev,rgjini",11,24,4,13,0,0,push:9d release:394d commits:30 active_maint:4 closed:17 merged:13,https://science.ecosyste.ms/projects/1297
433,cfdm,https://github.com/ncas-cms/cfdm,active,98.0,12.703509032177148,0,Scientific Software,Peer-reviewed,Python,NCAS-CMS,NCAS CMS,organization,,http://cms.ncas.ac.uk/,"conda,pypi",cfdm,1258,4,1,2,31,0,2241,,14,8,537,6,0.2147155361050328,0.472998137802607,1,1,sadielbartholomew,34,30,24,26,0,0,push:14d release:2241d commits:534 active_maint:1 closed:50 merged:26,https://science.ecosyste.ms/projects/2099
434,f3dasm,https://github.com/bessagroup/f3dasm,active,98.0,12.668485034080089,0,Scientific Software,Peer-reviewed,Python,bessagroup,Bessa Research Group,organization,,,pypi,f3dasm,397,1,2,2,126,0,349,,29,8,136,4,0.02857142857142858,0.16176470588235292,6,2,"mpvanderschelling,SNMS95",9,36,3,24,0,0,push:29d release:349d commits:136 active_maint:2 closed:32 merged:24,https://science.ecosyste.ms/projects/538
435,tidynamics,https://github.com/pdebuyl-lab/tidynamics,unknown,98.0,12.664762514875637,0,Scientific Software,Peer-reviewed,Python,pdebuyl-lab,Pierre de Buyl's lab,organization,,http://lab.pdebuyl.be/,"pypi,conda",tidynamics,5305,4,6,1,33,0,1115,,1115,2,0,0,0.006849315068493178,0.0,1,0,"",0,0,0,0,0,0,push:1115d release:1115d commits:0 active_maint:0 closed:0 merged:0,https://science.ecosyste.ms/projects/2780
436,SCIMAP,https://github.com/labsyspharm/scimap,dormant,95.0,15.662866341960939,0,Scientific Software,Peer-reviewed,Python,labsyspharm,Laboratory of Systems Pharmacology @ Harvard,organization,,https://labsyspharm.org/,pypi,scimap,3363,1,0,1,113,0,395,,141,14,4,2,0.09785202863961817,0.25,1,0,"",7,3,3,1,0,0,push:141d release:395d commits:4 active_maint:0 closed:4 merged:1,https://science.ecosyste.ms/projects/681
437,MCMCvis,https://github.com/caseyyoungflesh/mcmcvis,dormant,95.0,15.65271268996371,0,Scientific Software,Peer-reviewed,HTML,caseyyoungflesh,Casey Youngflesh,user,Michigan State University,www.caseyyoungflesh.com,cran,MCMCvis,1822,6,2,1,39,0,1017,,246,6,10,1,0.3545706371191135,0.0,2,0,"",2,0,2,0,0,0,push:246d release:1017d commits:10 active_maint:0 closed:2 merged:0,https://science.ecosyste.ms/projects/2872
438,EISPAC - The EIS Python Analysis Code,https://github.com/usnavalresearchlaboratory/eispac,active,98.0,12.643007350507734,0,Scientific Software,Peer-reviewed,Python,USNavalResearchLaboratory,US Naval Research Laboratory,organization,,http://www.nrl.navy.mil,pypi,eispac,837,1,0,1,26,0,338,,58,9,6,1,0.430379746835443,0.0,1,1,MJWeberg,5,6,2,3,0,0,push:58d release:338d commits:6 active_maint:1 closed:5 merged:3,https://science.ecosyste.ms/projects/1119
439,InvertibleNetworks.jl,https://github.com/slimgroup/invertiblenetworks.jl,dormant,100.0,10.624736163206949,0,Scientific Software,Peer-reviewed,Julia,slimgroup,SLIM GROUP,organization,,https://slim.gatech.edu,julia,InvertibleNetworks,0,0,0,0,170,0,667,,302,23,8,2,0.6799116997792494,0.25,8,1,flexie,3,14,0,5,0,0,push:302d release:667d commits:8 active_maint:1 closed:5 merged:5,https://science.ecosyste.ms/projects/568
440,OSTIR,https://github.com/barricklab/ostir,dormant,100.0,10.624249900129048,0,Scientific Software,Peer-reviewed,Python,barricklab,Barrick Lab,organization,,http://barricklab.org,pypi,"ostir,ostir50,ostir-50",253,1,1,2,33,0,616,,365,5,2,1,0.3144654088050315,0.0,1,0,"",1,0,1,0,0,0,push:365d release:616d commits:2 active_maint:0 closed:1 merged:0,https://science.ecosyste.ms/projects/1799
441,HOI,https://github.com/brainets/hoi,active,100.0,10.574644715204458,0,Scientific Software,Peer-reviewed,Python,brainets,BraiNets,organization,,https://brainets.github.io/,pypi,hoi,90,0,0,1,47,0,631,,77,10,50,1,0.5021929824561404,0.0,2,1,Mattehub,4,4,0,2,0,0,push:77d release:631d commits:50 active_maint:1 closed:2 merged:2,https://science.ecosyste.ms/projects/412
442,MIDI.jl,https://github.com/juliamusic/midi.jl,unknown,100.0,10.55776395870708,0,Scientific Software,Peer-reviewed,Julia,JuliaMusic,JuliaMusic,organization,,https://juliamusic.github.io/JuliaMusic_documentation.jl/dev/,julia,MIDI,0,1,1,0,67,0,759,,739,27,0,0,0.48417721518987344,0.0,6,0,"",0,0,0,0,0,0,push:739d release:759d commits:0 active_maint:0 closed:0 merged:0,https://science.ecosyste.ms/projects/2632
443,BioPsyKit,https://github.com/mad-lab-fau/biopsykit,active,98.0,12.556053232176179,0,Scientific Software,Peer-reviewed,Python,mad-lab-fau,Machine Learning and Data Analytics Lab FAU,organization,,https://www.mad.tf.fau.de,pypi,biopsykit,359,1,0,2,49,0,401,,121,14,14,1,0.10131852879944481,0.0,7,0,"",0,1,0,1,0,0,push:121d release:401d commits:14 active_maint:0 closed:1 merged:1,https://science.ecosyste.ms/projects/1731
444,Mashpit,https://github.com/tongzhouxu/mashpit,dormant,100.0,10.551637367165338,0,Scientific Software,Peer-reviewed,Python,tongzhouxu,Tongzhou Xu,user,,,pypi,mashpit,237,1,0,1,14,0,592,,28,10,3,1,0.3523316062176166,0.0,1,0,"",9,1,8,1,0,0,push:28d release:592d commits:3 active_maint:0 closed:9 merged:1,https://science.ecosyste.ms/projects/349
445,COOLEST,https://github.com/aymgal/coolest,active,100.0,10.549281036712603,0,Scientific Software,Peer-reviewed,Jupyter Notebook,aymgal,Aymeric Galan,user,,,pypi,coolest,217,0,0,1,18,0,784,,164,9,29,3,0.1545988258317026,0.2068965517241379,3,1,aymgal,0,6,0,5,0,0,push:164d release:784d commits:29 active_maint:1 closed:5 merged:5,https://science.ecosyste.ms/projects/1041
446,MWRpy,https://github.com/actris-cloudnet/mwrpy,active,100.0,10.524064040261239,0,Scientific Software,Peer-reviewed,Python,actris-cloudnet,ACTRIS Cloudnet,organization,,https://cloudnet.fmi.fi/,pypi,mwrpy,1545,1,1,3,10,0,331,,9,5,36,4,0.6014319809069213,0.6111111111111112,1,1,tobiasmarke,0,2,0,2,0,0,push:9d release:331d commits:36 active_maint:1 closed:2 merged:2,https://science.ecosyste.ms/projects/633
447,ngsxfem,https://github.com/ngsxfem/ngsxfem,active,95.0,15.522316531312143,0,Scientific Software,Peer-reviewed,C++,ngsxfem,,user,,,pypi,"xfem,xfem-avx2",1753,1,0,4,96,0,336,,31,36,86,6,0.679363274587834,0.18604651162790697,2,0,"",2,4,1,3,0,0,push:31d release:336d commits:86 active_maint:0 closed:4 merged:3,https://science.ecosyste.ms/projects/1807
448,GTFS Segments,https://github.com/utel-uiuc/gtfs_segments,dormant,100.0,10.509441521393695,0,Scientific Software,Peer-reviewed,Python,UTEL-UIUC,UTEL-UIUC,organization,,,"go,pypi","github.com/utel-uiuc/gtfs_segments,gtfs-segments,github.com/UTEL-UIUC/gtfs_segments",258,0,1,1,49,0,682,,395,3,0,0,0.02941176470588236,0.0,1,0,"",4,6,2,4,0,0,push:395d release:682d commits:0 active_maint:0 closed:6 merged:4,https://science.ecosyste.ms/projects/777
449,PyAutoCTI,https://github.com/jammy2211/pyautocti,dormant,100.0,10.505889119789328,0,Scientific Software,Peer-reviewed,Python,Jammy2211,James Nightingale,user,Durham University,www.jamesnightingale.net,pypi,"autocti-no-gsl,autocti",560,0,0,2,6,0,1292,,624,5,0,0,0.2893639207507821,0.0,3,0,"",0,1,0,1,0,0,push:624d release:1292d commits:0 active_maint:0 closed:1 merged:1,https://science.ecosyste.ms/projects/671
450,abcvoting,https://github.com/martinlackner/abcvoting,active,98.0,12.499421133483503,0,Scientific Software,Peer-reviewed,Python,martinlackner,Martin Lackner,user,TU Wien,http://martin.lackner.xyz/,pypi,abcvoting,630,1,2,1,44,0,378,,61,13,64,6,0.2157676348547718,0.109375,2,1,martinlackner,6,11,3,10,0,0,push:61d release:378d commits:64 active_maint:1 closed:13 merged:10,https://science.ecosyste.ms/projects/1263
451,USAboundaries,https://github.com/ropensci/usaboundaries,active,93.0,17.49701891214743,0,Scientific Software,Peer-reviewed,R,ropensci,rOpenSci,organization,,https://ropensci.org/,"go,cran","github.com/ropensci/usaboundaries,github.com/ropensci/USAboundaries,USAboundaries",0,7,3,1,67,0,1752,,182,8,49,1,0.2269230769230769,0.0,5,0,"",2,1,1,1,0,0,pkg:removed push:182d release:1752d commits:49 active_maint:0 closed:2 merged:1,https://science.ecosyste.ms/projects/2880
452,tidyHeatmap,https://github.com/stemangiola/tidyheatmap,active,95.0,15.494789222333088,0,Scientific Software,Peer-reviewed,R,stemangiola,Stefano Mangiola,user,Walter and Eliza Hall Institute of Medical Research,,"cran,go","tidyHeatmap,github.com/stemangiola/tidyHeatmap,github.com/stemangiola/tidyheatmap",1646,11,0,1,361,0,373,,173,10,18,2,0.06808510638297871,0.33333333333333337,2,1,stemangiola,4,13,2,7,0,0,push:173d release:373d commits:12 active_maint:1 closed:10 merged:7,https://science.ecosyste.ms/projects/2174
453,DIANNA,https://github.com/dianna-ai/dianna,active,98.0,12.470281361796312,0,Scientific Software,Peer-reviewed,Jupyter Notebook,dianna-ai,Deep Insight And Neural Network Analysis (DIANNA)​,organization,,https://www.esciencecenter.nl/news/explaining-the-unexplained-at-the-netherlands-escience-center-and-surf/,"pypi,go","dianna,github.com/dianna-ai/dianna",85,1,0,2,56,0,638,,31,21,66,3,0.7886652542372882,0.5151515151515151,7,1,egpbos,2,2,0,1,0,0,push:31d release:638d commits:34 active_maint:1 closed:1 merged:1,https://science.ecosyste.ms/projects/1301
454,MParT,https://github.com/measuretransport/mpart,dormant,100.0,10.466981524869203,0,Scientific Software,Peer-reviewed,C++,MeasureTransport,MeasureTransport,organization,,,"conda,pypi",mpart,60,0,0,1,18,0,884,,239,8,0,0,0.5279866332497911,0.0,0,0,"",1,1,1,0,0,0,push:239d release:884d commits:0 active_maint:0 closed:1 merged:0,https://science.ecosyste.ms/projects/1288
455,EPyT-Flow,https://github.com/waterfutures/epyt-flow,active,100.0,10.450452222917992,0,Scientific Software,Peer-reviewed,Python,WaterFutures,ERC Synergy Grant Water Futures,organization,,www.waterfutures.eu,"go,pypi","github.com/WaterFutures/EPyT-Flow,github.com/waterfutures/epyt-flow,epyt-flow",214,0,0,2,42,0,332,,13,7,108,5,0.13309776207302704,0.20370370370370372,2,0,"",1,5,1,3,1,0,push:13d release:332d commits:108 active_maint:0 closed:4 merged:3 adv:1/0,https://science.ecosyste.ms/projects/408
456,PypeIt,https://github.com/pypeit/pypeit,active,95.0,15.437058052548101,0,Scientific Software,Peer-reviewed,Python,pypeit,PypeIt,organization,,,"conda,pypi",pypeit,257,3,2,2,200,0,413,,1,69,533,15,0.7543073742246726,0.6848030018761726,24,14,"kbwestfall,tbowers7,debora-pe,profxj,tepickering,bpholden,MNBrod,rcooke-ast,badpandabear,ejeschke,cfremling,feigewang,holtzmanjon,Raindogjones",36,89,9,42,0,0,push:1d release:413d commits:533 active_maint:14 closed:54 merged:42,https://science.ecosyste.ms/projects/2020
457,pytorch_geometric,https://github.com/pyg-team/pytorch_geometric,active,77.0,33.43521428497024,0,,,Python,pyg-team,PyG,organization,,https://pyg.org,"pypi,conda","torch-geometric,pyg-nightly,pytorch_geometric",927347,1062,120,1,23907,0,562,,8,563,145,27,0.3026769149218129,0.7172413793103448,7,2,"akihironitta,rusty1s",21,131,8,37,0,0,push:8d release:562d commits:123 active_maint:2 closed:54 merged:37,https://science.ecosyste.ms/projects/41723
458,nomisr,https://github.com/ropensci/nomisr,unknown,93.0,17.41706258515006,0,Scientific Software,Peer-reviewed,R,ropensci,rOpenSci,organization,,https://ropensci.org/,cran,nomisr,280,2,0,1,51,0,1510,,696,5,0,0,0.07547169811320753,0.0,3,0,"",0,0,0,0,0,0,pkg:removed push:696d release:1510d commits:0 active_maint:0 closed:0 merged:0,https://science.ecosyste.ms/projects/2810
459,VeridicalFlow,https://github.com/yu-group/veridical-flow,unknown,100.0,10.40408100573587,0,Scientific Software,Peer-reviewed,Jupyter Notebook,Yu-Group,Yu-Group,organization,,https://www.stat.berkeley.edu/~yugroup/,pypi,vflow,44,1,0,2,72,0,899,,899,9,0,0,0.6234817813765182,0.0,4,0,"",0,0,0,0,0,0,push:899d release:899d commits:0 active_maint:0 closed:0 merged:0,https://science.ecosyste.ms/projects/1636
460,uravu,https://github.com/arm61/uravu,dormant,100.0,10.38145935143104,0,Scientific Software,Peer-reviewed,Python,arm61,Andrew McCluskey,user,European Spallation Source,https://mccluskey.scot,pypi,uravu,189,1,1,1,27,0,1011,,639,6,0,0,0.3477011494252874,0.0,1,0,"",0,1,0,1,0,0,push:639d release:1011d commits:0 active_maint:0 closed:1 merged:1,https://science.ecosyste.ms/projects/2234
461,Nanomesh,https://github.com/hpgem/nanomesh,unknown,98.0,12.378141825859776,0,Scientific Software,Peer-reviewed,Jupyter Notebook,hpgem,hpgem,organization,,,pypi,nanomesh,1411,1,1,1,45,0,1392,,773,4,0,0,0.2350746268656716,0.0,0,0,"",0,0,0,0,0,0,push:773d release:1392d commits:0 active_maint:0 closed:0 merged:0,https://science.ecosyste.ms/projects/1381
462,gotranx,https://github.com/finsberg/gotranx,active,100.0,10.36741023021586,0,Scientific Software,Peer-reviewed,Python,finsberg,Henrik Finsberg,user,Simula Research Laboratoy,https://finsberg.github.io,pypi,gotranx,278,0,0,1,13,0,425,,8,7,96,4,0.2751677852348994,0.5208333333333333,1,1,finsberg,0,43,0,34,0,0,push:8d release:425d commits:34 active_maint:1 closed:34 merged:34,https://science.ecosyste.ms/projects/445
463,Virgo,https://github.com/0xcoto/virgo,dead,98.0,12.311621143518215,0,Scientific Software,Peer-reviewed,Python,0xCoto,Apostolos,user,,,pypi,astro-virgo,292,1,0,1,189,0,1430,,1103,4,0,0,0.03157894736842104,0.0,1,0,"",3,0,0,0,0,0,push:1103d release:1430d commits:0 active_maint:0 closed:0 merged:0,https://science.ecosyste.ms/projects/1872
464,21cmFAST v3,https://github.com/21cmfast/21cmfast,active,95.0,15.285962227090888,0,Scientific Software,Peer-reviewed,Python,21cmfast,21cmFAST Collaboration,organization,,,"conda,pypi",21cmfast,1103,0,4,3,78,0,721,,27,32,735,11,0.6828222881635344,0.6340136054421769,4,1,steven-murray,27,70,8,48,0,0,push:27d release:721d commits:637 active_maint:1 closed:57 merged:48,https://science.ecosyste.ms/projects/2086
465,xphyle,https://github.com/jdidion/xphyle,dormant,100.0,10.237241813090291,0,Scientific Software,Peer-reviewed,Python,jdidion,John Didion,user,Apton,http://john.didion.net,"conda,pypi",xphyle,172,4,2,1,24,0,1021,,25,4,7,1,0.2801204819277109,0.0,2,2,"jdidion,pyup-bot",2,7,1,4,0,0,push:25d release:1021d commits:7 active_maint:2 closed:6 merged:4,https://science.ecosyste.ms/projects/3021
466,py-sc-fermi,https://github.com/bjmorgan/py-sc-fermi,active,100.0,10.23566486487446,0,Scientific Software,Peer-reviewed,Python,bjmorgan,Benjamin Morgan,user,University of Bath,,pypi,py-sc-fermi,201,1,1,2,33,0,561,,14,4,55,2,0.3033932135728543,0.018181818181818188,2,2,"bjmorgan,alexsquires",7,22,4,18,0,0,push:14d release:561d commits:55 active_maint:2 closed:23 merged:18,https://science.ecosyste.ms/projects/1252
467,TrackerControl,https://github.com/trackercontrol/tracker-control-android,active,100.0,10.233366673687698,0,Scientific Software,Peer-reviewed,Java,TrackerControl,TrackerControl,organization,,https://trackercontrol.org/,,,0,,,,2539,0,,,7,16,524,5,0.48307692307692307,0.07633587786259544,1,1,kasnder,73,81,41,46,0,0,push:7d commits:516 active_maint:1 closed:101 merged:46,https://science.ecosyste.ms/projects/1461
468,CASTRO,https://github.com/amrex-astro/castro,active,100.0,10.227634139466705,0,Scientific Software,Peer-reviewed,C++,AMReX-Astro,AMReX-Astro,organization,,,,,0,,,,338,0,,,10,65,188,9,0.49595185995623636,0.26595744680851063,9,3,"zingale,zhichen3,maximumcats",7,118,4,75,0,0,push:10d commits:181 active_maint:3 closed:81 merged:75,https://science.ecosyste.ms/projects/2084
469,HylleraasMD,https://github.com/cascella-group-uio/hymd,dormant,100.0,10.199137794637085,0,Scientific Software,Peer-reviewed,Python,Cascella-Group-UiO,Cascella-Group-UiO,organization,,,pypi,hymd,28,1,0,1,30,0,1028,,692,16,0,0,0.6968421052631579,0.0,3,0,"",0,1,0,1,0,0,push:692d release:1028d commits:0 active_maint:0 closed:1 merged:1,https://science.ecosyste.ms/projects/1163
470,LenslessPiCam,https://github.com/lcav/lenslesspicam,dormant,100.0,10.173819986652795,0,Scientific Software,Peer-reviewed,Jupyter Notebook,LCAV,Audiovisual Communications Laboratory,organization,,lcav.epfl.ch,pypi,lensless,34,1,0,1,91,0,395,,34,8,2,1,0.10676156583629892,0.0,2,0,"",1,9,0,5,0,0,push:34d release:395d commits:2 active_maint:0 closed:5 merged:5,https://science.ecosyste.ms/projects/1087
471,Rasusa,https://github.com/mbhall88/rasusa,active,93.0,17.146076476380966,0,Scientific Software,Peer-reviewed,Rust,mbhall88,Michael Hall,user,University of Queensland | UQCCR,https://mbh.sh,cargo,rasusa,0,0,0,1,271,0,370,,6,9,114,4,0.29096045197740117,0.4473684210526315,1,1,mbhall88,22,86,10,54,0,0,push:6d release:370d commits:64 active_maint:1 closed:86 merged:54,https://science.ecosyste.ms/projects/1621
472,libecpint,https://github.com/robashaw/libecpint,dormant,100.0,10.134361149912248,0,Scientific Software,Peer-reviewed,C++,robashaw,Robert Shaw,user,,https://www.rashaw.net,"go,conda,homebrew,spack","github.com/robashaw/libecpint,libecpint",31,1,1,0,28,0,1152,,38,21,10,4,0.5630252100840336,0.6,2,1,robashaw,2,7,1,0,0,0,push:38d release:1152d commits:10 active_maint:1 closed:1 merged:0,https://science.ecosyste.ms/projects/1923
473,MetaWards,https://github.com/metawards/metawards,unknown,100.0,10.129586731675971,0,Scientific Software,Peer-reviewed,Python,metawards,MetaWards,organization,,,pypi,metawards,197,1,0,1,14,0,1595,,745,9,0,0,0.11633663366336633,0.0,1,0,"",0,0,0,0,0,0,push:745d release:1595d commits:0 active_maint:0 closed:0 merged:0,https://science.ecosyste.ms/projects/1604
474,swiftsimio,https://github.com/swiftsim/swiftsimio,active,95.0,15.097761313697019,0,Scientific Software,Peer-reviewed,Python,SWIFTSIM,SWIFT astrophysics simulation code and ecosystem of tools,organization,,www.swiftsim.com,pypi,swiftsimio,3551,7,2,2,29,0,350,,45,24,50,7,0.4067796610169492,0.43999999999999995,11,5,"kyleaoman,robjmcgibbon,JBorrow,MatthieuSchaller,nickishch",27,42,11,27,0,0,push:45d release:350d commits:50 active_maint:5 closed:41 merged:27,https://science.ecosyste.ms/projects/2176
475,VIP,https://github.com/vortex-exoplanet/vip,active,95.0,15.076663375896882,0,Scientific Software,Peer-reviewed,Python,vortex-exoplanet,PSILab,organization,,,pypi,vip-hci,829,2,1,2,79,0,442,,9,49,155,7,0.6227091633466135,0.5290322580645161,0,0,"",1,51,0,39,0,0,push:9d release:442d commits:137 active_maint:0 closed:44 merged:39,https://science.ecosyste.ms/projects/1284
476,Astronomical échelle spectroscopy data analysis with `muler`,https://github.com/ottostruve/muler,active,98.0,12.073540753238735,0,Scientific Software,Peer-reviewed,TeX,OttoStruve,OttoStruve,organization,,https://astronomy.utexas.edu/,"conda,pypi",muler,320,2,0,3,22,0,347,,124,12,118,4,0.4498327759197325,0.13559322033898302,5,1,kfkaplan,0,5,0,2,0,0,push:124d release:347d commits:118 active_maint:1 closed:2 merged:2,https://science.ecosyste.ms/projects/1515
477,"A GPU-Accelerated Open-Source Python Package for Calculating Powder Diffraction, Small-Angle-, and Total Scattering with the Debye Scattering Equation",https://github.com/frederiklizakjohansen/debyecalculator,dormant,100.0,10.064542911536916,0,Scientific Software,Peer-reviewed,Jupyter Notebook,FrederikLizakJohansen,Frederik Lizak Johansen,user,@NanostructureUCPH ,,pypi,debyecalculator,126,0,0,1,37,0,638,,588,5,0,0,0.5124378109452736,0.0,3,0,"",1,2,1,2,0,0,push:588d release:638d commits:0 active_maint:0 closed:3 merged:2,https://science.ecosyste.ms/projects/825
478,spant,https://github.com/martin3141/spant,active,95.0,15.060516662483849,0,Scientific Software,Peer-reviewed,R,martin3141,Martin Wilson,user,University of Birmingham,wilsonlab.co.uk,cran,spant,1077,0,0,1,27,0,346,,10,6,201,1,0.01005025125628145,0.0,1,1,martin3141,2,1,2,1,0,0,push:10d release:346d commits:201 active_maint:1 closed:3 merged:1,https://science.ecosyste.ms/projects/1705
479,instances,https://github.com/huggingface/pytorch-image-models,active,77.0,33.0568565406603,0,,,Python,huggingface,Hugging Face,organization,,https://huggingface.co/,"pypi,go","instances,github.com/huggingface/pytorch-image-models,thingstuff,timm,timm-eidl",12108133,7759,383,1,37020,0,371,,3,198,238,28,0.1968124536693847,0.20588235294117652,6,1,rwightman,30,76,23,45,0,0,push:3d release:371d commits:238 active_maint:1 closed:78 merged:45,https://science.ecosyste.ms/projects/38922
480,MF2,https://github.com/sjvrijn/mf2,dormant,100.0,10.04810724214607,0,Scientific Software,Peer-reviewed,Python,sjvrijn,Sander van Rijn,user,@NLeSC ,http://www.svrijn.nl,"pypi,conda",mf2,105,1,0,1,30,0,1513,,335,6,9,1,0.022662889518413554,0.0,1,0,"",0,1,0,0,0,0,push:335d release:1513d commits:9 active_maint:0 closed:0 merged:0,https://science.ecosyste.ms/projects/2153
481,"BurnMan -- a Python toolkit for planetary geophysics, geochemistry and thermodynamics",https://github.com/geodynamics/burnman,active,95.0,15.023961520356185,0,Scientific Software,Peer-reviewed,Python,geodynamics,Computational Infrastructure for Geodynamics,organization,,https://www.geodynamics.org/,"pypi,go","burnman,github.com/geodynamics/burnman",2548,3,1,2,84,0,609,,26,21,167,4,0.5404742436631235,0.029940119760479056,2,1,bobmyhill,6,37,5,34,0,0,push:26d release:609d commits:167 active_maint:1 closed:39 merged:34,https://science.ecosyste.ms/projects/1065
482,Nempy,https://github.com/unsw-ceem/nempy,dormant,96.0,14.018634242387492,0,Scientific Software,Peer-reviewed,Python,UNSW-CEEM,Collaboration on Energy and Environmental Markets (CEEM),organization,,http://ceem.unsw.edu.au/,"pypi,go","nempy,github.com/UNSW-CEEM/nempy,github.com/unsw-ceem/nempy",2571,1,1,1,68,0,510,,281,8,2,1,0.11267605633802813,0.0,1,1,nick-gorman,2,5,0,1,0,0,push:281d release:510d commits:2 active_maint:1 closed:1 merged:1,https://science.ecosyste.ms/projects/1612
483,Choice-Learn,https://github.com/artefactory/choice-learn,active,98.0,12.013094508547692,0,Scientific Software,Peer-reviewed,Python,artefactory,artefactory,organization,,,pypi,choice-learn,169,0,0,1,124,0,382,,13,11,46,5,0.14322916666666663,0.28260869565217395,6,2,"VincentAuriau,michaelteboul",3,38,1,25,0,0,push:13d release:382d commits:43 active_maint:2 closed:27 merged:25,https://science.ecosyste.ms/projects/504
484,effmass,https://github.com/lucydot/effmass,dormant,98.0,11.999196066679836,0,Scientific Software,Peer-reviewed,Jupyter Notebook,lucydot,Lucy Whalley,user,Northumbria University,lucydot.github.io,pypi,effmass,152,1,0,1,86,0,1155,,80,11,3,1,0.10747663551401865,0.0,1,0,"",0,0,0,0,0,0,push:80d release:1155d commits:3 active_maint:0 closed:0 merged:0,https://science.ecosyste.ms/projects/2799
485,SelfEEG,https://github.com/medmaxlab/selfeeg,dormant,100.0,9.991498429858842,0,Scientific Software,Peer-reviewed,Python,MedMaxLab,MedMaxLab,organization,,,pypi,selfeeg,51,0,0,1,73,0,422,,413,7,0,0,0.1164021164021164,0.0,1,0,"",0,6,0,2,0,0,push:413d release:422d commits:0 active_maint:0 closed:5 merged:2,https://science.ecosyste.ms/projects/781
486,Stripy,https://github.com/underworldcode/stripy,dormant,95.0,14.990358315962965,0,Scientific Software,Peer-reviewed,Jupyter Notebook,underworldcode,Underworld geodynamics software platform and tools,organization,,http://www.underworldcode.org,"conda,pypi",stripy,2794,5,4,3,55,0,967,,7,17,0,0,0.6761061946902656,0.0,4,1,brmather,2,1,0,0,0,0,push:7d release:967d commits:0 active_maint:1 closed:0 merged:0,https://science.ecosyste.ms/projects/2545
487,ENZO,https://github.com/enzo-project/enzo-dev,dormant,100.0,9.98377638376493,0,Scientific Software,Peer-reviewed,C,enzo-project,enzo-project,organization,,,,,0,,,,99,0,,,337,126,11,1,0.8909837595669218,0.0,1,0,"",2,1,0,0,0,0,push:337d commits:11 active_maint:0 closed:1 merged:0,https://science.ecosyste.ms/projects/2435
488,Snek5000,https://github.com/snek5000/snek5000,dormant,100.0,9.9813740911932,0,Scientific Software,Peer-reviewed,Python,snek5000,snek5000,organization,,,pypi,snek5000,42,1,3,1,30,0,1071,,198,10,2,1,0.4,0.0,1,0,"",0,13,0,10,0,0,push:198d release:1071d commits:0 active_maint:0 closed:10 merged:10,https://science.ecosyste.ms/projects/1027
489,MNELAB,https://github.com/cbrnr/mnelab,active,95.0,14.980790349878397,0,Scientific Software,Peer-reviewed,Python,cbrnr,Clemens Brunner,user,University of Graz,https://cbrnr.github.io/,"conda,pypi",mnelab,466,3,0,1,294,0,366,,1,21,224,5,0.1328125,0.1339285714285714,1,1,cbrnr,12,90,8,69,0,0,push:1d release:366d commits:209 active_maint:1 closed:90 merged:69,https://science.ecosyste.ms/projects/1378
490,MODULO,https://github.com/mendezvki/modulo,active,98.0,11.96507057591465,0,Scientific Software,Peer-reviewed,HTML,mendezVKI,,user,von Karman Institute for Fluid Dynamics,,pypi,modulo-vki,205,1,0,3,100,0,351,,100,8,9,1,0.5626373626373626,0.0,4,1,lorenzoschena,4,6,3,3,0,0,push:100d release:351d commits:9 active_maint:1 closed:6 merged:3,https://science.ecosyste.ms/projects/444
491,fmcmc,https://github.com/uscbiostats/fmcmc,dormant,96.0,13.910047711788263,0,Scientific Software,Peer-reviewed,R,USCbiostats,USC Division of Biostatistics,organization,,https://biostatsepi.usc.edu/,cran,fmcmc,363,3,2,1,16,0,1066,,229,3,8,2,0.019736842105263164,0.25,1,0,"",0,1,0,0,0,0,push:229d release:1066d commits:8 active_maint:0 closed:0 merged:0,https://science.ecosyste.ms/projects/2515
492,LangFair,https://github.com/cvs-health/langfair,active,95.0,14.904072510778882,0,Scientific Software,Peer-reviewed,Python,cvs-health,CVS Health,organization,,,"pypi,go","langfair,github.com/cvs-health/langfair",593,0,0,1,259,0,343,,36,22,96,7,0.5089285714285714,0.6770833333333333,2,1,dylanbouchard,3,72,2,28,0,0,push:36d release:343d commits:91 active_maint:1 closed:38 merged:28,https://science.ecosyste.ms/projects/312
493,Zoobot,https://github.com/mwalmsley/zoobot,active,98.0,11.891690613781693,0,Scientific Software,Peer-reviewed,Jupyter Notebook,mwalmsley,Mike Walmsley,user,"University of Toronto, @zooniverse ",www.walmsley.dev,pypi,zoobot,161,1,0,1,125,0,370,,277,8,19,1,0.0711488250652742,0.0,4,1,mwalmsley,2,8,0,5,0,0,push:277d release:370d commits:19 active_maint:1 closed:5 merged:5,https://science.ecosyste.ms/projects/1146
494,A Framework to Quality Control Oceanographic Data,https://github.com/castelao/cotede,dead,98.0,11.89130710466865,0,Scientific Software,Peer-reviewed,Python,castelao,Guilherme Castelão,user,@NREL,www.castelao.net,"conda,pypi",cotede,546,5,1,1,59,0,1143,,1095,4,0,0,0.003898635477582846,0.0,1,0,"",1,0,0,0,0,0,push:1095d release:1143d commits:0 active_maint:0 closed:0 merged:0,https://science.ecosyste.ms/projects/2260
495,VIVO,https://github.com/vivo-project/vivo,active,95.0,14.882943448601232,0,Scientific Software,Peer-reviewed,Java,vivo-project,VIVO Project,organization,,http://vivoweb.org,maven,"org.vivoweb:vivo-home,org.vivoweb:vivo-project,org.vivoweb:vivo-webapp,org.vivoweb:vivo-api",0,18,1,0,236,0,748,,27,83,50,6,0.9019253910950662,0.56,8,5,"hauschke,brianjlowe,litvinovg,ivanmrsulja,gneissone",45,22,9,12,0,0,push:27d release:748d commits:50 active_maint:5 closed:21 merged:12,https://science.ecosyste.ms/projects/2498
496,Cadabra2,https://github.com/kpeeters/cadabra2,active,100.0,9.863914777416305,0,Scientific Software,Peer-reviewed,C++,kpeeters,Kasper Peeters,user,,,conda,"cadabra2-jupyter-kernel,cadabra2,cadabra2-gtk",0,1,2,0,275,0,2146,,130,18,16,1,0.39228902669183063,0.0,1,1,kpeeters,27,6,5,0,0,0,push:130d release:2146d commits:16 active_maint:1 closed:8 merged:0,https://science.ecosyste.ms/projects/2692
497,terrainr,https://github.com/ropensci/terrainr,dormant,98.0,11.85423597823169,0,Scientific Software,Peer-reviewed,R,ropensci,rOpenSci,organization,,https://ropensci.org/,cran,terrainr,605,2,1,1,77,0,370,,370,3,2,1,0.15300546448087426,0.0,2,0,"",2,0,1,0,0,0,push:370d release:370d commits:2 active_maint:0 closed:1 merged:0,https://science.ecosyste.ms/projects/1634
498,adrt,https://github.com/karlotness/adrt,active,100.0,9.798127036878302,0,Scientific Software,Peer-reviewed,Python,karlotness,Karl Otness,user,NYU,https://www.karlotness.com/,pypi,adrt,372,1,0,2,8,0,415,,31,6,46,2,0.09272467902995718,0.23913043478260865,0,0,"",0,8,0,4,0,0,push:31d release:415d commits:35 active_maint:0 closed:4 merged:4,https://science.ecosyste.ms/projects/1207
499,GeophysicalFlows.jl,https://github.com/fourierflows/geophysicalflows.jl,active,100.0,9.798127036878302,0,Scientific Software,Peer-reviewed,Julia,FourierFlows,FourierFlows,organization,,https://bit.ly/FourierFlows,julia,GeophysicalFlows,0,0,1,0,165,0,455,,31,21,21,3,0.14926419060967067,0.09523809523809523,9,2,"navidcy,mncrowe",1,21,1,11,0,0,push:31d release:455d commits:21 active_maint:2 closed:14 merged:11,https://science.ecosyste.ms/projects/1914
500,SweetBean,https://github.com/autoresearch/sweetbean,active,100.0,9.78352088448894,0,Scientific Software,Peer-reviewed,Python,AutoResearch,Autonomous Empirical Research Initiative,organization,,www.empiricalresearch.ai,pypi,sweetbean,655,1,0,1,4,0,479,,80,3,56,1,0.12618296529968454,0.0,1,1,younesStrittmatter,1,1,0,1,0,0,push:80d release:479d commits:56 active_maint:1 closed:1 merged:1,https://science.ecosyste.ms/projects/246
501,PyXAB - A Python Library for $\mathcal{X}$-Armed Bandit and Online Blackbox Optimization Algorithms,https://github.com/williamlwj/pyxab,dormant,100.0,9.780189336191635,0,Scientific Software,Peer-reviewed,Python,WilliamLwj,William,user,,https://williamlwj.github.io/About/,pypi,pyxab,33,0,0,1,127,0,1139,,644,4,0,0,0.1849529780564263,0.0,2,0,"",1,1,0,1,0,0,push:644d release:1139d commits:0 active_maint:0 closed:1 merged:1,https://science.ecosyste.ms/projects/428
502,physical_validation,https://github.com/shirtsgroup/physical_validation,active,98.0,11.765798677715127,0,Scientific Software,Peer-reviewed,Python,shirtsgroup,Shirts Research Group,organization,,http://www.colorado.edu/lab/shirtsgroup/,"conda,pypi","physical_validation,physical-validation",124,1,0,1,65,0,1388,,24,14,0,0,0.25874125874125875,0.0,1,0,"",0,0,0,0,0,0,push:24d release:1388d commits:0 active_maint:0 closed:0 merged:0,https://science.ecosyste.ms/projects/1640
503,covid19.analytics,https://github.com/mponce0/covid19.analytics,unknown,95.0,14.760880753914819,0,Scientific Software,Peer-reviewed,R,mponce0,,user,,,cran,covid19.analytics,382,1,0,1,35,0,1442,,1442,3,0,0,0.0003159308111523318,0.0,1,0,"",0,0,0,0,0,0,push:1442d release:1442d commits:0 active_maint:0 closed:0 merged:0,https://science.ecosyste.ms/projects/1941
504,mosartwmpy,https://github.com/immm-sfa/mosartwmpy,dormant,100.0,9.737432968206045,0,Scientific Software,Peer-reviewed,Python,IMMM-SFA,Integrated Multisector Multiscale Modeling,organization,,https://im3.pnnl.gov/,"go,conda,pypi","github.com/IMMM-SFA/mosartwmpy,mosartwmpy,github.com/immm-sfa/mosartwmpy",119,1,0,1,25,0,931,,6,4,0,0,0.24186046511627912,0.0,2,1,cameronbracken,1,5,0,0,0,0,push:6d release:931d commits:0 active_maint:1 closed:3 merged:0,https://science.ecosyste.ms/projects/1846
505,Traja,https://github.com/traja-team/traja,active,98.0,11.716225428149375,0,Scientific Software,Peer-reviewed,Jupyter Notebook,traja-team,Traja,organization,,traja.readthedocs.io,"pypi,conda",traja,90,1,0,1,119,0,1388,,280,9,15,1,0.3777315296566077,0.0,4,0,"",1,0,0,0,0,0,push:280d release:1388d commits:15 active_maint:0 closed:0 merged:0,https://science.ecosyste.ms/projects/1829
506,salabim,https://github.com/salabim/salabim,active,95.0,14.71614252885645,0,Scientific Software,Peer-reviewed,Python,salabim,,user,,,pypi,salabim,2294,3,0,1,394,0,375,,62,3,19,1,0.013050570962479635,0.0,0,0,"",6,1,6,0,0,0,push:62d release:375d commits:19 active_maint:0 closed:7 merged:0,https://science.ecosyste.ms/projects/2815
507,SimpleFOC,https://github.com/simplefoc/arduino-foc,active,98.0,11.710332659182225,0,Scientific Software,Peer-reviewed,C++,simplefoc,SimpleFOCproject,organization,,https://simplefoc.com,,,0,,,,2926,0,,,21,56,84,8,0.3488789237668162,0.25,5,2,"askuric,runger1101001",15,29,2,12,0,0,push:21d commits:84 active_maint:2 closed:16 merged:12,https://science.ecosyste.ms/projects/1485
508,Simple DFT-D3,https://github.com/dftd3/simple-dftd3,active,95.0,14.698441384549303,0,Scientific Software,Peer-reviewed,Fortran,dftd3,DFT-D3,organization,,https://dftd3.readthedocs.io,"conda,pypi","simple-dftd3,dftd3",1553,1,3,2,85,0,622,,42,21,29,5,0.21818181818181814,0.31034482758620685,2,1,awvwgk,14,18,5,13,0,0,push:42d release:622d commits:29 active_maint:1 closed:18 merged:13,https://science.ecosyste.ms/projects/374
509,libEnsemble,https://github.com/libensemble/libensemble,active,95.0,14.672747858056228,0,Scientific Software,Peer-reviewed,Python,Libensemble,Libensemble,organization,,,"pypi,conda",libensemble,843,22,1,2,76,0,476,,16,22,337,5,0.6625599792504215,0.5459940652818991,5,3,"jlnav,shuds13,jmlarson1",7,76,1,38,0,0,push:16d release:476d commits:295 active_maint:3 closed:46 merged:38,https://science.ecosyste.ms/projects/891
510,imucal - A Python library to calibrate 6 DOF IMUs,https://github.com/mad-lab-fau/imucal,dormant,98.0,11.668954379809259,0,Scientific Software,Peer-reviewed,Python,mad-lab-fau,Machine Learning and Data Analytics Lab FAU,organization,,https://www.mad.tf.fau.de,"alpine,pypi","py3-imucal,py3-imucal-pyc,imucal",353,5,2,2,51,0,582,,461,7,0,0,0.06785714285714284,0.0,2,0,"",2,0,2,0,0,0,push:461d release:582d commits:0 active_maint:0 closed:2 merged:0,https://science.ecosyste.ms/projects/1505
511,pridepy,https://github.com/pride-archive/pridepy,active,100.0,9.65194452670022,0,Scientific Software,Peer-reviewed,Python,PRIDE-Archive,PRIDE-Resources,organization,,http://www.ebi.ac.uk/pride/,pypi,pridepy,106,1,0,1,40,0,519,,28,11,111,8,0.2570621468926554,0.33333333333333337,0,0,"",2,31,1,23,0,0,push:28d release:519d commits:99 active_maint:0 closed:30 merged:23,https://science.ecosyste.ms/projects/244
512,GALAHAD 4.0,https://github.com/ralna/galahad,active,98.0,11.633903391523132,0,Scientific Software,Peer-reviewed,Fortran,ralna,RAL Computational Mathematics,organization,,http://www.numerical.rl.ac.uk/,"pypi,julia","galahad-optrove,GALAHAD",107,0,0,2,176,0,394,,18,7,239,5,0.6021450459652706,0.43096234309623427,4,3,"amontoison,jfowkes,dpo",26,63,23,40,0,0,push:18d release:394d commits:238 active_maint:3 closed:72 merged:40,https://science.ecosyste.ms/projects/1054
513,jstor,https://github.com/ropensci/jstor,dormant,93.0,16.62150310803577,0,Scientific Software,Peer-reviewed,R,ropensci,rOpenSci,organization,,https://ropensci.org/,cran,jstor,309,0,0,1,47,0,1079,,457,6,3,1,0.01602136181575431,0.0,2,0,"",0,0,0,0,0,0,push:457d release:1079d commits:3 active_maint:0 closed:0 merged:0,https://science.ecosyste.ms/projects/2798
514,SpeechPy - A Library for Speech Processing and Recognition,https://github.com/astorfi/speechpy,unknown,93.0,16.61956742354177,0,Scientific Software,Peer-reviewed,Python,astorfi,Sina Torfi,user,Meta,https://astorfi.github.io/,pypi,speechpy,3058,36,0,1,883,0,2952,,592,6,0,0,0.019230769230769273,0.0,0,0,"",0,0,0,0,0,0,push:592d release:2952d commits:0 active_maint:0 closed:0 merged:0,https://science.ecosyste.ms/projects/2811
515,pyradiosky,https://github.com/radioastronomysoftwaregroup/pyradiosky,active,95.0,14.610255383455517,0,Scientific Software,Peer-reviewed,Python,RadioAstronomySoftwareGroup,Radio Astronomy Software Group,organization,,https://radioastronomysoftwaregroup.github.io,pypi,pyradiosky,4642,3,5,1,16,0,398,,7,15,54,3,0.426626323751891,0.40740740740740744,4,1,bhazelton,2,53,1,44,0,0,push:7d release:398d commits:18 active_maint:1 closed:45 merged:44,https://science.ecosyste.ms/projects/704
516,ZodiPy,https://github.com/cosmoglobe/zodipy,dormant,100.0,9.599676098154465,0,Scientific Software,Peer-reviewed,Python,Cosmoglobe,Cosmoglobe,organization,,cosmoglobe.uio.no,pypi,"quadcube,zodipy",161,1,0,2,13,0,465,,38,7,8,3,0.04259634888438135,0.25,2,0,"",1,10,0,3,0,0,push:38d release:465d commits:2 active_maint:0 closed:7 merged:3,https://science.ecosyste.ms/projects/736
517,Elephas,https://github.com/danielenricocahall/elephas,active,93.0,16.591926945338383,0,Scientific Software,Peer-reviewed,Python,danielenricocahall,Danny,user,Disney Streaming Services,linkedin.com/in/daniel-enrico-cahall,pypi,elephas,19542,18,0,2,22,0,401,,83,28,34,1,0.48365122615803813,0.0,2,1,danielenricocahall,0,8,0,2,0,0,push:83d release:401d commits:34 active_maint:1 closed:6 merged:2,https://science.ecosyste.ms/projects/1302
518,heatwaveR,https://github.com/robwschlegel/heatwaver,active,98.0,11.58617592670982,0,Scientific Software,Peer-reviewed,R,robwschlegel,Robert William Schlegel,user,Institut de la mer de Villefranche,https://theoceancode.netlify.com/,cran,heatwaveR,534,3,0,1,57,0,476,,70,5,15,4,0.3811881188118812,0.33333333333333337,2,0,"",1,1,1,1,0,0,push:70d release:476d commits:15 active_maint:0 closed:2 merged:1,https://science.ecosyste.ms/projects/2808
519,iced,https://github.com/hiclib/iced,dormant,98.0,11.582134313132538,0,Scientific Software,Peer-reviewed,Python,hiclib,hiclib,organization,,,pypi,iced,281,9,2,1,41,0,435,,435,6,0,0,0.10460251046025104,0.0,0,0,"",1,3,0,2,0,0,push:435d release:435d commits:0 active_maint:0 closed:3 merged:2,https://science.ecosyste.ms/projects/2609
520,Abmarl,https://github.com/llnl/abmarl,active,98.0,11.571043418304876,0,Scientific Software,Peer-reviewed,Python,LLNL,Lawrence Livermore National Laboratory,organization,,https://software.llnl.gov,pypi,abmarl,127,0,0,1,83,0,883,,80,6,0,0,0.003667481662591676,0.0,1,0,"",0,0,0,0,0,0,push:80d release:883d commits:0 active_maint:0 closed:0 merged:0,https://science.ecosyste.ms/projects/1796
521,Universal Numbers Library,https://github.com/stillwater-sc/universal,active,100.0,9.570529135214711,0,Scientific Software,Peer-reviewed,C++,stillwater-sc,"Stillwater Supercomputing, Inc.",organization,,http://www.stillwater-sc.com,"go,spack","github.com/stillwater-sc/universal,universal",0,0,0,1,501,0,1226,,6,34,559,7,0.08610980760206477,0.06082289803220031,4,1,jamesquinlan,66,83,51,68,0,0,push:6d release:1226d commits:542 active_maint:1 closed:127 merged:68,https://science.ecosyste.ms/projects/1208
522,Delve,https://github.com/delve-team/delve,unknown,98.0,11.566504145871457,0,Scientific Software,Peer-reviewed,Python,delve-team,Delve,organization,,https://github.com/justinshenk/playground,pypi,delve,154,1,0,2,83,0,1217,,1216,8,0,0,0.344017094017094,0.0,4,0,"",0,0,0,0,0,0,push:1216d release:1217d commits:0 active_maint:0 closed:0 merged:0,https://science.ecosyste.ms/projects/1620
523,great_expectations,https://github.com/great-expectations/great_expectations,active,77.0,32.55310766198523,0,,,Python,great-expectations,Great Expectations Core,organization,,https://greatexpectations.io,"conda,go,pypi","great-expectations,github.com/great-expectations/great_expectations,acryl-great-expectations,great-expectations-experimental,great-expectations-cta",22659103,284,58,8,10690,0,337,,329,457,465,36,0.8411711039230323,0.7569892473118279,14,2,"josectobar,joshua-stauffer",21,270,4,156,0,0,push:329d release:337d commits:419 active_maint:2 closed:185 merged:156,https://science.ecosyste.ms/projects/5030
524,HydroMT,https://github.com/deltares/hydromt,active,93.0,16.54912739609026,0,Scientific Software,Peer-reviewed,Python,Deltares,Deltares,organization,,https://www.deltares.nl/en/,"go,pypi,conda","github.com/deltares/hydromt,hydromt,github.com/Deltares/hydromt",2483,8,6,2,118,0,373,,21,33,177,13,0.6726190476190477,0.711864406779661,8,3,"LuukBlom,veenstrajelmer,evetion",51,123,25,70,0,0,push:21d release:373d commits:117 active_maint:3 closed:105 merged:70,https://science.ecosyste.ms/projects/1222
525,Zoomerjoin,https://github.com/beniaminogreen/zoomerjoin,dormant,98.0,11.543027808786672,0,Scientific Software,Peer-reviewed,R,beniaminogreen,Beniamino Green,user,Yale University,,cran,zoomerjoin,225,0,0,1,109,0,473,,104,6,11,3,0.13486842105263153,0.2727272727272727,2,1,beniaminogreen,4,5,2,4,0,0,push:104d release:473d commits:11 active_maint:1 closed:6 merged:4,https://science.ecosyste.ms/projects/981
526,quantile-forest,https://github.com/zillow/quantile-forest,active,93.0,16.53850808904815,0,Scientific Software,Peer-reviewed,Python,zillow,Zillow,organization,,https://zillowgroup.com/,pypi,quantile-forest,20880,2,2,2,255,0,555,,9,3,30,2,0.12128712871287128,0.43333333333333335,2,1,reidjohnson,1,30,1,15,0,0,push:9d release:555d commits:13 active_maint:1 closed:18 merged:15,https://science.ecosyste.ms/projects/861
527,AnyPyTools,https://github.com/anybody-research-group/anypytools,active,98.0,11.53839826094326,0,Scientific Software,Peer-reviewed,Python,AnyBody-Research-Group,AnyBody-Research-Group,organization,,http://www.biomechanics.m-tech.aau.dk/,"conda,pypi",anypytools,445,0,0,1,23,0,402,,90,13,22,4,0.02281368821292773,0.18181818181818177,4,2,"melund,JDThomsen",0,11,0,8,0,0,push:90d release:402d commits:20 active_maint:2 closed:9 merged:8,https://science.ecosyste.ms/projects/2688
528,sorn,https://github.com/saran-nns/sorn,dormant,98.0,11.531158233231288,0,Scientific Software,Peer-reviewed,Python,Saran-nns,Saranraj Nambusubramaniyan,user,,,pypi,sorn,1338,1,0,1,39,0,1536,,694,2,0,0,0.3628691983122363,0.0,1,0,"",0,1,0,1,0,0,push:694d release:1536d commits:0 active_maint:0 closed:1 merged:1,https://science.ecosyste.ms/projects/1768
529,epiworldR,https://github.com/uofuepibio/epiworldr,active,98.0,11.520000378642191,0,Scientific Software,Peer-reviewed,R,UofUEpiBio,Divisions of Epidemiology and Biostatistics at the U,organization,,https://medicine.utah.edu/internalmedicine/epidemiology/,cran,epiworldR,372,0,0,1,14,0,413,,13,8,40,4,0.38829787234042556,0.22499999999999998,4,1,gvegayon,3,21,2,11,0,0,push:13d release:413d commits:38 active_maint:1 closed:15 merged:11,https://science.ecosyste.ms/projects/969
530,Representation and Manipulation of Genomic Tuples in R,https://github.com/petehaitch/genomictuples,dormant,95.0,14.507814883421633,0,Scientific Software,Peer-reviewed,R,PeteHaitch,Peter Hickey,user,,www.peterhickey.org,bioconductor,GenomicTuples,0,0,0,1,5,0,464,,83,11,4,1,0.2490974729241877,0.0,1,0,"",0,0,0,0,0,0,push:83d release:464d commits:4 active_maint:0 closed:0 merged:0,https://science.ecosyste.ms/projects/3127
531,THzTools,https://github.com/dodge-research-group/thztools,active,100.0,9.487972108574462,0,Scientific Software,Peer-reviewed,Python,dodge-research-group,Dodge Research Group,organization,,https://www.sfu.ca/lux/,pypi,thztools,59,0,0,1,28,0,1160,,15,20,158,8,0.31968810916179335,0.6329113924050633,1,1,Roboboy2000,7,21,2,13,0,0,push:15d release:1160d commits:111 active_maint:1 closed:16 merged:13,https://science.ecosyste.ms/projects/370
532,academictwitteR,https://github.com/cjbarrie/academictwitter,dead,95.0,14.486068512265025,0,Scientific Software,Peer-reviewed,R,cjbarrie,Christopher Barrie,user,University of Edinburgh,https://cjbarrie.com,"cran,go,conda","academictwitteR,github.com/cjbarrie/academictwitteR,github.com/cjbarrie/academictwitter,r-academictwitter",799,4,0,1,275,1,1625,,1126,8,0,0,0.5791245791245792,0.0,3,0,"",0,0,0,0,0,0,archived push:1126d release:1625d commits:0 active_maint:0 closed:0 merged:0,https://science.ecosyste.ms/projects/1868
533,quadkeyr,https://github.com/ropensci/quadkeyr,dormant,100.0,9.475163150281881,0,Scientific Software,Peer-reviewed,R,ropensci,rOpenSci,organization,,https://ropensci.org/,cran,quadkeyr,180,0,0,1,15,0,493,,492,4,0,0,0.1352941176470588,0.0,2,0,"",5,12,3,10,0,0,push:492d release:493d commits:0 active_maint:0 closed:15 merged:10,https://science.ecosyste.ms/projects/769
534,HinetPy,https://github.com/seisman/hinetpy,active,98.0,11.47053974847379,0,Scientific Software,Peer-reviewed,Python,seisman,Dongdong Tian,user,China University of Geosciences,https://seisman.info,pypi,hinetpy,211,1,0,1,95,0,617,,36,5,52,2,0.09254143646408841,0.21153846153846156,1,1,seisman,1,13,0,10,0,0,push:36d release:617d commits:41 active_maint:1 closed:11 merged:10,https://science.ecosyste.ms/projects/625
535,comorbidity,https://github.com/ellessenne/comorbidity,dead,95.0,14.44635671232684,0,Scientific Software,Peer-reviewed,R,ellessenne,Alessandro Gasparini,user,@RedDoorAnalytics,https://www.ellessenne.xyz,cran,comorbidity,1641,2,1,1,92,0,744,,744,9,0,0,0.14179104477611937,0.0,1,0,"",1,1,0,0,0,0,push:744d release:744d commits:0 active_maint:0 closed:0 merged:0,https://science.ecosyste.ms/projects/2879
536,HiddenMarkovModels.jl,https://github.com/gdalle/hiddenmarkovmodels.jl,active,100.0,9.444305161921976,0,Scientific Software,Peer-reviewed,Julia,gdalle,Guillaume Dalle,user,EPFL,https://gdalle.github.io/,julia,HiddenMarkovModels,0,1,0,0,107,0,455,,385,6,21,3,0.106951871657754,0.5238095238095238,2,1,rsenne,1,16,0,13,0,0,push:385d release:455d commits:14 active_maint:1 closed:15 merged:13,https://science.ecosyste.ms/projects/751
537,NiaARM,https://github.com/firefly-cpp/niaarm,active,98.0,11.423372679517914,0,Scientific Software,Peer-reviewed,Python,firefly-cpp,Iztok Fister Jr.,user,,http://www.iztok-jr-fister.eu/,"alpine,pypi","py3-niaarm,py3-niaarm-pyc,py3-niaarm-doc,niaarm",305,1,2,1,23,0,372,,70,14,36,4,0.5657276995305165,0.6666666666666667,3,1,zStupan,2,31,1,19,0,0,push:70d release:372d commits:26 active_maint:1 closed:31 merged:19,https://science.ecosyste.ms/projects/1390
538,NiBetaSeries,https://github.com/hbclab/nibetaseries,dead,98.0,11.411601236977113,0,Scientific Software,Peer-reviewed,Python,HBClab,"Health, Brain, & Cognition Lab",organization,,https://psychology.uiowa.edu/health-brain-cognition-lab,"pypi,spack","nibetaseries,py-nibetaseries",35,1,0,1,36,0,1577,,1151,29,0,0,0.33029612756264237,0.0,1,0,"",1,0,0,0,0,0,pkg:removed push:1151d release:1577d commits:0 active_maint:0 closed:0 merged:0,https://science.ecosyste.ms/projects/2451
539,presize,https://github.com/ctu-bern/presize,active,93.0,16.40738193597278,0,Scientific Software,Peer-reviewed,R,CTU-Bern,CTU Bern,organization,,https://www.ctu.unibe.ch/index_eng.html,cran,presize,420,0,1,1,18,0,1249,,638,15,31,2,0.2642487046632125,0.19354838709677424,3,1,aghaynes,0,1,0,1,0,0,push:638d release:1249d commits:31 active_maint:1 closed:1 merged:1,https://science.ecosyste.ms/projects/1925
540,SPEI,https://github.com/martinvonk/spei,active,98.0,11.39179683906275,0,Scientific Software,Peer-reviewed,Python,martinvonk,Martin Vonk,user,"@tudelft, @ArtesiaWater",,pypi,spei,902,1,0,1,109,0,369,,42,1,38,1,0.0,0.0,1,1,martinvonk,8,6,4,3,0,0,push:42d release:369d commits:38 active_maint:1 closed:7 merged:3,https://science.ecosyste.ms/projects/47
541,set6,https://github.com/xoopr/set6,dead,95.0,14.387252525697537,0,Scientific Software,Peer-reviewed,R,xoopR,xoop,organization,,,"cran,conda","set6,r-set6",0,6,3,0,14,1,1746,,1035,3,0,0,0.11111111111111116,0.0,1,0,"",0,0,0,0,0,0,archived pkg:removed push:1035d release:1746d commits:0 active_maint:0 closed:0 merged:0,https://science.ecosyste.ms/projects/2055
542,argopy,https://github.com/euroargodev/argopy,active,93.0,16.38535101141357,0,Scientific Software,Peer-reviewed,Python,euroargodev,Euro-Argo ERIC,organization,,https://www.euro-argo.eu,"conda,pypi",argopy,4324,9,1,2,228,0,341,,13,14,603,5,0.08465319497542323,0.23880597014925375,8,5,"gmaze,quai20,Jade2097,fricour,RaphaelBajon",26,81,16,31,0,0,push:13d release:341d commits:575 active_maint:5 closed:64 merged:31,https://science.ecosyste.ms/projects/2141
543,stimupy,https://github.com/computational-psychology/stimupy,active,98.0,11.383386093615243,0,Scientific Software,Peer-reviewed,Python,computational-psychology,computational-psychology,organization,,http://www.psyco.tu-berlin.de,pypi,stimupy,249,1,0,1,15,0,340,,87,14,84,3,0.3832699619771863,0.1785714285714286,0,0,"",7,9,2,5,0,0,push:87d release:340d commits:84 active_maint:0 closed:7 merged:5,https://science.ecosyste.ms/projects/1105
544,Nextclade,https://github.com/nextstrain/nextclade,active,95.0,14.346726871377998,0,Scientific Software,Peer-reviewed,TypeScript,nextstrain,Nextstrain,organization,,https://nextstrain.org,npm,"@neherlab/nextclade,@nextstrain/nextclade",152,1,1,7,259,0,1555,,24,28,288,4,0.15721375398794757,0.04166666666666663,7,3,"ivan-aksamentov,corneliusroemer,victorlin",30,59,9,45,0,0,pkg:deprecated push:24d release:1555d commits:284 active_maint:3 closed:59 merged:45,https://science.ecosyste.ms/projects/1681
545,Cellpy – an open-source library for processing and analysis of battery testing data,https://github.com/jepegit/cellpy,active,93.0,16.34649639896563,0,Scientific Software,Peer-reviewed,Python,jepegit,Jan Petter Maehlen,user,IFE,www.ife.no,"pypi,conda",cellpy,6181,2,0,1,105,0,483,,4,19,372,4,0.12483912483912485,0.08333333333333337,8,3,"jepegit,msudars,asbjorul",151,202,122,199,0,0,push:4d release:483d commits:346 active_maint:3 closed:323 merged:199,https://science.ecosyste.ms/projects/720
546,planetMagFields,https://github.com/ankitbarik/planetmagfields,active,100.0,9.340929941679784,0,Scientific Software,Peer-reviewed,Python,AnkitBarik,Ankit Barik,user,Johns Hopkins University,,pypi,planetmagfields,51,0,0,2,47,0,394,,44,6,37,2,0.03389830508474578,0.027027027027026973,1,1,AnkitBarik,1,0,1,0,0,0,push:44d release:394d commits:37 active_maint:1 closed:1 merged:0,https://science.ecosyste.ms/projects/707
547,epyc,https://github.com/simoninireland/epyc,unknown,98.0,11.340142272994969,0,Scientific Software,Peer-reviewed,Python,simoninireland,Simon Dobson,user,University of St Andrews,https://simondobson.org,pypi,epyc,2331,4,1,1,12,0,1470,,1470,3,0,0,0.0074906367041198685,0.0,0,0,"",0,0,0,0,0,0,push:1470d release:1470d commits:0 active_maint:0 closed:0 merged:0,https://science.ecosyste.ms/projects/1546
548,statsExpressions,https://github.com/indrajeetpatil/statsexpressions,active,93.0,16.333787829620775,0,Scientific Software,Peer-reviewed,R,IndrajeetPatil,Indrajeet Patil,user,,https://sites.google.com/site/indrajeetspatilmorality/,"cran,conda","statsExpressions,r-statsexpressions",8591,4,2,1,313,0,368,,10,4,55,2,0.039151712887438794,0.12727272727272732,1,1,IndrajeetPatil,0,11,0,8,0,0,push:10d release:368d commits:48 active_maint:1 closed:10 merged:8,https://science.ecosyste.ms/projects/1884
549,matbench-genmetrics,https://github.com/sparks-baird/matbench-genmetrics,unknown,100.0,9.331318298529085,0,Scientific Software,Peer-reviewed,Jupyter Notebook,sparks-baird,Sparks/Baird Materials Informatics,organization,,,"conda,go,pypi","matbench-genmetrics,github.com/sparks-baird/matbench-genmetrics",65,0,0,1,41,0,863,,789,3,0,0,0.02670623145400597,0.0,1,0,"",0,0,0,0,0,0,push:789d release:863d commits:0 active_maint:0 closed:0 merged:0,https://science.ecosyste.ms/projects/687
550,REHO,https://github.com/ipese/reho,active,100.0,9.329367078397823,0,Scientific Software,Peer-reviewed,Python,ipese,,user,,,pypi,reho,63,0,0,1,15,0,493,,15,16,28,4,0.7583497053045187,0.4285714285714286,4,1,JosephLoustau,2,2,0,2,0,0,push:15d release:493d commits:28 active_maint:1 closed:2 merged:2,https://science.ecosyste.ms/projects/387
551,SLEPLET,https://github.com/astro-informatics/sleplet,active,100.0,9.328656598794225,0,Scientific Software,Peer-reviewed,Python,astro-informatics,AstroInfo Team @ UCL,organization,,http://www.jasonmcewen.org/,pypi,sleplet,133,0,0,1,10,0,371,,29,7,44,2,0.08247422680412375,0.38636363636363635,1,1,paddyroddy,1,31,1,26,0,0,push:29d release:371d commits:17 active_maint:1 closed:28 merged:26,https://science.ecosyste.ms/projects/1167
552,OMG,https://github.com/upb-lea/openmodelica-microgrid-gym,unknown,98.0,11.311665707156022,0,Scientific Software,Peer-reviewed,Modelica,upb-lea,Paderborn University - LEA,organization,,https://ei.uni-paderborn.de/en/lea/,pypi,openmodelica-microgrid-gym,35,1,0,1,227,0,1639,,1508,10,0,0,0.5745062836624776,0.0,2,0,"",0,0,0,0,0,0,push:1508d release:1639d commits:0 active_maint:0 closed:0 merged:0,https://science.ecosyste.ms/projects/2107
553,dython: A Set of Analysis and Visualization Tools for Data and Variables in Python,https://github.com/shakedzy/dython,active,89.0,20.3091444208762,0,,,Python,shakedzy,Shaked Zychlinski,user,@LightricksResearch ,shakedzy.xyz,"alpine,pypi","py3-dython,py3-dython-pyc,dython",68403,47,9,1,512,0,226,,199,19,43,1,0.2191780821917808,0.0,1,1,shakedzy,3,5,2,5,0,0,pkg:removed push:199d release:226d commits:43 active_maint:1 closed:7 merged:5,https://science.ecosyste.ms/projects/801601
554,Omniscape.jl,https://github.com/circuitscape/omniscape.jl,dormant,98.0,11.297005758745339,0,Scientific Software,Peer-reviewed,Julia,Circuitscape,Circuitscape,organization,,https://circuitscape.org/,julia,Omniscape,0,0,0,0,70,0,895,,38,9,9,2,0.2844036697247706,0.33333333333333337,3,0,"",2,6,0,3,0,0,push:38d release:895d commits:6 active_maint:0 closed:3 merged:3,https://science.ecosyste.ms/projects/1991
555,Re-Envisioning Numerical Information Field Theory (NIFTy.re),https://github.com/nifty-ppl/nifty,active,95.0,14.292857161465268,0,Scientific Software,Peer-reviewed,Python,NIFTy-PPL,NIFTy-PPL,organization,,,pypi,"nifty,nifty8",611,5,2,3,47,0,379,,9,68,187,14,0.7520833333333333,0.4866310160427807,0,0,"",5,0,1,0,0,0,push:9d release:379d commits:187 active_maint:0 closed:1 merged:0,https://science.ecosyste.ms/projects/637
556,filesstrings,https://github.com/rorynolan/filesstrings,unknown,93.0,16.28603528187118,0,Scientific Software,Peer-reviewed,R,rorynolan,Rory Nolan,user,,http://rorynolan.rbind.io,"conda,cran","r-filesstrings,filesstrings",909,14,8,1,21,0,900,,908,6,0,0,0.05128205128205132,0.0,1,0,"",0,0,0,0,0,0,push:908d release:900d commits:0 active_maint:0 closed:0 merged:0,https://science.ecosyste.ms/projects/3024
557,DynamicalBilliards.jl,https://github.com/juliadynamics/dynamicalbilliards.jl,dead,100.0,9.254835611862733,0,Scientific Software,Peer-reviewed,Julia,JuliaDynamics,JuliaDynamics,organization,,https://juliadynamics.github.io/JuliaDynamics/,julia,DynamicalBilliards,0,0,1,0,114,0,789,,769,17,0,0,0.28648068669527893,0.0,1,0,"",0,2,0,0,0,0,push:769d release:789d commits:0 active_maint:0 closed:0 merged:0,https://science.ecosyste.ms/projects/2956
558,MARTINI,https://github.com/kyleaoman/martini,active,100.0,9.254357257392957,0,Scientific Software,Peer-reviewed,Python,kyleaoman,Kyle Oman,user,,,pypi,astromartini,272,1,1,1,25,0,602,,14,2,63,2,0.004347826086956497,0.06349206349206349,1,1,kyleaoman,4,10,3,8,0,0,push:14d release:602d commits:63 active_maint:1 closed:11 merged:8,https://science.ecosyste.ms/projects/652
559,The MTPy software package for magnetotelluric data analysis and visualisation,https://github.com/mtgeophysics/mtpy,unknown,95.0,14.250223740431425,0,Scientific Software,Peer-reviewed,Python,MTgeophysics,Magnetotellurics Geophysics,organization,,http://MTgeophysics.github.io/mtpy/,"go,pypi","github.com/MTgeophysics/mtpy,github.com/mtgeophysics/mtpy,mtpy",177,3,2,1,157,0,1604,,1000,40,0,0,0.7407794925451217,0.0,3,0,"",0,0,0,0,0,0,push:1000d release:1604d commits:0 active_maint:0 closed:0 merged:0,https://science.ecosyste.ms/projects/2564
560,prysm,https://github.com/brandondube/prysm,active,95.0,14.24761759701886,0,Scientific Software,Peer-reviewed,Python,brandondube,Brandon Dube,user,@NASA-JPL,retrorefractions.com,pypi,prysm,393,1,0,1,345,0,1445,,4,12,219,1,0.01642935377875132,0.0,1,0,"",4,4,3,0,0,0,push:4d release:1445d commits:219 active_maint:0 closed:5 merged:0,https://science.ecosyste.ms/projects/2577
561,Nkululeko 1.0: A Python package to predict speaker characteristics with a high-level interface,https://github.com/felixbur/nkululeko,active,95.0,14.246701890643319,0,,,Python,,,,,,pypi,nkululeko,1744,0,0,1,46,0,286,,3,11,775,9,0.6040763226366002,0.5496774193548387,3,2,"felixbur,bagustris",23,51,12,36,0,0,push:3d release:286d commits:746 active_maint:2 closed:50 merged:36,https://science.ecosyste.ms/projects/657388
562,opty,https://github.com/csu-hmc/opty,active,98.0,11.242336469944625,0,Scientific Software,Peer-reviewed,Python,csu-hmc,CSU Human Motion and Control Lab,organization,,http://hmc.csuohio.edu,"pypi,conda",opty,61,1,0,1,122,0,534,,108,7,149,2,0.24423569598633643,0.02684563758389258,2,1,moorepants,10,21,2,5,0,0,push:108d release:534d commits:149 active_maint:1 closed:17 merged:5,https://science.ecosyste.ms/projects/2920
563,pyuvsim,https://github.com/radioastronomysoftwaregroup/pyuvsim,active,95.0,14.232410043698103,0,Scientific Software,Peer-reviewed,Python,RadioAstronomySoftwareGroup,Radio Astronomy Software Group,organization,,https://radioastronomysoftwaregroup.github.io,pypi,pyuvsim,1044,2,3,1,54,0,637,,7,19,117,7,0.5594949004371054,0.5726495726495726,3,2,"bhazelton,mkolopanis",6,85,1,62,0,0,push:7d release:637d commits:90 active_maint:2 closed:64 merged:62,https://science.ecosyste.ms/projects/2571
564,GPCERF - An R package for implementing Gaussian processes for estimating causal exposure response curves,https://github.com/nsaph-software/gpcerf,unknown,100.0,9.225426009394225,0,Scientific Software,Peer-reviewed,R,NSAPH-Software,National Studies on Air Pollution and Health Software,organization,,https://nsaph-software.github.io/intro.html,cran,GPCERF,281,0,0,1,9,0,836,,817,4,0,0,0.23809523809523814,0.0,2,0,"",0,0,0,0,0,0,push:817d release:836d commits:0 active_maint:0 closed:0 merged:0,https://science.ecosyste.ms/projects/785
565,A Python Library for Pre- and Post-Processing of DAMASK Simulations,https://github.com/damask-multiphysics/damask,active,100.0,9.21830854162536,0,Scientific Software,Peer-reviewed,Fortran,damask-multiphysics,DAMASK,organization,,https://damask.mpie.de,,,0,,,,179,0,,,1,71,360,11,0.4280007608902415,0.5305555555555556,0,0,"",6,0,3,0,0,0,push:1d commits:360 active_maint:0 closed:3 merged:0,https://science.ecosyste.ms/projects/301
566,UncertainSCI,https://github.com/sciinstitute/uncertainsci,dormant,100.0,9.20230820027892,0,Scientific Software,Peer-reviewed,Python,SCIInstitute,The Scientific Computing and Imaging Institute,organization,,www.sci.utah.edu,pypi,uncertainsci,29,1,0,2,11,0,1022,,7,11,11,1,0.6929347826086957,0.0,2,1,asher-m,3,2,2,1,0,0,push:7d release:1022d commits:11 active_maint:1 closed:3 merged:1,https://science.ecosyste.ms/projects/937
567,ArrowSpace: introducing Spectral Indexing for vector search,https://github.com/mec-is/arrowspace-rs,active,100.0,9.20150142330898,0,,,Rust,Mec-iS,Lorenzo,user,Free as in Free Software,http://www.pramantha.net,cargo,arrowspace,0,0,0,1,6,0,301,,301,5,115,5,0.13043478260869568,0.13043478260869568,1,1,Mec-iS,16,14,7,7,0,0,push:301d release:301d commits:104 active_maint:1 closed:18 merged:7,https://science.ecosyste.ms/projects/373742
568,RiskPortfolios,https://github.com/ardiad/riskportfolios,dormant,93.0,16.199927034919305,0,Scientific Software,Peer-reviewed,R,ArdiaD,David Ardia,user,HEC Montréal,https://ardiad.github.io,cran,RiskPortfolios,355,1,3,1,54,0,1901,,1901,4,0,0,0.16249999999999998,0.0,2,0,"",2,0,1,0,0,0,push:1901d release:1901d commits:0 active_maint:0 closed:1 merged:0,https://science.ecosyste.ms/projects/3067
569,A Python package for homogenization procedures in fiber reinforced polymers,https://github.com/extraweich/homopy,dormant,100.0,9.182763604205947,0,Scientific Software,Peer-reviewed,Python,Extraweich,Nicolas Christ,user,Karlsruhe Institute of Technology,,pypi,homopy,25,0,0,1,25,0,1125,,481,8,0,0,0.5432525951557093,0.0,1,0,"",0,1,0,1,0,0,push:481d release:1125d commits:0 active_maint:0 closed:1 merged:1,https://science.ecosyste.ms/projects/1067
570,Calliope,https://github.com/calliope-project/calliope,active,94.0,15.177446650594575,0,Scientific Software,Peer-reviewed,Python,calliope-project,Calliope,organization,,https://www.callio.pe/,"pypi,conda,go","calliope,github.com/calliope-project/calliope",407,4,2,2,368,0,1289,,6,25,55,7,0.4183750949126803,0.4727272727272728,6,3,"brynpickering,irm-codebase,sjpfenninger",26,64,13,40,0,0,push:6d release:1289d commits:48 active_maint:3 closed:59 merged:40,https://science.ecosyste.ms/projects/2771
571,timeseriesflattener,https://github.com/aarhus-psychiatry-research/timeseriesflattener,dormant,98.0,11.168870552387599,0,Scientific Software,Peer-reviewed,Python,Aarhus-Psychiatry-Research,"PSYCOP, Aarhus Psychiatry Research",organization,,https://www.psykiatrien.rm.dk/afdelinger/auhpsykiatrien/afdeling-for-depression-og-angst/About/,pypi,timeseriesflattener,284,1,1,1,20,0,408,,408,13,0,0,0.4489402697495183,0.0,4,0,"",2,46,2,7,0,0,push:408d release:408d commits:0 active_maint:0 closed:39 merged:7,https://science.ecosyste.ms/projects/1196
572,antimeridian,https://github.com/gadomski/antimeridian,active,93.0,16.15809442672698,0,Scientific Software,Peer-reviewed,Python,gadomski,Pete Gadomski,user,,http://www.gadom.ski,"go,pypi","github.com/gadomski/antimeridian,antimeridian",37299,2,3,1,110,0,370,,9,4,57,3,0.3367003367003367,0.368421052631579,3,1,gadomski,5,28,3,27,0,0,push:9d release:370d commits:18 active_maint:1 closed:31 merged:27,https://science.ecosyste.ms/projects/328
573,pyDeltaRCM,https://github.com/deltarcm/pydeltarcm,active,95.0,14.158035866298565,0,Scientific Software,Peer-reviewed,Python,DeltaRCM,DeltaRCM,organization,,deltarcm.org,pypi,pydeltarcm,2815,1,0,1,23,0,1511,,8,13,101,6,0.6513317191283293,0.28712871287128716,3,2,"amoodie,elbeejay",6,25,4,21,0,0,push:8d release:1511d commits:96 active_maint:2 closed:27 merged:21,https://science.ecosyste.ms/projects/1789
574,PyVBMC,https://github.com/acerbilab/pyvbmc,dormant,98.0,11.139075296231315,0,Scientific Software,Peer-reviewed,Python,acerbilab,acerbilab,organization,,www.helsinki.fi/machine-and-human-intelligence,pypi,pyvbmc,91,0,1,2,128,0,673,,63,6,10,1,0.528125,0.0,4,0,"",0,10,0,2,0,0,push:63d release:673d commits:0 active_maint:0 closed:2 merged:2,https://science.ecosyste.ms/projects/1098
575,UM-Bridge,https://github.com/um-bridge/umbridge,dormant,95.0,14.135417777710792,0,Scientific Software,Peer-reviewed,C++,UM-Bridge,UM-Bridge,organization,,,pypi,umbridge,667,1,2,2,42,0,981,,8,18,5,2,0.2857142857142857,0.4,14,1,chun9l,4,18,0,6,0,0,push:8d release:981d commits:5 active_maint:1 closed:9 merged:6,https://science.ecosyste.ms/projects/1206
576,cerf,https://github.com/immm-sfa/cerf,dead,100.0,9.123038043573386,0,Scientific Software,Peer-reviewed,Jupyter Notebook,IMMM-SFA,Integrated Multisector Multiscale Modeling,organization,,https://im3.pnnl.gov/,pypi,cerf,77,0,0,2,16,0,675,,552,4,0,0,0.011363636363636354,0.0,1,0,"",1,1,0,0,0,0,push:552d release:675d commits:0 active_maint:0 closed:0 merged:0,https://science.ecosyste.ms/projects/1755
577,CoReCon,https://github.com/egaraldi/corecon,active,100.0,9.100525505968976,0,Scientific Software,Peer-reviewed,Python,EGaraldi,Enrico Garaldi,user,Max-Planck-Institut fuer Astrophysik,http://wwwmpa.mpa-garching.mpg.de/~egaraldi,pypi,corecon,126,1,0,1,10,0,735,,164,7,16,1,0.03191489361702127,0.0,1,0,"",2,1,1,1,0,0,push:164d release:735d commits:16 active_maint:0 closed:2 merged:1,https://science.ecosyste.ms/projects/1073
578,pDEMtools,https://github.com/trchudley/pdemtools,active,100.0,9.097395612960048,0,Scientific Software,Peer-reviewed,Jupyter Notebook,trchudley,Tom Chudley,user,"Sea Level, Ice and Climate Research Cluster, Durham University",https://www.durham.ac.uk/staff/thomas-r-chudley/,pypi,pdemtools,43,0,0,1,31,0,392,,81,9,12,3,0.10365853658536583,0.16666666666666663,2,1,trchudley,3,8,2,7,0,0,push:81d release:392d commits:12 active_maint:1 closed:9 merged:7,https://science.ecosyste.ms/projects/435
579,xarray,https://github.com/pydata/xarray,active,77.0,32.0909342396058,0,,,Python,pydata,Python for Data,organization,,http://groups.google.com/forum/?fromgroups#!forum/pydata,"pypi,spack,go,conda","xarray,xarray-map,py-xarray,xray,github.com/pydata/xarray",10092275,5198,1350,4,4177,0,329,,8,599,382,83,0.7812814491781281,0.8900523560209423,18,12,"shoyer,max-sixty,keewis,spencerkclark,TomNicholas,jsignell,headtr1ck,ianhi,takluyver,eni-awowale,jhamman,mathause",162,286,46,114,0,0,push:8d release:329d commits:350 active_maint:12 closed:181 merged:114,https://science.ecosyste.ms/projects/55493
580,SolvationAnalysis,https://github.com/mdanalysis/solvation-analysis,dormant,95.0,14.075681649955472,0,Scientific Software,Peer-reviewed,Python,MDAnalysis,MDAnalysis,organization,,https://mdanalysis.org,pypi,solvation-analysis,2250,1,0,1,54,0,742,,246,9,8,1,0.06686046511627908,0.0,4,1,orionarcher,1,1,0,1,0,0,push:246d release:742d commits:8 active_maint:1 closed:1 merged:1,https://science.ecosyste.ms/projects/1179
581,elapid,https://github.com/earth-chris/elapid,dormant,98.0,11.06325765418233,0,Scientific Software,Peer-reviewed,Python,earth-chris,Christopher Anderson,user,@planetlabs,https://earth-chris.github.io,"conda,go,pypi","elapid,github.com/earth-chris/elapid",950,1,0,1,74,0,521,,49,3,5,3,0.007317073170731714,0.6,2,1,thomas-maschler,2,5,1,5,0,0,push:49d release:521d commits:5 active_maint:1 closed:6 merged:5,https://science.ecosyste.ms/projects/1172
582,ParMOO,https://github.com/parmoo/parmoo,active,95.0,14.040992173874022,0,Scientific Software,Peer-reviewed,Python,parmoo,ParMOO: Parallel Solvers for MultiObjective Optimization,organization,,,"pypi,conda",parmoo,1478,1,0,2,88,0,699,,5,9,95,2,0.44733044733044736,0.368421052631579,2,1,thchang,1,5,0,5,0,0,push:5d release:699d commits:95 active_maint:1 closed:5 merged:5,https://science.ecosyste.ms/projects/1251
583,Emiproc,https://github.com/c2sm-rcm/emiproc,active,98.0,11.033598508263609,0,Scientific Software,Peer-reviewed,Python,C2SM-RCM,C2SM-RCM,organization,,,"go,pypi","github.com/c2sm-rcm/emiproc,emiproc,github.com/C2SM-RCM/emiproc",257,0,0,1,13,0,337,,10,16,32,2,0.3422519509476031,0.03125,5,2,"lionel42,criess374",3,25,1,21,0,0,push:10d release:337d commits:32 active_maint:2 closed:22 merged:21,https://science.ecosyste.ms/projects/320
584,pyGCodeDecode,https://github.com/fast-lb/pygcodedecode,active,100.0,9.018574356354229,0,Scientific Software,Peer-reviewed,Python,FAST-LB,FAST Lightweight Engineering @ KIT,organization,,https://www.fast.kit.edu/english/lbt/index.php,pypi,pygcodedecode,126,0,0,1,16,0,343,,48,7,97,4,0.5522388059701493,0.5051546391752577,1,0,"",0,0,0,0,0,0,push:48d release:343d commits:97 active_maint:0 closed:0 merged:0,https://science.ecosyste.ms/projects/599
585,osmapiR,https://github.com/ropensci/osmapir,active,98.0,11.007286367891538,0,Scientific Software,Peer-reviewed,R,ropensci,rOpenSci,organization,,https://ropensci.org/,cran,osmapiR,358,0,0,1,27,0,346,,29,7,36,2,0.03316326530612246,0.08333333333333337,4,1,jmaspons,2,8,0,7,0,0,push:29d release:346d commits:33 active_maint:1 closed:7 merged:7,https://science.ecosyste.ms/projects/515
586,Foundry-ML - Software and Services to Simplify Access to Machine Learning Datasets in Materials Science,https://github.com/mlmi2-cssi/foundry,dormant,95.0,13.997432034736889,0,Scientific Software,Peer-reviewed,Python,MLMI2-CSSI,Machine Learning Materials Innovation Infrastructure - NSF CSSI Project,organization,,,"pypi,conda","foundry-ml,foundry_ml",348,1,1,3,87,0,713,,189,24,11,2,0.7701767870868563,0.18181818181818177,5,0,"",0,7,0,6,0,0,push:189d release:713d commits:9 active_maint:0 closed:6 merged:6,https://science.ecosyste.ms/projects/855
587,sbpy,https://github.com/nasa-planetary-science/sbpy,active,95.0,13.990827640605344,0,Scientific Software,Peer-reviewed,Python,NASA-Planetary-Science,NASA-Planetary-Science,organization,,,"pypi,conda",sbpy,683,6,2,1,78,0,701,,77,14,18,2,0.5353915662650602,0.4444444444444444,5,2,"mkelley,hhsieh00",12,12,2,3,0,0,push:77d release:701d commits:18 active_maint:2 closed:5 merged:3,https://science.ecosyste.ms/projects/2534
588,mutyper,https://github.com/harrispopgen/mutyper,unknown,100.0,8.984693690443855,0,Scientific Software,Peer-reviewed,Python,harrispopgen,harrispopgen,organization,,,pypi,mutyper,93,1,0,1,9,0,1177,,1176,6,0,0,0.0625,0.0,4,0,"",0,0,0,0,0,0,push:1176d release:1177d commits:0 active_maint:0 closed:0 merged:0,https://science.ecosyste.ms/projects/1141
589,CGC,https://github.com/phenology/cgc,unknown,100.0,8.97941663334301,0,Scientific Software,Peer-reviewed,Python,phenology,Netherlands eScience Center & University of Twente,organization,,,pypi,clustering-geodata-cubes,51,2,0,1,19,0,1118,,961,7,0,0,0.35813953488372097,0.0,0,0,"",0,0,0,0,0,0,push:961d release:1118d commits:0 active_maint:0 closed:0 merged:0,https://science.ecosyste.ms/projects/1552
590,pyGeo,https://github.com/mdolab/pygeo,active,100.0,8.970304952991754,0,Scientific Software,Peer-reviewed,Python,mdolab,MDO Lab,organization,,mdolab.engin.umich.edu,,,0,,,,218,0,,,44,41,13,5,0.5200433369447455,0.3076923076923077,9,1,A-CGray,3,13,1,4,0,0,push:44d commits:13 active_maint:1 closed:7 merged:4,https://science.ecosyste.ms/projects/1061
591,causal-curve,https://github.com/ronikobrosly/causal-curve,dormant,93.0,15.953065335274394,0,Scientific Software,Peer-reviewed,Python,ronikobrosly,Roni Kobrosly,user,DrFirst,https://www.kobrosly.net,"go,pypi","github.com/ronikobrosly/causal-curve,causal-curve",7487,2,0,1,284,0,798,,206,4,1,1,0.038461538461538436,0.0,1,0,"",1,0,1,0,0,0,push:206d release:798d commits:1 active_maint:0 closed:1 merged:0,https://science.ecosyste.ms/projects/2143
592,pivmet,https://github.com/leoegidi/pivmet,unknown,100.0,8.951051374025619,0,Scientific Software,Peer-reviewed,HTML,LeoEgidi,Leonardo Egidi,user,,,cran,pivmet,642,0,0,1,6,0,791,,778,2,0,0,0.002762430939226568,0.0,0,0,"",0,0,0,0,0,0,push:778d release:791d commits:0 active_maint:0 closed:0 merged:0,https://science.ecosyste.ms/projects/642
593,ijtiff,https://github.com/ropensci/ijtiff,dormant,93.0,15.906774439570635,0,Scientific Software,Peer-reviewed,R,ropensci,rOpenSci,organization,,https://ropensci.org/,cran,ijtiff,1272,6,5,1,17,0,481,,185,5,7,1,0.202247191011236,0.0,4,0,"",0,0,0,0,0,0,push:185d release:481d commits:7 active_maint:0 closed:0 merged:0,https://science.ecosyste.ms/projects/2886
594,superblockify,https://github.com/nerdsitu/superblockify,active,100.0,8.906528917594517,0,Scientific Software,Peer-reviewed,Python,NERDSITU,NERDS,organization,,https://nerds.itu.dk/,pypi,superblockify,35,0,0,1,30,0,603,,395,8,32,5,0.3737244897959183,0.21875,3,0,"",0,0,0,0,0,0,push:395d release:603d commits:30 active_maint:0 closed:0 merged:0,https://science.ecosyste.ms/projects/544
595,BoARIO,https://github.com/spjuhel/boario,active,98.0,10.900067115639086,0,Scientific Software,Peer-reviewed,Python,spjuhel,Samuel Juhel,user,,,pypi,boario,214,0,0,1,23,0,386,,251,6,45,2,0.486223662884927,0.33333333333333337,1,1,spjuhel,8,105,2,40,0,0,push:251d release:386d commits:30 active_maint:1 closed:67 merged:40,https://science.ecosyste.ms/projects/645
596,Empirical,https://github.com/devosoft/empirical,active,100.0,8.886823846515185,0,Scientific Software,Peer-reviewed,C++,devosoft,Digital Evolution Software,organization,,http://avida.devosoft.org,,,0,,,,91,0,,,1,37,12,3,0.2979759805156631,0.41666666666666663,6,1,mmore500,0,16,0,7,0,0,push:1d commits:12 active_maint:1 closed:15 merged:7,https://science.ecosyste.ms/projects/667
597,VCFPy,https://github.com/bihealth/vcfpy,active,93.0,15.872769755566692,0,Scientific Software,Peer-reviewed,Python,bihealth,Berlin Institute of Health,organization,,https://www.cubi.bihealth.org/,pypi,vcfpy,7934,37,14,1,112,0,932,,301,8,14,3,0.2645739910313901,0.2857142857142857,1,1,holtgrewe,5,17,3,10,0,0,push:301d release:932d commits:14 active_maint:1 closed:14 merged:10,https://science.ecosyste.ms/projects/3097
598,PyMSM,https://github.com/hrossman/pymsm,dead,98.0,10.866165563963404,0,Scientific Software,Peer-reviewed,Jupyter Notebook,hrossman,Hagai_Rossman,user,Weizmann institute of science,https://hrossman.github.io/,pypi,pymsm,298,1,0,2,57,0,1585,,1390,3,0,0,0.15042372881355937,0.0,2,0,"",0,2,0,0,0,0,push:1390d release:1585d commits:0 active_maint:0 closed:0 merged:0,https://science.ecosyste.ms/projects/1380
599,Underworld2,https://github.com/underworldcode/underworld2,active,95.0,13.863900642112366,0,Scientific Software,Peer-reviewed,C,underworldcode,Underworld geodynamics software platform and tools,organization,,http://www.underworldcode.org,"go,pypi","github.com/underworldcode/underworld2,underworld",93,1,0,3,213,0,483,,20,36,100,2,0.6797415782187356,0.050000000000000044,4,1,julesghub,25,6,5,6,0,0,push:20d release:483d commits:100 active_maint:1 closed:11 merged:6,https://science.ecosyste.ms/projects/2286
600,caracas,https://github.com/r-cas/caracas,dormant,93.0,15.850727447645355,0,Scientific Software,Peer-reviewed,R,r-cas,Computer algebra systems in R,organization,,,cran,caracas,536,2,0,1,31,0,973,,184,3,4,1,0.31400966183574874,0.0,1,0,"",0,0,0,0,0,0,push:184d release:973d commits:4 active_maint:0 closed:0 merged:0,https://science.ecosyste.ms/projects/1826
601,BGGM,https://github.com/donaldrwilliams/bggm,active,93.0,15.839428818833456,0,Scientific Software,Peer-reviewed,R,donaldRwilliams,Donald R. Williams,user,,,cran,BGGM,653,3,5,1,61,0,585,,240,6,20,2,0.1247689463955638,0.050000000000000044,1,0,"",2,3,1,1,0,0,push:240d release:585d commits:20 active_maint:0 closed:2 merged:1,https://science.ecosyste.ms/projects/2185
602,MiscMetabar,https://github.com/adrientaudiere/miscmetabar,active,98.0,10.839110212709775,0,Scientific Software,Peer-reviewed,R,adrientaudiere,Adrien Taudiere,user,IdEst,https://adrientaudiere.com,cran,MiscMetabar,707,0,0,1,21,0,404,,29,6,262,4,0.0968992248062015,0.22519083969465647,1,1,adrientaudiere,3,16,3,12,0,0,push:29d release:404d commits:243 active_maint:1 closed:17 merged:12,https://science.ecosyste.ms/projects/889
603,BayesO,https://github.com/jungtaekkim/bayeso,dormant,98.0,10.838011052671343,0,Scientific Software,Peer-reviewed,Python,jungtaekkim,Jungtaek Kim,user,,https://jungtaek.github.io,"go,pypi","github.com/jungtaekkim/bayeso,bayeso",266,1,0,1,96,0,870,,199,2,1,1,0.001481481481481528,0.0,1,1,jungtaekkim,0,1,0,1,0,0,push:199d release:870d commits:1 active_maint:1 closed:1 merged:1,https://science.ecosyste.ms/projects/963
604,partition,https://github.com/uscbiostats/partition,dormant,98.0,10.836753388616245,0,Scientific Software,Peer-reviewed,HTML,USCbiostats,USC Division of Biostatistics,organization,,https://biostatsepi.usc.edu/,cran,partition,323,1,1,1,37,0,659,,627,4,0,0,0.12658227848101267,0.0,2,0,"",2,2,1,2,0,0,push:627d release:659d commits:0 active_maint:0 closed:3 merged:2,https://science.ecosyste.ms/projects/2274
605,Autorank,https://github.com/sherbold/autorank,dormant,95.0,13.836146171564346,0,Scientific Software,Peer-reviewed,Python,sherbold,Steffen Herbold,user,,https://www.fim.uni-passau.de/ai-engineering,pypi,autorank,2382,4,1,1,99,0,422,,41,6,1,1,0.11864406779661019,0.0,1,0,"",2,3,1,1,0,0,push:41d release:422d commits:1 active_maint:0 closed:4 merged:1,https://science.ecosyste.ms/projects/2255
606,Ambit – A FEniCS-based cardiovascular multi-physics solver,https://github.com/marchirschvogel/ambit,active,98.0,10.811181437184764,0,Scientific Software,Peer-reviewed,Python,marchirschvogel,Marc Hirschvogel,user,"Bundesanstalt für Materialforschung und -prüfung (BAM), Berlin, Germany",http://www.ambit.net,pypi,ambit-fe,242,0,0,1,74,0,701,,22,4,178,2,0.5342465753424658,0.016853932584269704,1,0,"",0,0,0,0,0,0,push:22d release:701d commits:178 active_maint:0 closed:0 merged:0,https://science.ecosyste.ms/projects/864
607,hydroscoper,https://github.com/ropensci/hydroscoper,active,93.0,15.805460558679814,0,Scientific Software,Peer-reviewed,R,ropensci,rOpenSci,organization,,https://ropensci.org/,cran,hydroscoper,0,0,0,0,14,0,1903,,2,4,0,0,0.37337662337662336,0.0,3,0,"",0,0,0,0,0,0,pkg:removed push:2d release:1903d commits:0 active_maint:0 closed:0 merged:0,https://science.ecosyste.ms/projects/2887
608,Shapelets,https://github.com/uw-comphys/shapelets,dormant,100.0,8.787525625532906,0,Scientific Software,Peer-reviewed,Python,uw-comphys,uw-comphys,organization,,,pypi,shapelets,48,2,0,2,19,0,593,,273,6,9,1,0.22535211267605637,0.0,2,1,mptino,3,19,1,16,0,0,push:273d release:593d commits:9 active_maint:1 closed:17 merged:16,https://science.ecosyste.ms/projects/779
609,ProbNumDiffEq.jl,https://github.com/nathanaelbosch/probnumdiffeq.jl,active,100.0,8.783396232190894,0,Scientific Software,Peer-reviewed,Julia,nathanaelbosch,Nathanael Bosch,user,University of Tübingen,nathanaelbosch.github.io,julia,ProbNumDiffEq,0,0,1,0,133,0,363,,3,16,49,5,0.17750929368029744,0.5102040816326531,1,1,nathanaelbosch,1,13,0,6,0,0,push:3d release:363d commits:27 active_maint:1 closed:6 merged:6,https://science.ecosyste.ms/projects/473
610,The UCSCXenaTools R package,https://github.com/ropensci/ucscxenatools,active,95.0,13.781622799296917,0,Scientific Software,Peer-reviewed,R,ropensci,rOpenSci,organization,,https://ropensci.org/,cran,UCSCXenaTools,1662,6,2,1,118,0,343,,86,4,14,1,0.021505376344086002,0.0,2,2,"ShixiangWang,maelle",8,0,4,0,0,0,push:86d release:343d commits:14 active_maint:2 closed:4 merged:0,https://science.ecosyste.ms/projects/2490
611,SysIdentPy,https://github.com/wilsonrljr/sysidentpy,active,93.0,15.769603139427145,0,Scientific Software,Peer-reviewed,Python,wilsonrljr,Wilson Rocha,user,RD Raia Drogasil,https://wilsonrljr.github.io/sysidentpy/,pypi,sysidentpy,787,1,0,4,516,0,487,,15,22,105,4,0.06578947368421051,0.02857142857142858,2,1,wilsonrljr,4,9,1,2,0,0,push:15d release:487d commits:105 active_maint:1 closed:3 merged:2,https://science.ecosyste.ms/projects/2111
612,JAXbind,https://github.com/nifty-ppl/jaxbind,dormant,95.0,13.768687258248175,0,Scientific Software,Peer-reviewed,Python,NIFTy-PPL,NIFTy-PPL,organization,,,pypi,jaxbind,3136,0,0,3,82,0,464,,168,4,11,2,0.5763688760806917,0.2727272727272727,2,1,roth-jakob,0,5,0,4,0,0,push:168d release:464d commits:11 active_maint:1 closed:4 merged:4,https://science.ecosyste.ms/projects/631
613,scPCA,https://github.com/philboileau/scpca,dormant,95.0,13.74586461613044,0,Scientific Software,Peer-reviewed,R,PhilBoileau,Philippe Boileau,user,,pboileau.ca,"go,bioconductor","github.com/PhilBoileau/scPCA,scPCA,github.com/philboileau/scpca",0,0,0,1,12,0,464,,535,6,0,0,0.23765432098765427,0.0,2,0,"",0,2,0,2,0,0,push:535d release:464d commits:0 active_maint:0 closed:2 merged:2,https://science.ecosyste.ms/projects/2291
614,pypromice,https://github.com/geus-glaciology-and-climate/pypromice,active,98.0,10.744192297453688,0,Scientific Software,Peer-reviewed,Python,GEUS-Glaciology-and-Climate,GEUS Glaciology and Climate,organization,,https://eng.geus.dk/about/organisation/departments/glaciology-and-climate,"go,pypi","github.com/GEUS-Glaciology-and-Climate/pypromice,pypromice,github.com/geus-glaciology-and-climate/pypromice",60,0,0,1,19,0,428,,16,10,75,3,0.698876404494382,0.48,4,2,"PennyHow,BaptisteVandecrux",9,72,4,41,0,0,push:16d release:428d commits:75 active_maint:2 closed:53 merged:41,https://science.ecosyste.ms/projects/1112
615,PythonicDISORT,https://github.com/ldeo-crew/pythonic-disort,active,100.0,8.72518249495877,0,Scientific Software,Peer-reviewed,Jupyter Notebook,LDEO-CREW,"Clouds, Radiant Energy, and Water at Lamont-Doherty Earth Observatory",organization,,https://crew.ldeo.columbia.edu,pypi,pythonicdisort,75,0,0,1,35,0,496,,24,3,33,2,0.13043478260869568,0.21212121212121215,1,1,dhjx1996,1,11,1,5,0,0,push:24d release:496d commits:26 active_maint:1 closed:7 merged:5,https://science.ecosyste.ms/projects/389
616,TransBigData,https://github.com/ni1o1/transbigdata,dormant,93.0,15.716469663984848,0,Scientific Software,Peer-reviewed,Python,ni1o1,Qing Yu,user,Southern University of Science and Technology,https://ni1o1.github.io/,"pypi,conda",transbigdata,1398,2,1,1,536,0,1006,,1006,9,0,0,0.26590538336052205,0.0,2,0,"",4,0,1,0,0,0,push:1006d release:1006d commits:0 active_maint:0 closed:1 merged:0,https://science.ecosyste.ms/projects/1589
617,astropy,https://github.com/astropy/astropy,active,77.0,31.707953755030626,0,,,Python,astropy,The Astropy Project,organization,,http://www.astropy.org,"pypi,conda,go","astropy,github.com/astropy/astropy",2513671,11150,1344,1,5244,0,436,,1,631,1164,98,0.8685612241756212,0.8178694158075601,35,16,"eerovaher,pllim,nstarman,astrofrog,taldcroft,bsipocz,hamogu,Cadair,larrybradley,maxnoe,ceb8,cmarmo,kYwzor,ManonMarchand,mwcraig,nabobalis",86,308,27,139,1,0,push:1d release:436d commits:1128 active_maint:16 closed:200 merged:139 adv:1/0,https://science.ecosyste.ms/projects/42834
618,mikropml,https://github.com/schlosslab/mikropml,active,95.0,13.693071700771696,0,Scientific Software,Peer-reviewed,R,SchlossLab,SchlossLab,organization,,,"cran,conda","mikropml,r-mikropml",498,6,0,1,66,0,342,,269,22,37,4,0.4351753453772582,0.1351351351351351,5,1,kelly-sovacool,1,8,1,5,0,0,push:269d release:342d commits:37 active_maint:1 closed:6 merged:5,https://science.ecosyste.ms/projects/1891
619,PyBCI,https://github.com/lmbooth/pybci,unknown,100.0,8.691146498539675,0,Scientific Software,Peer-reviewed,Python,LMBooth,LMBooth,user,University of Hull,,pypi,"pybci-package,install-pybci",118,0,0,1,33,0,598,,384,2,0,0,0.003714710252600284,0.0,0,0,"",0,0,0,0,0,0,push:384d release:598d commits:0 active_maint:0 closed:0 merged:0,https://science.ecosyste.ms/projects/907
620,finreportr,https://github.com/sewardlee337/finreportr,dead,93.0,15.684669860933788,0,Scientific Software,Peer-reviewed,R,sewardlee337,Seward Lee,user,,https://sewardlee.com,cran,finreportr,401,0,0,1,135,0,1655,,1655,1,0,0,0.0,0.0,0,0,"",1,0,0,0,0,0,pkg:removed push:1655d release:1655d commits:0 active_maint:0 closed:0 merged:0,https://science.ecosyste.ms/projects/3086
621,OpenTripPlanner for R,https://github.com/ropensci/opentripplanner,dead,95.0,13.666274780193953,0,Scientific Software,Peer-reviewed,R,ropensci,rOpenSci,organization,,https://ropensci.org/,cran,opentripplanner,838,2,1,1,89,0,815,,586,11,0,0,0.1724709784411277,0.0,2,0,"",0,4,0,0,0,0,push:586d release:815d commits:0 active_maint:0 closed:0 merged:0,https://science.ecosyste.ms/projects/2372
622,ASSUME - Agent-based Simulation for Studying and Understanding Market Evolution,https://github.com/assume-framework/assume,active,95.0,13.660679646832152,0,Scientific Software,Peer-reviewed,Python,assume-framework,assume-framework,organization,,,"pypi,go","peakshaving-analyzer,assume-framework,github.com/assume-framework/assume",642,0,0,2,103,0,330,,8,28,233,18,0.6811708860759493,0.6781115879828326,14,7,"maurerle,mthede,nick-harder,paragpatil39,carl-wanninger,chiara-fb,GloriaColmenares",52,146,34,110,0,0,push:8d release:330d commits:233 active_maint:7 closed:153 merged:110,https://science.ecosyste.ms/projects/28
623,hal9001,https://github.com/tlverse/hal9001,dormant,95.0,13.658341995573597,0,Scientific Software,Peer-reviewed,R,tlverse,tlverse,organization,,https://tlverse.org,cran,hal9001,1496,26,3,1,49,0,989,,618,10,0,0,0.5337837837837838,0.0,6,0,"",1,1,1,1,0,0,push:618d release:989d commits:0 active_maint:0 closed:2 merged:1,https://science.ecosyste.ms/projects/2116
624,ReferenceSeeker,https://github.com/oschwengers/referenceseeker,dormant,100.0,8.65032450401942,0,Scientific Software,Peer-reviewed,Python,oschwengers,Oliver Schwengers,user,@ag-computational-bio - JLU Giessen,,pypi,referenceseeker,54,1,0,1,101,0,1658,,554,1,0,0,0.0,0.0,1,0,"",2,0,1,0,0,0,push:554d release:1658d commits:0 active_maint:0 closed:1 merged:0,https://science.ecosyste.ms/projects/2318
625,MemCNN,https://github.com/silvandeleemput/memcnn,dormant,95.0,13.646689458504138,0,Scientific Software,Peer-reviewed,Python,silvandeleemput,Sil van de Leemput,user,,,pypi,memcnn,309,4,0,1,257,0,1177,,140,11,5,2,0.13533834586466165,0.19999999999999996,1,0,"",0,1,0,1,0,0,push:140d release:1177d commits:5 active_maint:0 closed:1 merged:1,https://science.ecosyste.ms/projects/2495
626,SleepECG,https://github.com/cbrnr/sleepecg,active,93.0,15.629221977026031,0,Scientific Software,Peer-reviewed,Python,cbrnr,Clemens Brunner,user,University of Graz,https://cbrnr.github.io/,"pypi,conda",sleepecg,5243,4,2,1,137,0,544,,52,8,38,3,0.5217391304347826,0.39473684210526316,2,1,cbrnr,0,47,0,39,0,0,push:52d release:544d commits:15 active_maint:1 closed:42 merged:39,https://science.ecosyste.ms/projects/1111
627,"pycoQC, interactive quality control for Oxford Nanopore Sequencing",https://github.com/a-slide/pycoqc,dead,95.0,13.622469350466508,0,Scientific Software,Peer-reviewed,Python,a-slide,Adrien Leger,user,@nanoporetech,https://adrienleger.com/,"pypi,go","pycoqc,github.com/a-slide/pycoQC,github.com/a-slide/pycoqc",451,0,0,1,285,1,2052,,650,6,0,0,0.06561679790026242,0.0,2,0,"",2,0,1,0,0,0,archived push:650d release:2052d commits:0 active_maint:0 closed:1 merged:0,https://science.ecosyste.ms/projects/2639
628,AixWeather,https://github.com/rwth-ebc/aixweather,active,98.0,10.615652738931836,0,Scientific Software,Peer-reviewed,Python,RWTH-EBC,RWTH Aachen University - E.ON Energy Research Center - Institute for Energy Efficient Buildings and Indoor Climate,organization,,http://www.ebc.eonerc.rwth-aachen.de/,pypi,aixweather,195,0,0,1,19,0,521,,211,8,30,1,0.622093023255814,0.0,3,1,FWuellhorst,4,10,4,7,0,0,push:211d release:521d commits:30 active_maint:1 closed:11 merged:7,https://science.ecosyste.ms/projects/270
629,getCRUCLdata,https://github.com/ropensci/getcrucldata,active,93.0,15.613852316317653,0,Scientific Software,Peer-reviewed,R,ropensci,rOpenSci,organization,,https://ropensci.org/,"go,cran","github.com/ropensci/getcrucldata,getCRUCLdata,github.com/ropensci/getCRUCLdata",198,0,0,1,17,0,537,,71,4,166,1,0.006772009029345383,0.0,2,0,"",1,0,1,0,0,0,pkg:removed push:71d release:537d commits:166 active_maint:0 closed:1 merged:0,https://science.ecosyste.ms/projects/3046
630,"Building, Importing, and Exporting GEXF Graph Files with rgexf",https://github.com/gvegayon/rgexf,dormant,95.0,13.606112108441735,0,Scientific Software,Peer-reviewed,JavaScript,gvegayon,George G. Vega Yon,user,University of Utah,https://ggvy.cl,"conda,cran","r-rgexf,rgexf",859,12,5,1,32,0,759,,7,8,6,1,0.14720812182741116,0.0,2,1,gvegayon,0,3,0,3,0,0,push:7d release:759d commits:6 active_maint:1 closed:3 merged:3,https://science.ecosyste.ms/projects/1805
631,stats19,https://github.com/ropensci/stats19,active,95.0,13.596055196907075,0,Scientific Software,Peer-reviewed,R,ropensci,rOpenSci,organization,,https://ropensci.org/,cran,stats19,719,5,1,1,73,0,561,,0,17,123,4,0.33333333333333337,0.36585365853658536,5,2,"Robinlovelace,BlaiseKelly",24,24,16,18,0,0,push:0d release:561d commits:123 active_maint:2 closed:35 merged:18,https://science.ecosyste.ms/projects/2682
632,SampleDB,https://github.com/sciapp/sampledb,active,98.0,10.583397506314054,0,Scientific Software,Peer-reviewed,Python,sciapp,Scientific Applications,organization,,https://pgi-jcns.fz-juelich.de,pypi,sampledb,49,1,0,1,31,0,374,,28,21,144,7,0.19152471956792683,0.27083333333333337,0,0,"",5,17,1,11,0,0,push:28d release:374d commits:144 active_maint:0 closed:16 merged:11,https://science.ecosyste.ms/projects/1983
633,Af-analysis,https://github.com/samuelmurail/af_analysis,active,100.0,8.576216531865699,0,Scientific Software,Peer-reviewed,Jupyter Notebook,samuelmurail,Samuel Murail,user,Université de Paris,https://samuelmurail.github.io/PersonalPage/,pypi,af-analysis,77,0,0,1,49,0,533,,69,5,82,4,0.03900709219858156,0.1097560975609756,2,2,"nchenche,samuelmurail",7,6,2,5,0,0,push:69d release:533d commits:82 active_maint:2 closed:7 merged:5,https://science.ecosyste.ms/projects/254
634,stacks,https://github.com/tidymodels/stacks,dormant,93.0,15.56144665773202,0,Scientific Software,Peer-reviewed,R,tidymodels,tidymodels,organization,,,"conda,cran,go","r-stacks,stacks,github.com/tidymodels/stacks",2292,18,5,1,302,0,429,,281,8,2,2,0.0625,0.5,4,2,"simonpcouch,EmilHvitfeldt",6,12,3,10,0,0,push:281d release:429d commits:2 active_maint:2 closed:13 merged:10,https://science.ecosyste.ms/projects/1466
635,Teaspoon,https://github.com/teaspoontda/teaspoon,active,95.0,13.5309595785207,0,Scientific Software,Peer-reviewed,Jupyter Notebook,TeaspoonTDA,TeaspoonTDA,organization,,,pypi,teaspoon,917,1,2,2,50,0,367,,8,18,14,3,0.7827715355805244,0.3571428571428571,4,1,lizliz,6,8,1,3,0,0,push:8d release:367d commits:14 active_maint:1 closed:5 merged:3,https://science.ecosyste.ms/projects/255
636,BayesianNetwork,https://github.com/paulgovan/bayesiannetwork,active,93.0,15.519745791440396,0,Scientific Software,Peer-reviewed,HTML,paulgovan,Paul Govan,user,GE Renewable Energy,https://www.linkedin.com/in/paulgovan,cran,BayesianNetwork,311,0,0,1,126,0,748,,82,1,21,1,0.0,0.0,1,1,paulgovan,2,0,1,0,0,0,push:82d release:748d commits:21 active_maint:1 closed:1 merged:0,https://science.ecosyste.ms/projects/2938
637,Fast Resampling and Monte Carlo Methods in Python,https://github.com/mdhaber/scipy,active,100.0,8.518592212329944,0,Scientific Software,Peer-reviewed,Python,mdhaber,Matt Haberland,user,,,,,0,,,,1,0,,,71,1797,948,102,0.9280096388768031,0.8533755274261603,1,1,mdhaber,1,9,0,5,0,0,push:71d commits:948 active_maint:1 closed:8 merged:5,https://science.ecosyste.ms/projects/1089
638,modelStudio,https://github.com/modeloriented/modelstudio,unknown,95.0,13.518565718233308,0,Scientific Software,Peer-reviewed,R,ModelOriented,Model Oriented,organization,,https://mi2.ai/,"cran,go","modelStudio,github.com/ModelOriented/modelStudio,github.com/modeloriented/modelstudio",428,1,0,1,333,0,1256,,1064,5,0,0,0.4595375722543352,0.0,5,0,"",0,0,0,0,0,0,push:1064d release:1256d commits:0 active_maint:0 closed:0 merged:0,https://science.ecosyste.ms/projects/2397
639,'Sequana',https://github.com/sequana/sequana,active,95.0,13.515107921103112,0,Scientific Software,Peer-reviewed,Python,sequana,sequana,organization,,,pypi,sequana,457,14,12,1,151,0,367,,28,11,134,2,0.2595959595959596,0.14179104477611937,3,1,cokelaer,3,5,2,5,0,0,push:28d release:367d commits:115 active_maint:1 closed:7 merged:5,https://science.ecosyste.ms/projects/2992
640,Tashaphyne,https://github.com/linuxscout/tashaphyne,unknown,95.0,13.504355129326852,0,Scientific Software,Peer-reviewed,Python,linuxscout,Taha Zerrouki (طه زروقي ),user,Bouira University,tahadz.com,pypi,tashaphyne,2434,5,2,1,104,0,1643,,696,3,0,0,0.032786885245901676,0.0,0,0,"",0,0,0,0,0,0,push:696d release:1643d commits:0 active_maint:0 closed:0 merged:0,https://science.ecosyste.ms/projects/845
641,verdata,https://github.com/hrdag/verdata,dormant,98.0,10.502324053624832,0,Scientific Software,Peer-reviewed,R,HRDAG,Human Rights Data Analysis Group,organization,,https://hrdag.org,cran,verdata,454,0,0,1,17,0,462,,176,4,9,1,0.3207547169811321,0.0,1,0,"",1,0,1,0,0,0,push:176d release:462d commits:9 active_maint:0 closed:1 merged:0,https://science.ecosyste.ms/projects/880
642,The Spreadsheet Energy System Model Generator (SESMG),https://github.com/sesmg/sesmg,active,100.0,8.496786381638575,0,Scientific Software,Peer-reviewed,Python,SESMG,SESMG,organization,,www.fh.ms/esym,"go,pypi","github.com/sesmg/sesmg,github.com/SESMG/SESMG,sesmg",0,0,0,3,24,0,542,,41,28,71,6,0.4819440673364105,0.6338028169014085,8,2,"FranziKoert,jtock",18,1,4,0,0,0,push:41d release:542d commits:71 active_maint:2 closed:4 merged:0,https://science.ecosyste.ms/projects/996
643,biopeaks,https://github.com/jancbrammer/biopeaks,dead,98.0,10.492273717771331,0,Scientific Software,Peer-reviewed,Python,JanCBrammer,Jan C. Brammer,user,,https://jancbrammer.github.io/,pypi,biopeaks,154,1,0,1,76,0,1667,,705,3,0,0,0.012072434607645843,0.0,1,0,"",0,1,0,0,0,0,push:705d release:1667d commits:0 active_maint:0 closed:0 merged:0,https://science.ecosyste.ms/projects/2072
644,quickBayes,https://github.com/isisneutronmuon/quickbayes,dormant,100.0,8.491875383431948,0,Scientific Software,Peer-reviewed,Python,ISISNeutronMuon,UKRI STFC ISIS Neutron and Muon Facility,organization,,https://www.isis.stfc.ac.uk/,pypi,quickbayes,74,0,0,1,1,0,499,,107,5,1,1,0.08695652173913049,0.0,2,1,AnthonyLim23,0,1,0,1,0,0,push:107d release:499d commits:1 active_maint:1 closed:1 merged:1,https://science.ecosyste.ms/projects/227
645,BAMnostic,https://github.com/betteridiot/bamnostic,dormant,95.0,13.490687208831812,0,Scientific Software,Peer-reviewed,Python,betteridiot,Marcus D Sherman,user,,,"conda,pypi",bamnostic,789,1,3,1,99,0,1191,,184,9,2,1,0.048295454545454586,0.0,1,0,"",1,2,0,2,0,0,push:184d release:1191d commits:2 active_maint:0 closed:2 merged:2,https://science.ecosyste.ms/projects/2795
646,GaussianRandomFields.jl,https://github.com/pieterjanrobbe/gaussianrandomfields.jl,dormant,98.0,10.475144835508363,0,Scientific Software,Peer-reviewed,Julia,PieterjanRobbe,PieterjanR,user,Sandia National Laboratories,,julia,GaussianRandomFields,0,1,1,0,79,0,485,,318,9,2,1,0.25668449197860965,0.0,1,0,"",2,3,1,3,0,0,push:318d release:485d commits:2 active_maint:0 closed:4 merged:3,https://science.ecosyste.ms/projects/1020
647,Pyafscgap.org,https://github.com/schmidtdse/afscgap,dormant,100.0,8.457018468380166,0,Scientific Software,Peer-reviewed,Python,SchmidtDSE,DSE,organization,,https://dse.berkeley.edu/,pypi,afscgap,211,2,0,1,5,0,568,,175,3,9,2,0.009202453987730008,0.33333333333333337,0,0,"",5,20,2,17,0,0,push:175d release:568d commits:6 active_maint:0 closed:19 merged:17,https://science.ecosyste.ms/projects/1080
648,liionpack,https://github.com/pybamm-team/liionpack,dormant,95.0,13.449148848435998,0,Scientific Software,Peer-reviewed,Python,pybamm-team,PyBaMM Team,organization,,https://www.pybamm.org/,"go,pypi","github.com/pybamm-team/liionpack,liionpack",376,1,0,1,115,0,556,,10,14,1,1,0.3781965006729475,0.0,8,0,"",1,3,0,0,0,0,push:10d release:556d commits:0 active_maint:0 closed:1 merged:0,https://science.ecosyste.ms/projects/1596
649,Fasten,https://github.com/lskatz/fasten,dormant,93.0,15.442832395416934,0,Scientific Software,Peer-reviewed,Rust,lskatz,Lee Katz,user,CDC (work) + personal projects,https://lskatz.github.io,cargo,fasten,0,0,0,1,82,0,421,,279,4,5,1,0.019073569482288777,0.0,1,1,lskatz,2,12,1,12,0,0,push:279d release:421d commits:5 active_maint:1 closed:13 merged:12,https://science.ecosyste.ms/projects/833
650,rdflib,https://github.com/rdflib/rdflib,active,77.0,31.43650377286522,0,,,Python,RDFLib,RDFlib,organization,,https://rdflib.dev,"conda,pypi,spack","rdflib,rdflib-with-all,rdflib-with-orjson,rdflib-with-lxml,rdflib-with-networkx,py-rdflib",5830856,4363,471,4,2481,0,339,,8,202,68,11,0.8083314363760528,0.4117647058823529,8,2,"white-gecko,nicholascar",22,74,4,26,0,0,pkg:removed push:8d release:339d commits:55 active_maint:2 closed:43 merged:26,https://science.ecosyste.ms/projects/42985
651,PlanetMapper,https://github.com/ortk95/planetmapper,active,98.0,10.436113806260972,0,Scientific Software,Peer-reviewed,Python,ortk95,Oliver King,user,University of Leicester,,pypi,planetmapper,499,1,0,1,15,0,337,,8,2,115,2,0.04509493670886078,0.26956521739130435,1,1,ortk95,23,73,11,49,0,0,push:8d release:337d commits:84 active_maint:1 closed:65 merged:49,https://science.ecosyste.ms/projects/961
652,netrd,https://github.com/netsiphd/netrd,unknown,95.0,13.428847576818706,0,Scientific Software,Peer-reviewed,Python,netsiphd,NetSI PhD Students,user,,http://networkscienceinstitute.org/,pypi,netrd,146,5,0,2,173,0,1885,,1219,24,0,0,0.5550660792951542,0.0,5,0,"",0,0,0,0,0,0,push:1219d release:1885d commits:0 active_maint:0 closed:0 merged:0,https://science.ecosyste.ms/projects/1875
653,bayes-toolbox,https://github.com/hyosubkim/bayes-toolbox,dormant,98.0,10.426913458277857,0,Scientific Software,Peer-reviewed,Python,hyosubkim,Hyosub Kim,user,,https://osf.io/y75ud/wiki/home/,pypi,bayes-toolbox,85,0,0,2,93,0,392,,393,4,0,0,0.08247422680412375,0.0,2,0,"",0,16,0,16,0,0,push:393d release:392d commits:0 active_maint:0 closed:16 merged:16,https://science.ecosyste.ms/projects/938
654,archetypal,https://github.com/samuelduchesne/archetypal,active,95.0,13.425134042352527,0,Scientific Software,Peer-reviewed,Python,samuelduchesne,Samuel Letellier-Duchesne,user,@carbon-signal @MITSustainableDesignLab @Elementa-Engineering @Introba,http://samuelduchesne.github.io,pypi,archetypal,1664,2,0,1,18,0,363,,96,7,11,1,0.3451293759512938,0.0,2,1,samuelduchesne,0,8,0,3,0,0,push:96d release:363d commits:11 active_maint:1 closed:3 merged:3,https://science.ecosyste.ms/projects/2233
655,Thermosteam,https://github.com/biosteamdevelopmentgroup/thermosteam,active,95.0,13.414758326784614,0,Scientific Software,Peer-reviewed,Python,BioSTEAMDevelopmentGroup,BioSTEAM Development Group,organization,,https://biosteam.readthedocs.io/en/latest/index.html,pypi,thermosteam,1322,3,3,1,76,0,331,,4,7,96,1,0.044095665171898335,0.0,5,1,yalinli2,2,4,2,0,0,0,push:4d release:331d commits:96 active_maint:1 closed:5 merged:0,https://science.ecosyste.ms/projects/2037
656,EoN (Epidemics on Networks),https://github.com/springer-math/mathematics-of-epidemics-on-networks,dormant,95.0,13.398727644435644,0,Scientific Software,Peer-reviewed,Python,springer-math,Springer Math,organization,,http://www.springer.com/mathematics/,pypi,eon,280,2,1,1,165,0,2536,,15,11,7,1,0.08080808080808077,0.0,1,0,"",1,1,0,0,0,0,push:15d release:2536d commits:7 active_maint:0 closed:0 merged:0,https://science.ecosyste.ms/projects/2348
657,FitBenchmarking,https://github.com/fitbenchmarking/fitbenchmarking,active,95.0,13.397810912187767,0,Scientific Software,Peer-reviewed,Python,fitbenchmarking,FitBenchmarking,organization,,,pypi,fitbenchmarking,141,1,0,5,16,0,427,,6,33,62,6,0.8257686676427526,0.5161290322580645,4,1,SamC-STFC,24,40,7,22,0,0,push:6d release:427d commits:32 active_maint:1 closed:31 merged:22,https://science.ecosyste.ms/projects/1866
658,PyKoopman,https://github.com/dynamicslab/pykoopman,active,95.0,13.397810912187767,0,Scientific Software,Peer-reviewed,Python,dynamicslab,dynamicslab,organization,,,pypi,pykoopman,416,1,0,3,441,0,891,,189,5,27,1,0.4956217162872154,0.0,3,1,pswpswpsw,3,1,1,1,0,0,push:189d release:891d commits:27 active_maint:1 closed:2 merged:1,https://science.ecosyste.ms/projects/818
659,NodePy,https://github.com/ketch/nodepy,unknown,95.0,13.387554412020577,0,Scientific Software,Peer-reviewed,Python,ketch,David Ketcheson,user,King Abdullah University of Science and Technology,http://www.davidketcheson.info,pypi,nodepy,470,7,2,1,83,0,2082,,694,14,0,0,0.27431906614785995,0.0,1,0,"",0,0,0,0,0,0,push:694d release:2082d commits:0 active_maint:0 closed:0 merged:0,https://science.ecosyste.ms/projects/2047
660,DAPPER,https://github.com/nansencenter/dapper,active,95.0,13.387264421523788,0,Scientific Software,Peer-reviewed,Python,nansencenter,Nansen Environmental and Remote Sensing Center,organization,,www.nersc.no,pypi,"da-dapper,dapper",228,1,0,1,409,0,461,,34,7,90,1,0.06004618937644346,0.0,2,0,"",1,1,0,0,0,0,push:34d release:461d commits:90 active_maint:0 closed:0 merged:0,https://science.ecosyste.ms/projects/807
661,idf-analysis,https://github.com/markuspic/intensity_duration_frequency_analysis,active,98.0,10.383936439643401,0,Scientific Software,Peer-reviewed,Python,MarkusPic,Markus Pichler,user,Institute of Urban Water Management and Landscape Water Engineering,http://www.sww.tugraz.at/,pypi,idf-analysis,170,1,0,1,50,0,385,,162,4,14,1,0.03296703296703296,0.0,1,0,"",0,0,0,0,0,0,push:162d release:385d commits:14 active_maint:0 closed:0 merged:0,https://science.ecosyste.ms/projects/275
662,modisfast,https://github.com/ptaconet/modisfast,dormant,98.0,10.383070156562187,0,Scientific Software,Peer-reviewed,R,ptaconet,Paul Taconet,user,French Institute for Sustainable Development (IRD),,cran,modisfast,393,0,0,1,43,0,378,,316,2,2,1,0.005154639175257714,0.0,1,0,"",6,0,3,0,0,0,push:316d release:378d commits:2 active_maint:0 closed:3 merged:0,https://science.ecosyste.ms/projects/403
663,UQTestFuns,https://github.com/damar-wicaksono/uqtestfuns,active,100.0,8.37930948405285,0,Scientific Software,Peer-reviewed,Python,damar-wicaksono,Damar Wicaksono,user,,http://www.linkedin.com/in/damar-wicaksono,pypi,uqtestfuns,43,0,0,1,10,0,555,,70,3,21,1,0.007537688442211032,0.0,1,1,damar-wicaksono,8,4,3,4,0,0,push:70d release:555d commits:21 active_maint:1 closed:7 merged:4,https://science.ecosyste.ms/projects/934
664,Pooltool,https://github.com/ekiefl/pooltool,active,95.0,13.376385248363476,0,Scientific Software,Peer-reviewed,Python,ekiefl,Evan Kiefl,user,,ekiefl.github.io,pypi,pooltool-billiards,218,1,0,1,394,0,330,,2,14,74,6,0.03528801245459268,0.31081081081081086,5,2,"ekiefl,derek-mcblane",5,27,3,12,0,0,push:2d release:330d commits:63 active_maint:2 closed:19 merged:12,https://science.ecosyste.ms/projects/475
665,dantro,https://gitlab.com/utopia-project/dantro,active,94.0,14.354923638582177,0,Scientific Software,Peer-reviewed,,utopia-project,utopia,organization,,,"conda,pypi",dantro,870,2,1,2,7,0,342,,,20,33,2,0.5147392290249433,0.2727272727272727,0,0,"",,,,,0,0,release:342d commits:33 active_maint:0 closed:0 merged:0,https://science.ecosyste.ms/projects/2155
666,The vtreat R package,https://github.com/winvector/vtreat,unknown,93.0,15.34599616801685,0,Scientific Software,Peer-reviewed,HTML,WinVector,Win Vector LLC,organization,,http://www.win-vector.com/,cran,vtreat,2694,5,2,1,285,0,778,,567,6,0,0,0.05174035747883354,0.0,1,0,"",0,0,0,0,0,0,push:567d release:778d commits:0 active_maint:0 closed:0 merged:0,https://science.ecosyste.ms/projects/2889
667,PYDAQ,https://github.com/samirmartins/pydaq,active,98.0,10.341742483467282,0,Scientific Software,Peer-reviewed,Python,samirmartins,Samir A. M. Martins,user,Federal University of São João del-Rei ,www.samirmartins.com.br,pypi,pydaq,249,0,0,1,21,0,559,,59,7,172,3,0.49786324786324787,0.4709302325581395,1,0,"",0,1,0,1,0,0,push:59d release:559d commits:172 active_maint:0 closed:1 merged:1,https://science.ecosyste.ms/projects/895
668,Elektra,https://github.com/elektrainitiative/libelektra,dead,95.0,13.32438951747262,0,Scientific Software,Peer-reviewed,C,ElektraInitiative,Elektra Initiative,organization,,https://www.libelektra.org,"go,maven","github.com/ElektraInitiative/libelektra,github.com/elektrainitiative/libelektra/src/bindings/go-elektra,github.com/ElektraInitiative/libelektra/src/bindings/go-elektra,org.libelektra:libelektra,github.com/elektrainitiative/libelektra,org.libelektra:libelektra-kotlin",0,19,1,0,210,1,1059,,1057,141,0,0,0.7792916649567038,0.0,5,0,"",1,0,0,0,0,0,archived push:1057d release:1059d commits:0 active_maint:0 closed:0 merged:0,https://science.ecosyste.ms/projects/3082
669,TipToft,https://github.com/andrewjpage/tiptoft,dormant,100.0,8.318742252692399,0,Scientific Software,Peer-reviewed,Python,andrewjpage,andrewjpage,user,Theiagen Genomics,,pypi,tiptoft,18,1,0,1,41,0,2429,,153,6,7,2,0.11494252873563215,0.4285714285714286,1,1,andrewjpage,0,2,0,2,0,0,push:153d release:2429d commits:3 active_maint:1 closed:2 merged:2,https://science.ecosyste.ms/projects/2638
670,XRTpy,https://github.com/hinodexrt/xrtpy,active,98.0,10.31088412749404,0,Scientific Software,Peer-reviewed,Python,HinodeXRT,Hinode-XRT,organization,,https://xrt.cfa.harvard.edu/,"conda,pypi",xrtpy,111,0,0,2,14,0,478,,6,9,39,5,0.5549999999999999,0.3846153846153846,3,0,"",5,31,2,24,0,0,push:6d release:478d commits:26 active_maint:0 closed:28 merged:24,https://science.ecosyste.ms/projects/548
671,pyOptSparse,https://github.com/mdolab/pyoptsparse,active,98.0,10.308885991755306,0,Scientific Software,Peer-reviewed,Python,mdolab,MDO Lab,organization,,mdolab.engin.umich.edu,conda,pyoptsparse,0,1,1,0,269,0,1380,,39,54,28,8,0.7099447513812155,0.6785714285714286,7,3,"A-CGray,ewu63,kanekosh",8,32,3,23,0,0,push:39d release:1380d commits:28 active_maint:3 closed:30 merged:23,https://science.ecosyste.ms/projects/2083
672,FastVPINNs,https://github.com/cmgcds/fastvpinns,dormant,100.0,8.305978210967302,0,Scientific Software,Peer-reviewed,Python,cmgcds,Computational Mathematics Group (CMG),organization,,http://cmg.cds.iisc.ac.in/,pypi,fastvpinns,22,0,0,1,43,0,731,,543,4,0,0,0.17105263157894735,0.0,2,0,"",2,8,1,6,0,0,push:543d release:731d commits:0 active_maint:0 closed:9 merged:6,https://science.ecosyste.ms/projects/565
673,HW2D,https://github.com/the-rccg/hw2d,unknown,100.0,8.294049640102028,0,Scientific Software,Peer-reviewed,Python,the-rccg,RCCG,user,Max Planck Institute for Plasma Physics,https://the-rccg.github.io/,pypi,hw2d,31,0,0,1,34,0,842,,712,5,0,0,0.08520179372197312,0.0,3,0,"",0,0,0,0,0,0,push:712d release:842d commits:0 active_maint:0 closed:0 merged:0,https://science.ecosyste.ms/projects/898
674,Multiblock PLS,https://github.com/dtucomputestatisticsanddataanalysis/mbpls,dead,98.0,10.28547930445865,0,Scientific Software,Peer-reviewed,Python,DTUComputeStatisticsAndDataAnalysis,DTU Compute Statistics and Data Analysis,organization,,https://www.compute.dtu.dk/english/research/research-sections/stat,pypi,mbpls,290,2,2,2,33,0,2389,,2389,3,0,0,0.3904109589041096,0.0,2,0,"",3,1,0,0,0,0,push:2389d release:2389d commits:0 active_maint:0 closed:0 merged:0,https://science.ecosyste.ms/projects/2664
675,signnet,https://github.com/schochastics/signnet,dormant,98.0,10.283839959829217,0,Scientific Software,Peer-reviewed,R,schochastics,David Schoch,user,cynkra,mr.schochastics.net,cran,signnet,423,0,0,1,23,0,540,,160,3,11,2,0.04516129032258065,0.4545454545454546,1,0,"",1,5,0,4,0,0,push:160d release:540d commits:11 active_maint:0 closed:4 merged:4,https://science.ecosyste.ms/projects/1266
676,LobsterPy,https://github.com/jageo/lobsterpy,active,93.0,15.278793737612276,0,Scientific Software,Peer-reviewed,Python,JaGeo,J. George,user,Federal Institute for Materials Research and Testing,jageo.github.io,pypi,lobsterpy,2774,3,1,2,123,0,401,,6,15,148,5,0.3952802359882006,0.5,4,1,naik-aakash,3,39,2,26,0,0,push:6d release:401d commits:108 active_maint:1 closed:31 merged:26,https://science.ecosyste.ms/projects/815
677,Bodge,https://github.com/jabirali/bodge,dormant,100.0,8.277920258172145,0,Scientific Software,Peer-reviewed,Python,jabirali,Jabir Ali Ouassou,user,Western Norway University of Applied Sciences (HVL),https://jabirali.github.io/,pypi,bodge,81,0,0,1,14,0,659,,301,6,3,1,0.01121495327102806,0.0,0,0,"",4,1,4,1,0,0,push:301d release:659d commits:3 active_maint:0 closed:5 merged:1,https://science.ecosyste.ms/projects/457
678,CADET-Core 5.0,https://github.com/cadet/cadet-core,active,100.0,8.272315147956022,0,Scientific Software,Peer-reviewed,C++,cadet,CADET,organization,,cadet.github.io,conda,cadet,0,1,0,0,93,0,1426,,3,23,273,9,0.504302925989673,0.29670329670329665,8,6,"AntoniaBerger,daklauss,Yuvraj2710,hannahlanzrath,lieres,WFlynnZ",24,70,6,27,0,0,push:3d release:1426d commits:273 active_maint:6 closed:39 merged:27,https://science.ecosyste.ms/projects/89
679,mcsm-benchs: Benchmarking methods for multi-component signal processing,https://github.com/jmiramont/mcsm-benchs,active,100.0,8.26565016558033,0,,,Jupyter Notebook,jmiramont,J.M.,user,,,pypi,mcsm-benchs,143,0,0,1,3,0,318,,314,8,9,3,0.5630630630630631,0.2222222222222222,0,0,"",2,4,1,0,0,0,push:314d release:318d commits:9 active_maint:0 closed:1 merged:0,https://science.ecosyste.ms/projects/373750
680,forestatrisk,https://github.com/ghislainv/forestatrisk,dormant,95.0,13.258822480100186,0,Scientific Software,Peer-reviewed,Python,ghislainv,Ghislain Vieilledent,user,Cirad,https://ecology.ghislainv.fr,"pypi,go","forestatrisk,github.com/ghislainv/forestatrisk",600,1,0,1,128,0,501,,345,7,2,1,0.02470930232558144,0.0,2,0,"",1,0,1,0,0,0,push:345d release:501d commits:2 active_maint:0 closed:1 merged:0,https://science.ecosyste.ms/projects/1968
681,yadg,https://github.com/dgbowl/yadg,active,95.0,13.250777700129373,0,Scientific Software,Peer-reviewed,Python,dgbowl,dgbowl,organization,,dgbowl.github.io,pypi,yadg,1003,2,2,1,50,0,338,,2,12,25,3,0.5247252747252747,0.16000000000000003,0,0,"",18,24,9,17,0,0,push:2d release:338d commits:25 active_maint:0 closed:26 merged:17,https://science.ecosyste.ms/projects/1538
682,eddy,https://github.com/richteague/eddy,active,95.0,13.24792408837652,0,Scientific Software,Peer-reviewed,Python,richteague,Rich Teague,user,Massachusetts Institute of Technology,https://richteague.github.io,pypi,astro-eddy,2169,1,1,1,22,0,772,,609,9,48,1,0.34857142857142853,0.0,1,0,"",2,0,0,0,0,0,push:609d release:772d commits:48 active_maint:0 closed:0 merged:0,https://science.ecosyste.ms/projects/2644
683,DeepReg,https://github.com/deepregnet/deepreg,dormant,95.0,13.242809530480196,0,Scientific Software,Peer-reviewed,Python,DeepRegNet,DeepReg,organization,,deepreg.net,"go,pypi","github.com/deepregnet/deepreg,deepreg,github.com/DeepRegNet/DeepReg",45,1,0,1,626,0,2005,,1323,20,0,0,0.48453608247422686,0.0,5,0,"",0,1,0,0,0,0,push:1323d release:2005d commits:0 active_maint:0 closed:1 merged:0,https://science.ecosyste.ms/projects/2063
684,piglot,https://github.com/cm2s/piglot,dormant,100.0,8.237479288613633,0,Scientific Software,Peer-reviewed,Python,CM2S,CM2S,organization,,,pypi,piglot,34,0,0,2,24,0,408,,28,5,0,0,0.21818181818181814,0.0,3,1,ruicoelhopedro,0,24,0,16,0,0,push:28d release:408d commits:0 active_maint:1 closed:20 merged:16,https://science.ecosyste.ms/projects/580
685,Generating fragment density plots in R/Bioconductor with VplotR,https://github.com/js2264/vplotr,unknown,95.0,13.226083548432223,0,Scientific Software,Peer-reviewed,R,js2264,Jacques Serizay,user,,js2264.github.io,bioconductor,VplotR,0,0,0,1,11,0,465,,972,5,0,0,0.15841584158415845,0.0,0,0,"",0,0,0,0,0,0,push:972d release:465d commits:0 active_maint:0 closed:0 merged:0,https://science.ecosyste.ms/projects/1957
686,rr2,https://github.com/arives/rr2,unknown,95.0,13.223149446215766,0,Scientific Software,Peer-reviewed,R,arives,Anthony R. Ives,user,UW-Madison,https://ives.labs.wisc.edu,cran,rr2,8841,5,2,1,17,0,1074,,1076,3,0,0,0.5150214592274678,0.0,2,0,"",0,0,0,0,0,0,push:1076d release:1074d commits:0 active_maint:0 closed:0 merged:0,https://science.ecosyste.ms/projects/2732
687,ParaMonte,https://github.com/cdslaborg/paramonte,dormant,95.0,13.21513214874597,0,Scientific Software,Peer-reviewed,Fortran,cdslaborg,Computational Data Science Lab,organization,,www.cdslab.org,"go,pypi","github.com/cdslaborg/paramonte,paramonte",292,1,0,1,306,0,1844,,35,7,8,2,0.04532019704433499,0.125,5,2,"theoneineed,shahmoradi",3,3,0,1,0,0,push:35d release:1844d commits:8 active_maint:2 closed:2 merged:1,https://science.ecosyste.ms/projects/1894
688,spINAR,https://github.com/mfaymon/spinar,unknown,95.0,13.209687205576005,0,Scientific Software,Peer-reviewed,R,,,,,,cran,spINAR,210,0,0,1,4,0,843,,813,5,0,0,0.5787781350482315,0.0,1,0,"",0,0,0,0,0,0,push:813d release:843d commits:0 active_maint:0 closed:0 merged:0,https://science.ecosyste.ms/projects/713
689,rf,https://github.com/trichter/rf,dormant,95.0,13.202755562465066,0,Scientific Software,Peer-reviewed,Python,trichter,Tom Eulenfeld,user,,https://trichter.github.io/,pypi,rf,648,6,1,1,123,0,524,,86,7,7,1,0.049056603773584895,0.0,2,0,"",1,0,1,0,0,0,push:86d release:524d commits:7 active_maint:0 closed:1 merged:0,https://science.ecosyste.ms/projects/2261
690,MapReader,https://github.com/maps-as-data/mapreader,active,100.0,8.193676665955241,0,Scientific Software,Peer-reviewed,Python,maps-as-data,Maps as Data,organization,,,,,0,,,,141,0,,,62,20,32,3,0.3428053204353083,0.25,7,2,"rwood-97,kmcdono2",4,8,2,5,0,0,push:62d commits:32 active_maint:2 closed:7 merged:5,https://science.ecosyste.ms/projects/477
691,Pyret,https://github.com/baccuslab/pyret,unknown,98.0,10.190169124654325,0,Scientific Software,Peer-reviewed,Python,baccuslab,Baccus Lab,organization,,https://sites.stanford.edu/baccuslab/,pypi,pyret,107,2,0,2,37,0,2976,,1032,6,0,0,0.37254901960784315,0.0,2,0,"",0,0,0,0,0,0,push:1032d release:2976d commits:0 active_maint:0 closed:0 merged:0,https://science.ecosyste.ms/projects/3075
692,ComplexRegions.jl,https://github.com/complexvariables/complexregions.jl,active,100.0,8.1886891244442,0,Scientific Software,Peer-reviewed,Julia,complexvariables,ComplexVariables,organization,,,julia,ComplexRegions,0,0,2,0,18,0,394,,30,6,55,2,0.04398826979472137,0.036363636363636376,1,1,tobydriscoll,1,7,0,5,0,0,push:30d release:394d commits:53 active_maint:1 closed:5 merged:5,https://science.ecosyste.ms/projects/2375
693,Fastsubtrees,https://github.com/ggonnella/fastsubtrees,unknown,100.0,8.18423477409482,0,Scientific Software,Peer-reviewed,Python,ggonnella,Giorgio Gonnella,user,"Bioinformatics, University of Goettingen",,pypi,"ntsubtree,ntdownload,fastsubtrees,genomes-attributes-viewer,ntmirror",215,1,3,1,4,0,1379,,528,4,0,0,0.15560165975103735,0.0,2,0,"",0,0,0,0,0,0,push:528d release:1379d commits:0 active_maint:0 closed:0 merged:0,https://science.ecosyste.ms/projects/1335
694,ddtlcm,https://github.com/limengbinggz/ddtlcm,dormant,100.0,8.17526610411206,0,Scientific Software,Peer-reviewed,R,limengbinggz,Mengbing Li,user,,,cran,ddtlcm,147,0,0,1,6,0,847,,348,4,3,1,0.16470588235294115,0.0,1,0,"",0,1,0,0,0,0,push:348d release:847d commits:3 active_maint:0 closed:0 merged:0,https://science.ecosyste.ms/projects/597
695,WordTokenizers.jl,https://github.com/juliatext/wordtokenizers.jl,dead,95.0,13.16131482353927,0,Scientific Software,Peer-reviewed,Julia,JuliaText,JuliaText,organization,,,"go,julia","github.com/JuliaText/WordTokenizers.jl,github.com/juliatext/wordtokenizers.jl,WordTokenizers",0,19,14,0,99,0,2163,,1673,17,0,0,0.6635071090047393,0.0,4,0,"",1,0,0,0,0,0,push:1673d release:2163d commits:0 active_maint:0 closed:0 merged:0,https://science.ecosyste.ms/projects/2297
696,Bluebonnet,https://github.com/frank1010111/bluebonnet,dormant,100.0,8.156223323194624,0,Scientific Software,Peer-reviewed,Python,frank1010111,Frank Male,user,Penn State University,,pypi,bluebonnet,40,0,0,1,15,0,756,,2,5,41,3,0.32285714285714284,0.14634146341463417,2,0,"",0,26,0,18,0,0,push:2d release:756d commits:5 active_maint:0 closed:19 merged:18,https://science.ecosyste.ms/projects/1035
697,Nyx,https://github.com/amrex-astro/nyx,active,100.0,8.151333337900432,0,Scientific Software,Peer-reviewed,C++,AMReX-Astro,AMReX-Astro,organization,,,,,0,,,,106,0,,,65,40,35,8,0.5280289330922242,0.34285714285714286,7,1,WeiqunZhang,2,7,1,4,0,0,push:65d commits:35 active_maint:1 closed:5 merged:4,https://science.ecosyste.ms/projects/1839
698,solids4foam,https://github.com/solids4foam/solids4foam,active,100.0,8.11969625295725,0,Scientific Software,Peer-reviewed,C,solids4foam,solids4foam,organization,,,,,0,,,,111,0,,,9,26,53,3,0.11481975967957281,0.07547169811320753,3,2,"philipcardiff,iBatistic",9,36,1,30,0,0,push:9d commits:53 active_maint:2 closed:31 merged:30,https://science.ecosyste.ms/projects/230
699,msmhelper,https://github.com/moldyn/msmhelper,unknown,100.0,8.106212902619962,0,Scientific Software,Peer-reviewed,Python,moldyn,Biomolecular Dynamics,organization,,http://www.moldyn.uni-freiburg.de/index.html,"conda,pypi",msmhelper,50,0,0,1,11,0,993,,765,5,0,0,0.14802631578947367,0.0,2,0,"",0,0,0,0,0,0,push:765d release:993d commits:0 active_maint:0 closed:0 merged:0,https://science.ecosyste.ms/projects/1122
700,Metaheuristics,https://github.com/jmejia8/metaheuristics.jl,active,95.0,13.103914233735798,0,Scientific Software,Peer-reviewed,Julia,jmejia8,Jesús-Adolfo Mejía,user,"Applied Mathematics Research Center, UAdeC",https://jmejia.bi-level.org,julia,Metaheuristics,0,0,6,0,298,0,516,,57,10,24,3,0.06491885143570542,0.16666666666666663,1,1,jmejia8,4,4,3,4,0,0,push:57d release:516d commits:24 active_maint:1 closed:7 merged:4,https://science.ecosyste.ms/projects/1361
701,robustHD,https://github.com/aalfons/robusthd,dormant,93.0,15.101918283261579,0,Scientific Software,Peer-reviewed,R,aalfons,Andreas Alfons,user,Erasmus University Rotterdam,https://personal.eur.nl/alfons/,cran,robustHD,1831,6,8,1,11,0,760,,191,5,11,2,0.3320158102766798,0.36363636363636365,2,0,"",0,1,0,1,0,0,push:191d release:760d commits:11 active_maint:0 closed:1 merged:1,https://science.ecosyste.ms/projects/1704
702,ERF,https://github.com/erf-model/erf,active,100.0,8.098642843759418,0,Scientific Software,Peer-reviewed,C++,erf-model,Energy Research and Forecasting,organization,,,,,0,,,,75,0,,,6,76,908,23,0.6544968833481746,0.6574889867841409,12,8,"AMLattanzi,asalmgren,nataraj2,pressel,jmsexton03,akashdhruv,gardner48,WeiqunZhang",9,378,5,275,0,0,push:6d commits:888 active_maint:8 closed:301 merged:275,https://science.ecosyste.ms/projects/1077
703,SuchTree,https://github.com/ryneches/suchtree,active,98.0,10.093777278979259,0,Scientific Software,Peer-reviewed,Jupyter Notebook,ryneches,Russell Neches,user,Kyoto University,http://vort.org,pypi,suchtree,110,1,0,1,29,0,617,,161,6,83,2,0.3041362530413625,0.2530120481927711,2,1,ryneches,1,0,1,0,0,0,push:161d release:617d commits:83 active_maint:1 closed:1 merged:0,https://science.ecosyste.ms/projects/2825
704,VRPy,https://github.com/kuifje02/vrpy,unknown,93.0,15.080202097324916,0,Scientific Software,Peer-reviewed,Python,Kuifje02,RomainM,user,,https://www.linkedin.com/in/romain-montagn%C3%A9-b5925485/,pypi,vrpy,1535,3,0,2,197,0,1776,,1189,10,0,0,0.25996533795493937,0.0,3,0,"",0,0,0,0,0,0,push:1189d release:1776d commits:0 active_maint:0 closed:0 merged:0,https://science.ecosyste.ms/projects/2059
705,Badread,https://github.com/rrwick/badread,dormant,98.0,10.05517806577656,0,Scientific Software,Peer-reviewed,Python,rrwick,Ryan Wick,user,University of Melbourne,https://rrwick.github.io,homebrew,badread,46,0,0,0,293,0,378,,6,3,4,2,0.013513513513513487,0.25,0,0,"",3,1,2,1,0,0,push:6d release:378d commits:4 active_maint:0 closed:3 merged:1,https://science.ecosyste.ms/projects/2608
706,UnfoldSim.jl,https://github.com/unfoldtoolbox/unfoldsim.jl,active,100.0,8.050384453067021,0,Scientific Software,Peer-reviewed,Julia,unfoldtoolbox,unfoldtoolbox,organization,,http://www.unfoldtoolbox.org,julia,UnfoldSim,0,0,0,0,13,0,455,,84,11,91,3,0.5464231354642314,0.43956043956043955,6,4,"behinger,jschepers,maanikmarathe,ReneSkukies",7,6,1,2,0,0,push:84d release:455d commits:87 active_maint:4 closed:3 merged:2,https://science.ecosyste.ms/projects/253
707,KALMUS,https://github.com/kalmus-color-toolkit/kalmus,dead,100.0,8.049427057110693,0,Scientific Software,Peer-reviewed,Python,KALMUS-Color-Toolkit,KALMUS Color Toolkit,organization,,https://kalmus-color-toolkit.github.io/KALMUS/,pypi,kalmus,84,2,0,1,20,0,1483,,861,2,0,0,0.05128205128205132,0.0,1,0,"",1,1,0,0,0,0,push:861d release:1483d commits:0 active_maint:0 closed:0 merged:0,https://science.ecosyste.ms/projects/1888
708,hplc-py,https://github.com/cremerlab/hplc-py,dormant,98.0,10.0418572218009,0,Scientific Software,Peer-reviewed,Python,cremerlab,cremerlab,organization,,,pypi,hplc-py,197,0,0,1,74,0,1037,,34,3,10,2,0.00952380952380949,0.09999999999999998,1,1,gchure,0,4,0,4,0,0,push:34d release:1037d commits:10 active_maint:1 closed:4 merged:4,https://science.ecosyste.ms/projects/828
709,OpenMD,https://github.com/openmd/openmd,active,100.0,8.029758520440822,0,Scientific Software,Peer-reviewed,C++,OpenMD,OpenMD,organization,,http://openmd.org,,,0,,,,90,0,,,9,38,83,2,0.4669062593590896,0.012048192771084376,3,1,gezelter,0,2,0,1,0,0,push:9d commits:83 active_maint:1 closed:1 merged:1,https://science.ecosyste.ms/projects/421
710,ytree,https://github.com/ytree-project/ytree,active,98.0,10.02180377935417,0,Scientific Software,Peer-reviewed,Python,ytree-project,ytree-project,organization,,,"pypi,conda",ytree,264,3,0,1,17,0,330,,37,7,156,4,0.0448674371176071,0.15384615384615385,1,1,brittonsmith,2,39,0,28,0,0,push:37d release:330d commits:135 active_maint:1 closed:28 merged:28,https://science.ecosyste.ms/projects/2357
711,eigentools,https://github.com/dedalusproject/eigentools,unknown,100.0,8.01829613851552,0,Scientific Software,Peer-reviewed,Python,DedalusProject,Dedalus Project,organization,,dedalus-project.org,pypi,eigentools,21,1,0,1,17,0,2067,,525,6,0,0,0.30188679245283023,0.0,1,0,"",0,0,0,0,0,0,push:525d release:2067d commits:0 active_maint:0 closed:0 merged:0,https://science.ecosyste.ms/projects/1849
712,diyepw,https://github.com/immm-sfa/diyepw,dormant,98.0,10.004237455636272,0,Scientific Software,Peer-reviewed,Python,IMMM-SFA,Integrated Multisector Multiscale Modeling,organization,,https://im3.pnnl.gov/,pypi,diyepw,77,1,0,1,39,0,393,,75,7,0,0,0.29513888888888884,0.0,1,0,"",0,5,0,2,0,0,push:75d release:393d commits:0 active_maint:0 closed:2 merged:2,https://science.ecosyste.ms/projects/1783
713,xCDAT,https://github.com/xcdat/xcdat,active,100.0,8.003697339094368,0,Scientific Software,Peer-reviewed,Python,xCDAT,xCDAT,organization,,https://xcdat.readthedocs.org,"go,conda","github.com/xcdat/xcdat,xcdat,github.com/xCDAT/xcdat",0,2,0,0,141,0,337,,7,9,27,3,0.18354430379746833,0.11111111111111116,7,7,"tomvothecoder,jasonb5,mzelinka,pochedls,chengzhuzhang,durack1,lee1043",24,19,9,9,0,0,push:7d release:337d commits:27 active_maint:7 closed:18 merged:9,https://science.ecosyste.ms/projects/620
714,shapr,https://github.com/norskregnesentral/shapr,active,93.0,14.997168119016637,0,Scientific Software,Peer-reviewed,HTML,NorskRegnesentral,Norsk Regnesentral (Norwegian Computing Center),organization,,https://www.nr.no/,"cran,pypi","shapr,shaprpy",1729,2,0,1,178,0,337,,6,11,42,2,0.48427672955974843,0.04761904761904767,6,2,"martinju,LHBO",4,27,4,22,0,0,push:6d release:337d commits:42 active_maint:2 closed:27 merged:22,https://science.ecosyste.ms/projects/2316
715,sptotal,https://github.com/highamm/sptotal,dead,95.0,12.99029377298949,0,Scientific Software,Peer-reviewed,R,highamm,Matt Higham,user,,,cran,sptotal,292,0,0,1,4,0,1327,,720,5,0,0,0.24096385542168675,0.0,2,0,"",1,0,0,0,0,0,push:720d release:1327d commits:0 active_maint:0 closed:0 merged:0,https://science.ecosyste.ms/projects/1120
716,qgs,https://github.com/climdyn/qgs,dormant,98.0,9.988334087946246,0,Scientific Software,Peer-reviewed,Jupyter Notebook,Climdyn,RMIB - Dynamical Meteorology and Climatology,organization,,http://climdyn.meteo.be,"pypi,go","qgs,github.com/climdyn/qgs,github.com/Climdyn/qgs",176,0,0,1,42,0,489,,414,3,0,0,0.07499999999999996,0.0,1,0,"",2,7,0,5,0,0,push:414d release:489d commits:0 active_maint:0 closed:6 merged:5,https://science.ecosyste.ms/projects/2014
717,IFermi,https://github.com/fermisurfaces/ifermi,dormant,95.0,12.98592490617564,0,Scientific Software,Peer-reviewed,Python,fermisurfaces,Fermi Surfaces,organization,,,"pypi,conda",ifermi,255,4,1,2,102,0,668,,29,17,45,5,0.576829268292683,0.19999999999999996,2,0,"",1,20,0,14,0,0,push:29d release:668d commits:3 active_maint:0 closed:17 merged:14,https://science.ecosyste.ms/projects/1953
718,FTorch,https://github.com/cambridge-iccs/ftorch,active,100.0,7.96693349840484,0,Scientific Software,Peer-reviewed,Fortran,Cambridge-ICCS,Institute of Computing for Climate Science,organization,,https://cambridge-iccs.github.io/,,,0,,,,201,0,,,9,20,119,10,0.5897435897435898,0.5294117647058824,9,4,"joewallwork,jatkinson1000,jwallwork23,dorchard",42,80,14,53,0,0,push:9d commits:119 active_maint:4 closed:70 merged:53,https://science.ecosyste.ms/projects/264
719,CiteLang,https://github.com/vsoch/citelang,dormant,98.0,9.95227771670556,0,Scientific Software,Peer-reviewed,Python,vsoch,Vanessasaurus,user,,https://vsoch.github.io,pypi,citelang,249,0,0,1,10,0,556,,556,7,0,0,0.14516129032258063,0.0,1,0,"",1,2,0,2,0,0,push:556d release:556d commits:0 active_maint:0 closed:2 merged:2,https://science.ecosyste.ms/projects/1413
720,Your,https://github.com/thepetabyteproject/your,dormant,95.0,12.945053242433291,0,Scientific Software,Peer-reviewed,Python,thepetabyteproject,The Petabyte Project,organization,,thepetabyteproject.github.io,"spack,pypi","py-your,your",475,70,2,3,39,0,785,,99,19,8,2,0.536923076923077,0.25,4,0,"",4,21,0,12,0,0,push:99d release:785d commits:2 active_maint:0 closed:14 merged:12,https://science.ecosyste.ms/projects/2053
721,MacroModelling.jl,https://github.com/thorek1/macromodelling.jl,active,98.0,9.9438614466744,0,Scientific Software,Peer-reviewed,Julia,thorek1,Thore Kockerols,user,,thorekockerols.eu,julia,MacroModelling,0,0,0,0,142,0,363,,8,9,101,4,0.040481400437636816,0.36633663366336633,2,1,thorek1,3,103,1,22,0,0,push:8d release:363d commits:93 active_maint:1 closed:70 merged:22,https://science.ecosyste.ms/projects/988
722,SimuPy,https://github.com/simupy/simupy,dormant,93.0,14.932700868195802,0,Scientific Software,Peer-reviewed,Python,,,,,,pypi,simupy,4806,4,1,2,645,0,1536,,66,2,0,0,0.00497512437810943,0.0,0,0,"",0,1,0,0,0,0,push:66d release:1536d commits:0 active_maint:0 closed:1 merged:0,https://science.ecosyste.ms/projects/2984
723,powerbox,https://github.com/steven-murray/powerbox,active,95.0,12.931793496521607,0,Scientific Software,Peer-reviewed,Python,steven-murray,Steven Murray,user,Arizona State University,https://uwa.academia.edu/StevenMurray/,pypi,powerbox,1757,6,2,1,29,0,724,,17,8,113,6,0.5918367346938775,0.6902654867256637,3,2,"steven-murray,DanielaBreitman",6,50,2,44,0,0,push:17d release:724d commits:36 active_maint:2 closed:50 merged:44,https://science.ecosyste.ms/projects/2785
724,crystal-torture,https://github.com/connorourke/crystal_torture,dormant,100.0,7.927324360309793,0,Scientific Software,Peer-reviewed,Python,connorourke,Conn O'Rourke,user,University of Southampton,,pypi,crystal-torture,129,1,0,2,8,0,416,,191,3,2,1,0.4204204204204204,0.0,1,1,bjmorgan,0,2,0,2,0,0,push:191d release:416d commits:2 active_maint:1 closed:2 merged:2,https://science.ecosyste.ms/projects/2531
725,bayes_traj,https://github.com/acil-bwh/bayes_traj,active,100.0,7.92588031673756,0,Scientific Software,Peer-reviewed,Jupyter Notebook,acil-bwh,,user,,,pypi,bayes-traj,171,1,0,1,7,0,436,,61,4,33,1,0.06021897810218979,0.0,2,0,"",3,1,3,1,0,0,push:61d release:436d commits:33 active_maint:0 closed:4 merged:1,https://science.ecosyste.ms/projects/202
726,SWMManywhere,https://github.com/imperialcollegelondon/swmmanywhere,active,95.0,12.90741862390448,0,Scientific Software,Peer-reviewed,Python,ImperialCollegeLondon,Imperial College London,organization,,,pypi,swmmanywhere,302,0,0,1,38,0,434,,10,13,65,5,0.47804878048780486,0.46153846153846156,5,2,"barneydobson,cheginit",6,63,2,37,0,0,push:10d release:434d commits:42 active_maint:2 closed:49 merged:37,https://science.ecosyste.ms/projects/136
727,Triumvirate,https://github.com/mikeswang/triumvirate,active,98.0,9.903487552536127,0,Scientific Software,Peer-reviewed,C++,MikeSWang,Mike S Wang,user,"Institute for Astronomy, University of Edinburgh",,pypi,triumvirate,159,0,0,1,22,0,720,,31,5,79,3,0.0922242314647378,0.430379746835443,1,1,MikeSWang,1,60,0,48,0,0,push:31d release:720d commits:13 active_maint:1 closed:50 merged:48,https://science.ecosyste.ms/projects/927
728,PyPEEC,https://github.com/otvam/pypeec,active,98.0,9.903087472514787,0,Scientific Software,Peer-reviewed,Python,otvam,Thomas Guillod,user,Dartmouth College,otvam.ch,pypi,pypeec,587,0,0,1,51,0,330,,241,1,26,1,0.0,0.0,1,0,"",2,0,1,0,0,0,push:241d release:330d commits:26 active_maint:0 closed:1 merged:0,https://science.ecosyste.ms/projects/3
729,DiffeRT2d,https://github.com/jeertmans/differt2d,dormant,100.0,7.89655270164304,0,Scientific Software,Peer-reviewed,Python,jeertmans,Jérome Eertmans,user,UCLouvain,https://eertmans.be/,pypi,differt2d,31,0,0,1,19,0,510,,125,6,9,2,0.18037135278514593,0.2222222222222222,1,1,jeertmans,0,13,0,10,0,0,push:125d release:510d commits:2 active_maint:1 closed:10 merged:10,https://science.ecosyste.ms/projects/619
730,Climate variability indices for ecological and crop models in R,https://github.com/agrdatasci/climatrends,dormant,95.0,12.891711710599798,0,Scientific Software,Peer-reviewed,R,AgrDataSci,AgrDataSci,organization,,,"cran,go","climatrends,github.com/agrdatasci/climatrends,github.com/AgrDataSci/climatrends",432,6,3,1,4,0,1661,,251,3,6,1,0.01754385964912286,0.0,1,0,"",0,0,0,0,0,0,push:251d release:1661d commits:6 active_maint:0 closed:0 merged:0,https://science.ecosyste.ms/projects/1143
731,The Geodynamic World Builder,https://github.com/geodynamicworldbuilder/worldbuilder,active,100.0,7.853993087224244,0,Scientific Software,Peer-reviewed,C++,GeodynamicWorldBuilder,GeodynamicWorldBuilder,organization,,,,,0,,,,41,0,,,31,29,135,15,0.2557616638560989,0.4814814814814815,1,1,MFraters,2,17,1,6,0,0,push:31d commits:126 active_maint:1 closed:8 merged:6,https://science.ecosyste.ms/projects/514
732,PowNet 2.0,https://github.com/critical-infrastructure-systems-lab/pownet,dormant,98.0,9.852615222162372,0,Scientific Software,Peer-reviewed,Python,Critical-Infrastructure-Systems-Lab,CRITICAL Infrastructure Systems Lab,organization,,https://people.sutd.edu.sg/~stefano_galelli/,pypi,pownet,23,0,0,1,93,0,422,,164,9,10,1,0.1899280575539568,0.0,3,0,"",4,1,3,1,0,0,push:164d release:422d commits:10 active_maint:0 closed:4 merged:1,https://science.ecosyste.ms/projects/68
733,DearEIS - A GUI program for analyzing impedance spectra,https://github.com/vyrjana/deareis,active,98.0,9.849664745838622,0,Scientific Software,Peer-reviewed,Python,vyrjana,Ville Yrjänä,user,,,pypi,deareis,204,1,0,1,112,0,515,,93,1,23,1,0.0,0.0,1,0,"",4,0,0,0,0,0,push:93d release:515d commits:23 active_maint:0 closed:0 merged:0,https://science.ecosyste.ms/projects/1307
734,pyrolite,https://github.com/morganjwilliams/pyrolite,active,100.0,7.847762537473608,0,Scientific Software,Peer-reviewed,Python,morganjwilliams,Morgan Williams,user,CSIRO Mineral Resources,,conda,pyrolite,0,1,0,0,166,0,1484,,41,16,32,2,0.04052734375,0.03125,1,0,"",3,4,1,1,0,0,push:41d release:1484d commits:32 active_maint:0 closed:3 merged:1,https://science.ecosyste.ms/projects/2231
735,"Condor, a mathematical modeling framework for engineers with deadlines",https://github.com/nasa/condor,active,95.0,12.846056362974053,0,,,Python,nasa,NASA,organization,,https://github.com/nasa/nasa.github.io/blob/master/docs/INSTRUCTIONS.md,pypi,condor,2686,2,0,2,56,0,318,,34,7,134,7,0.2123655913978495,0.27611940298507465,0,0,"",11,26,5,10,0,0,push:34d release:318d commits:133 active_maint:0 closed:18 merged:10,https://science.ecosyste.ms/projects/373757
736,PySensors,https://github.com/dynamicslab/pysensors,active,95.0,12.844816437210731,0,Scientific Software,Peer-reviewed,Python,dynamicslab,dynamicslab,organization,,,pypi,python-sensors,399,1,1,2,121,0,343,,163,11,33,3,0.49875930521091816,0.18181818181818177,2,1,yb6599,1,11,0,9,0,0,push:163d release:343d commits:33 active_maint:1 closed:9 merged:9,https://science.ecosyste.ms/projects/1978
737,FuseMedML,https://github.com/biomedsciai/fuse-med-ml,dormant,93.0,14.844393990089149,0,Scientific Software,Peer-reviewed,Python,BiomedSciAI,BiomedSciAI,organization,,,pypi,fuse-med-ml,396,1,0,1,159,0,646,,109,39,9,7,0.7453798767967146,0.7777777777777778,23,4,"mosheraboh,alex-golts,bensha6757,Yishailevine",0,9,0,6,0,0,push:109d release:646d commits:9 active_maint:4 closed:6 merged:6,https://science.ecosyste.ms/projects/1267
738,Jury,https://github.com/obss/jury,unknown,93.0,14.83454378146005,0,Scientific Software,Peer-reviewed,Python,obss,Open Business Software Solutions,organization,,https://obss.tech,pypi,jury,1591,2,1,1,187,0,801,,721,9,0,0,0.18000000000000005,0.0,3,0,"",0,0,0,0,0,0,push:721d release:801d commits:0 active_maint:0 closed:0 merged:0,https://science.ecosyste.ms/projects/700
739,Moltres,https://github.com/arfc/moltres,active,100.0,7.832014180505469,0,Scientific Software,Peer-reviewed,C++,arfc,Advanced Reactors and Fuel Cycles,organization,,https://arfc.github.io,,,0,,,,83,0,,,23,31,31,6,0.60431654676259,0.4838709677419355,6,1,smpark7,7,13,0,9,0,0,push:23d commits:20 active_maint:1 closed:9 merged:9,https://science.ecosyste.ms/projects/2937
740,ExoTiC-LD,https://github.com/exo-tic/exotic-ld,dormant,98.0,9.82978718960617,0,Scientific Software,Peer-reviewed,Python,Exo-TiC,Exo-Tic,organization,,https://exo-tic.github.io,pypi,exotic-ld,557,5,0,1,10,0,848,,3,5,3,2,0.3416149068322981,0.33333333333333337,3,1,lili-alderson,2,3,0,2,0,0,push:3d release:848d commits:3 active_maint:1 closed:2 merged:2,https://science.ecosyste.ms/projects/549
741,corporaexplorer,https://github.com/kgjerde/corporaexplorer,active,93.0,14.827756715972015,0,Scientific Software,Peer-reviewed,R,kgjerde,Kristian Lundby Gjerde,user,Norwegian Institute of International Affairs (NUPI),,cran,corporaexplorer,360,0,0,1,65,0,696,,146,1,60,1,0.0,0.0,1,0,"",1,3,1,1,0,0,push:146d release:696d commits:60 active_maint:0 closed:4 merged:1,https://science.ecosyste.ms/projects/2546
742,bifacial_radiance,https://github.com/nrel/bifacial_radiance,active,93.0,14.822007557724579,0,Scientific Software,Peer-reviewed,Python,NREL,National Renewable Energy Laboratory,organization,,http://www.nrel.gov,pypi,bifacial-radiance,947,1,1,1,97,0,654,,443,18,47,1,0.4494505494505494,0.0,7,1,shirubana,7,8,0,1,0,0,push:443d release:654d commits:47 active_maint:1 closed:2 merged:1,https://science.ecosyste.ms/projects/2227
743,nestcheck,https://github.com/ejhigson/nestcheck,dead,95.0,12.817901304912532,0,Scientific Software,Peer-reviewed,Python,,,,,,"conda,pypi",nestcheck,3464,13,2,1,17,0,2096,,1118,7,0,0,0.021604938271604923,0.0,0,0,"",1,0,0,0,0,0,push:1118d release:2096d commits:0 active_maint:0 closed:0 merged:0,https://science.ecosyste.ms/projects/2769
744,konfound,https://github.com/konfound-project/konfound,active,95.0,12.817860627222204,0,Scientific Software,Peer-reviewed,HTML,konfound-project,konfound,organization,,,cran,konfound,792,0,0,1,18,0,428,,38,15,54,3,0.6379310344827587,0.05555555555555558,6,2,"JihoonChoi26,jrosen48",0,13,0,6,0,0,push:38d release:428d commits:54 active_maint:2 closed:6 merged:6,https://science.ecosyste.ms/projects/792
745,TorchMetrics - Measuring Reproducibility in PyTorch,https://github.com/lightning-ai/torchmetrics,active,77.0,30.81303268329474,0,Scientific Software,Peer-reviewed,Python,Lightning-AI,⚡️ Lightning AI ,organization,,https://lightning.ai/,pypi,torchmetrics,9347314,7449,340,3,2448,0,330,,14,295,107,24,0.6925719192786604,0.5327102803738317,11,5,"Borda,bhimrazy,SkafteNicki,justusschock,rittik9",36,201,7,72,0,0,push:14d release:330d commits:57 active_maint:5 closed:112 merged:72,https://science.ecosyste.ms/projects/1610
746,WATTS,https://github.com/watts-dev/watts,dormant,95.0,12.812888218005247,0,Scientific Software,Peer-reviewed,Python,watts-dev,watts-dev,organization,,,pypi,watts,267,1,0,1,39,0,472,,6,32,2,2,0.5928338762214984,0.5,0,0,"",2,2,1,1,0,0,push:6d release:472d commits:2 active_maint:0 closed:2 merged:1,https://science.ecosyste.ms/projects/1341
747,CLOVER,https://github.com/clover-energy/clover,dormant,98.0,9.803446198355902,0,Scientific Software,Peer-reviewed,Python,CLOVER-energy,CLOVER-energy,organization,,,"go,pypi","github.com/CLOVER-energy/CLOVER,github.com/clover-energy/clover,clover-energy",74,1,1,2,17,0,1101,,15,3,0,0,0.11696522655426767,0.0,2,0,"",2,2,1,2,0,0,push:15d release:1101d commits:0 active_maint:0 closed:3 merged:2,https://science.ecosyste.ms/projects/1249
748,Bayesian X-ray Analysis (BXA) v4.0,https://github.com/johannesbuchner/bxa,dormant,95.0,12.795136272546795,0,Scientific Software,Peer-reviewed,Python,JohannesBuchner,Johannes Buchner,user,,http://astrost.at/istics/,"conda,pypi",bxa,515,2,1,1,68,0,389,,138,11,1,1,0.04662379421221863,0.0,1,0,"",3,6,3,5,0,0,push:138d release:389d commits:1 active_maint:0 closed:8 merged:5,https://science.ecosyste.ms/projects/1907
749,mdopt: A code-agnostic tensor-network decoder for quantum error-correcting codes,https://github.com/quicophy/mdopt,active,95.0,12.787572925789584,0,,,Python,quicophy,QuICoPhy Lab,organization,,https://www.physique.usherbrooke.ca/kourtis/,pypi,mdopt,513,0,0,1,42,0,265,,15,13,202,6,0.292191435768262,0.28712871287128716,0,0,"",1,27,1,9,0,0,push:15d release:265d commits:152 active_maint:0 closed:12 merged:9,https://science.ecosyste.ms/projects/707625
750,Opyrability,https://github.com/codes-group/opyrability,active,98.0,9.784704016546161,0,Scientific Software,Peer-reviewed,Python,CODES-group,CODES Research Group,organization,,https://fernandolima.faculty.wvu.edu/,pypi,opyrability,73,0,0,1,26,0,861,,7,11,46,4,0.20408163265306123,0.19565217391304346,5,2,"victoraalves,Spogis",1,6,0,3,0,0,push:7d release:861d commits:46 active_maint:2 closed:5 merged:3,https://science.ecosyste.ms/projects/839
751,NORDic,https://github.com/clreda/nordic,active,100.0,7.783224016336036,0,Scientific Software,Peer-reviewed,Jupyter Notebook,clreda,,user,,clreda.github.io,pypi,nordic,74,0,0,1,10,0,393,,15,4,27,1,0.3252427184466019,0.0,1,0,"",1,0,1,0,0,0,push:15d release:393d commits:27 active_maint:0 closed:1 merged:0,https://science.ecosyste.ms/projects/968
752,audiomate,https://github.com/ynop/audiomate,unknown,95.0,12.773860663925603,0,Scientific Software,Peer-reviewed,Python,ynop,Matthias,user,,,"pypi,go","audiomate,github.com/ynop/audiomate",170,3,0,1,139,0,2187,,1120,12,0,0,0.1416837782340863,0.0,2,0,"",0,0,0,0,0,0,push:1120d release:2187d commits:0 active_maint:0 closed:0 merged:0,https://science.ecosyste.ms/projects/2169
753,DRDMannTurb,https://github.com/methods-group/drdmannturb,dormant,100.0,7.772752716468741,0,Scientific Software,Peer-reviewed,Python,METHODS-Group,METHODS Group,organization,,,pypi,drdmannturb,23,0,0,2,6,0,656,,178,5,0,0,0.5221445221445222,0.0,5,0,"",7,48,2,13,0,0,push:178d release:656d commits:0 active_maint:0 closed:32 merged:13,https://science.ecosyste.ms/projects/430
754,FIRESONG,https://github.com/icecube/firesong,unknown,98.0,9.741556685389908,0,Scientific Software,Peer-reviewed,Jupyter Notebook,icecube,IceCube Neutrino Observatory,organization,,https://icecube.wisc.edu,pypi,firesong,12,1,0,2,18,0,1917,,1120,42,0,0,0.6615384615384615,0.0,2,0,"",0,0,0,0,0,0,push:1120d release:1917d commits:0 active_maint:0 closed:0 merged:0,https://science.ecosyste.ms/projects/1895
755,STITCHES,https://github.com/jgcri/stitches,dead,100.0,7.738488122494646,0,Scientific Software,Peer-reviewed,Jupyter Notebook,JGCRI,Joint Global Change Research Institute,organization,,https://www.pnnl.gov/projects/jgcri,pypi,stitches-emulator,16,0,0,1,9,0,899,,412,5,0,0,0.37364620938628157,0.0,4,0,"",1,0,0,0,0,0,push:412d release:899d commits:0 active_maint:0 closed:0 merged:0,https://science.ecosyste.ms/projects/706
756,xrnet,https://github.com/uscbiostats/xrnet,dormant,98.0,9.708931458073831,0,Scientific Software,Peer-reviewed,R,USCbiostats,USC Division of Biostatistics,organization,,https://biostatsepi.usc.edu/,cran,xrnet,193,1,1,1,10,0,744,,225,8,3,1,0.1320224719101124,0.0,4,1,gweaverbiodev,1,2,0,2,0,0,push:225d release:744d commits:3 active_maint:1 closed:2 merged:2,https://science.ecosyste.ms/projects/2366
757,ausdex,https://github.com/rbturnbull/ausdex,unknown,100.0,7.707062655370473,0,Scientific Software,Peer-reviewed,Python,rbturnbull,Robert Turnbull,user,University of Melbourne,,pypi,ausdex,137,1,0,1,3,0,1211,,897,4,0,0,0.37055837563451777,0.0,2,0,"",0,0,0,0,0,0,push:897d release:1211d commits:0 active_maint:0 closed:0 merged:0,https://science.ecosyste.ms/projects/1467
758,PATATO,https://github.com/bohndieklab/patato,active,95.0,12.703141071511336,0,Scientific Software,Peer-reviewed,Python,BohndiekLab,VISIONLAB at the University of Cambridge,organization,,https://www.bohndieklab.org/,pypi,patato,4057,1,0,1,27,0,345,,198,4,6,1,0.14321608040201006,0.0,1,1,tomelse,1,6,0,4,0,0,push:198d release:345d commits:6 active_maint:1 closed:4 merged:4,https://science.ecosyste.ms/projects/859
759,chessboard,https://github.com/frbcesab/chessboard,unknown,100.0,7.696212639346408,0,Scientific Software,Peer-reviewed,R,FRBCesab,FRB CESAB,organization,,https://www.fondationbiodiversite.fr/en/about-the-foundation/le-cesab/,cran,chessboard,219,0,0,1,5,0,1020,,1018,2,0,0,0.003215434083601254,0.0,1,0,"",0,0,0,0,0,0,push:1018d release:1020d commits:0 active_maint:0 closed:0 merged:0,https://science.ecosyste.ms/projects/955
760,pyflowline,https://github.com/changliao1025/pyflowline,dormant,98.0,9.69424690639091,0,Scientific Software,Peer-reviewed,Python,changliao1025,Chang Liao,user,Pacific Northwest National Laboratory,https://changliao.github.io/,"conda,pypi",pyflowline,48,1,1,1,24,0,812,,67,4,8,1,0.03026315789473688,0.0,1,1,changliao1025,6,4,0,3,0,0,push:67d release:812d commits:8 active_maint:1 closed:3 merged:3,https://science.ecosyste.ms/projects/925
761,FIGARO,https://github.com/sterinaldi/figaro,active,95.0,12.689979179944899,0,Scientific Software,Peer-reviewed,Python,sterinaldi,Stefano Rinaldi,user,University of Pisa,sterinaldi.github.io,pypi,figaro,1964,4,0,1,20,0,335,,38,8,64,2,0.01196808510638303,0.03125,1,1,gabrieledemasi,1,7,1,4,0,0,push:38d release:335d commits:64 active_maint:1 closed:8 merged:4,https://science.ecosyste.ms/projects/689
762,GRAPL,https://github.com/max-little/grapl,dormant,98.0,9.688312170871095,0,Scientific Software,Peer-reviewed,Python,max-little,Max A. Little,user,,,pypi,grapl-causal,46,0,1,1,85,0,973,,587,4,0,0,0.06730769230769229,0.0,1,0,"",0,1,0,1,0,0,push:587d release:973d commits:0 active_maint:0 closed:1 merged:1,https://science.ecosyste.ms/projects/1445
763,GridapDistributed,https://github.com/gridap/gridapdistributed.jl,active,95.0,12.686645226125144,0,Scientific Software,Peer-reviewed,Julia,gridap,Gridap,organization,,,julia,GridapDistributed,0,0,6,0,147,0,363,,28,13,118,6,0.5736514522821576,0.4491525423728814,6,3,"JordiManyer,amartinhuertas,ericneiva",6,25,2,17,0,0,push:28d release:363d commits:111 active_maint:3 closed:20 merged:17,https://science.ecosyste.ms/projects/1494
764,ProgPy,https://github.com/nasa/prog_models,unknown,95.0,12.682313035687379,0,Scientific Software,Peer-reviewed,,nasa,NASA,organization,,https://github.com/nasa/nasa.github.io/blob/master/docs/INSTRUCTIONS.md,pypi,prog-models,85,1,1,2,126,0,1113,,1009,18,0,0,0.45078243311458854,0.0,3,0,"",0,0,0,0,0,0,push:1009d release:1113d commits:0 active_maint:0 closed:0 merged:0,https://science.ecosyste.ms/projects/1070
765,ivis,https://github.com/beringresearch/ivis,dormant,93.0,14.669708841291222,0,Scientific Software,Peer-reviewed,Python,beringresearch,beringresearch,user,Bering Limited,http://beringresearch.com,pypi,ivis,680,7,1,1,345,0,777,,262,10,1,1,0.47686832740213525,0.0,2,0,"",1,0,0,0,0,0,push:262d release:777d commits:1 active_maint:0 closed:0 merged:0,https://science.ecosyste.ms/projects/2489
766,toughio,https://github.com/keurfonluu/toughio,dormant,98.0,9.661161181805145,0,Scientific Software,Peer-reviewed,Python,keurfonluu,Keurfon Luu,user,INTERA Incorporated,,pypi,toughio,216,1,0,1,67,0,710,,237,1,0,0,0.0,0.0,1,0,"",5,0,3,0,0,0,push:237d release:710d commits:0 active_maint:0 closed:3 merged:0,https://science.ecosyste.ms/projects/2182
767,Metasyn,https://github.com/sodascience/metasyn,active,98.0,9.65502619323763,0,Scientific Software,Peer-reviewed,Python,sodascience,SoDa,organization,,http://odissei-data.nl/soda,pypi,"metasyn,metasynth",97,1,1,1,56,0,612,,8,5,32,4,0.43262411347517726,0.28125,4,3,"qubixes,vankesteren,MSVermet",32,44,20,29,0,0,push:8d release:612d commits:32 active_maint:3 closed:51 merged:29,https://science.ecosyste.ms/projects/333
768,gaussplotR,https://github.com/vbaliga/gaussplotr,unknown,100.0,7.651595573857601,0,Scientific Software,Peer-reviewed,HTML,vbaliga,Vikram Baliga,user,@ubc,https://vbaliga.github.io/,cran,gaussplotR,262,0,0,1,4,0,1915,,1827,2,0,0,0.009708737864077666,0.0,0,0,"",0,0,0,0,0,0,push:1827d release:1915d commits:0 active_maint:0 closed:0 merged:0,https://science.ecosyste.ms/projects/1933
769,x11docker,https://github.com/mviereck/x11docker,active,95.0,12.65109174458174,0,Scientific Software,Peer-reviewed,Shell,mviereck,Martin Viereck,user,,,"alpine,go","x11docker,x11docker-doc,github.com/mviereck/x11docker",0,1,0,1,6285,0,954,,25,26,103,1,0.0741784037558686,0.0,1,1,mviereck,10,0,3,0,0,0,push:25d release:954d commits:103 active_maint:1 closed:3 merged:0,https://science.ecosyste.ms/projects/2587
770,secuTrialR,https://github.com/swissclinicaltrialorganisation/secutrialr,dead,95.0,12.637907008658406,0,Scientific Software,Peer-reviewed,R,SwissClinicalTrialOrganisation,Swiss Clinical Trial Organisation,organization,,https://www.scto.ch/,"cran,conda","secuTrialR,r-secutrialr",620,0,0,1,10,0,791,,479,16,0,0,0.4278523489932886,0.0,3,0,"",1,2,0,0,0,0,push:479d release:791d commits:0 active_maint:0 closed:0 merged:0,https://science.ecosyste.ms/projects/2044
771,VisWaterNet,https://github.com/tylertrimble/viswaternet,dormant,100.0,7.6362696033793735,0,Scientific Software,Peer-reviewed,Python,,,,,,pypi,viswaternet,13,0,0,1,22,0,646,,335,4,5,1,0.43005181347150256,0.0,2,0,"",3,0,0,0,0,0,push:335d release:646d commits:5 active_maint:0 closed:0 merged:0,https://science.ecosyste.ms/projects/1187
772,MAESTROeX,https://github.com/amrex-astro/maestroex,dormant,100.0,7.622663951323595,0,Scientific Software,Peer-reviewed,C++,AMReX-Astro,AMReX-Astro,organization,,,,,0,,,,45,0,,,10,28,0,0,0.7002237136465325,0.0,5,1,zingale,0,7,0,5,0,0,push:10d commits:0 active_maint:1 closed:5 merged:5,https://science.ecosyste.ms/projects/2353
773,pymnet,https://github.com/mnets/pymnet,dormant,95.0,12.617453554067643,0,Scientific Software,Peer-reviewed,Python,mnets,mnets,organization,,,pypi,pymnet,189,0,0,2,163,0,736,,736,10,0,0,0.5627177700348431,0.0,3,0,"",6,1,1,1,0,0,push:736d release:736d commits:0 active_maint:0 closed:2 merged:1,https://science.ecosyste.ms/projects/577
774,FastGeodis,https://github.com/masadcv/fastgeodis,dormant,95.0,12.608312558282643,0,Scientific Software,Peer-reviewed,C++,masadcv,Muhammad Asad,user,Medtronic,https://masadcv.github.io,pypi,fastgeodis,448,0,0,1,108,0,902,,140,6,0,0,0.03305785123966942,0.0,3,0,"",3,1,2,0,0,0,push:140d release:902d commits:0 active_maint:0 closed:2 merged:0,https://science.ecosyste.ms/projects/1325
775,Pipengine,https://github.com/fstrozzi/bioruby-pipengine,unknown,93.0,14.591269451169163,0,Scientific Software,Peer-reviewed,Ruby,fstrozzi,Francesco Strozzi,user,,http://www.linkedin.com/in/francescostrozzi,"rubygems,go","bio-pipengine,github.com/fstrozzi/bioruby-pipengine",0,0,0,1,20,0,3258,,3256,3,0,0,0.12639405204460963,0.0,1,0,"",0,0,0,0,0,0,push:3256d release:3258d commits:0 active_maint:0 closed:0 merged:0,https://science.ecosyste.ms/projects/2993
776,fRAT,https://github.com/elliohow/fmri_roi_analysis_tool,unknown,100.0,7.588829878307813,0,Scientific Software,Peer-reviewed,Python,elliohow,Elliot Howley,user,University of Nottingham,,pypi,frat-brain,37,0,0,1,13,0,819,,819,4,0,0,0.026246719160105014,0.0,1,0,"",0,0,0,0,0,0,push:819d release:819d commits:0 active_maint:0 closed:0 merged:0,https://science.ecosyste.ms/projects/1138
777,APackOfTheClones,https://github.com/qile0317/apackoftheclones,active,98.0,9.581214035314728,0,Scientific Software,Peer-reviewed,R,Qile0317,Qile,user,IEGS,qile0317.github.io,"go,cran","github.com/qile0317/apackoftheclones,github.com/Qile0317/APackOfTheClones,APackOfTheClones",689,0,0,1,21,0,346,,336,1,35,1,0.0,0.0,1,1,Qile0317,11,4,9,4,0,0,push:336d release:346d commits:35 active_maint:1 closed:13 merged:4,https://science.ecosyste.ms/projects/390
778,SHARPy,https://github.com/imperialcollegelondon/sharpy,dormant,95.0,12.576946308868719,0,Scientific Software,Peer-reviewed,Python,ImperialCollegeLondon,Imperial College London,organization,,,"go,pypi","github.com/imperialcollegelondon/sharpy,github.com/ImperialCollegeLondon/sharpy,ic-sharpy,icl-sharpy",62,0,0,1,189,0,494,,84,25,4,1,0.7239297475301867,0.0,9,1,ben-l-p,1,5,1,3,0,0,push:84d release:494d commits:4 active_maint:1 closed:4 merged:3,https://science.ecosyste.ms/projects/2359
779,swyft,https://github.com/undark-lab/swyft,dead,95.0,12.559008608182051,0,Scientific Software,Peer-reviewed,Jupyter Notebook,undark-lab,UnDark Lab,organization,,www.christophweniger.com,pypi,swyft,88,1,0,2,172,0,1049,,852,17,0,0,0.4821917808219178,0.0,7,0,"",3,0,0,0,0,0,push:852d release:1049d commits:0 active_maint:0 closed:0 merged:0,https://science.ecosyste.ms/projects/1456
780,Fitspy,https://github.com/cea-metrocarac/fitspy,active,98.0,9.554780778246572,0,Scientific Software,Peer-reviewed,Python,CEA-MetroCarac,CEA-MetroCarac,organization,,https://www.cea.fr/english,pypi,fitspy,251,0,0,1,9,0,351,,8,5,106,3,0.3133595284872298,0.4339622641509434,2,1,kipavy,12,2,9,2,0,0,push:8d release:351d commits:106 active_maint:1 closed:11 merged:2,https://science.ecosyste.ms/projects/741
781,Satisfiability.jl,https://github.com/elsoroka/satisfiability.jl,active,100.0,7.5443321080536885,0,Scientific Software,Peer-reviewed,Julia,elsoroka,Emiko Soroka,user,Stanford University,,julia,Satisfiability,0,0,0,0,55,0,636,,38,10,19,3,0.13373860182370823,0.42105263157894735,2,0,"",1,8,1,4,0,0,push:38d release:636d commits:12 active_maint:0 closed:7 merged:4,https://science.ecosyste.ms/projects/534
782,pyDARTdiags: A Python package for manipulating observation sequences and calculating observation-space diagnostics for the Data Assimilation Research Testbed (DART),https://github.com/ncar/pydartdiags,active,97.0,10.543233956368958,0,,,Python,NCAR,NSF National Center for Atmospheric Research,organization,,http://ncar.ucar.edu,pypi,pydartdiags,394,0,0,1,8,0,189,,50,6,69,4,0.12702702702702706,0.4492753623188406,2,1,hkershaw-brown,6,13,1,8,0,0,push:50d release:189d commits:69 active_maint:1 closed:10 merged:8,https://science.ecosyste.ms/projects/806997
783,TAXPASTA,https://github.com/taxprofiler/taxpasta,active,98.0,9.541943631485893,0,Scientific Software,Peer-reviewed,Python,taxprofiler,taxprofiler,organization,,,pypi,taxpasta,40,0,0,3,44,0,782,,89,5,16,1,0.15210355987055013,0.0,0,0,"",6,1,0,0,0,0,push:89d release:782d commits:16 active_maint:0 closed:0 merged:0,https://science.ecosyste.ms/projects/1066
784,`pygetpapers`,https://github.com/petermr/pygetpapers,dormant,95.0,12.537675905039883,0,Scientific Software,Peer-reviewed,Python,petermr,,user,,,pypi,"pygetpapers1,pygetpapers",423,2,2,2,91,0,419,,174,6,0,0,0.13588850174216027,0.0,4,0,"",6,0,2,0,0,0,push:174d release:419d commits:0 active_maint:0 closed:2 merged:0,https://science.ecosyste.ms/projects/1465
785,AddaxAI,https://github.com/petervanlunteren/addaxai,active,100.0,7.528331766707247,0,Scientific Software,Peer-reviewed,Python,PetervanLunteren,Peter van Lunteren,user,,,,,0,,,,184,0,,,12,15,150,6,0.10193003618817853,0.17333333333333334,1,1,PetervanLunteren,6,10,2,5,0,0,push:12d commits:129 active_maint:1 closed:8 merged:5,https://science.ecosyste.ms/projects/1045
786,TrixiParticles.jl,https://github.com/trixi-framework/trixiparticles.jl,active,98.0,9.517530910816006,0,Scientific Software,Peer-reviewed,Julia,trixi-framework,Trixi.jl,organization,,https://trixi-framework.github.io,julia,TrixiParticles,0,0,0,0,82,0,424,,2,16,204,11,0.5404364569961488,0.6127450980392157,8,3,"LasNikas,efaulhaber,svchb",15,183,4,65,0,0,push:2d release:424d commits:181 active_maint:3 closed:79 merged:65,https://science.ecosyste.ms/projects/308
787,ECabc,https://github.com/ecrl/ecabc,dead,98.0,9.513108081846005,0,Scientific Software,Peer-reviewed,Python,ecrl,UMass Lowell Energy and Combustion Research Laboratory,organization,,https://sites.uml.edu/hunter-mack/,pypi,ecabc,90,1,1,2,11,0,1093,,7,12,0,0,0.17391304347826086,0.0,3,0,"",0,2,0,0,0,0,push:7d release:1093d commits:0 active_maint:0 closed:0 merged:0,https://science.ecosyste.ms/projects/2511
788,hstrat,https://github.com/mmore500/hstrat,active,93.0,14.510488062458942,0,Scientific Software,Peer-reviewed,Python,mmore500,Matthew Andres Moreno,user,@devosoft ,mmore500.github.io,pypi,hstrat,6419,1,1,1,5,0,440,,45,9,382,3,0.15436619718309863,0.2853403141361257,4,2,"mmore500,vivaansinghvi07",2,80,1,71,0,0,push:45d release:440d commits:382 active_maint:2 closed:78 merged:71,https://science.ecosyste.ms/projects/1296
789,CircuitGraph,https://github.com/circuitgraph/circuitgraph,dead,95.0,12.509549323880595,0,Scientific Software,Peer-reviewed,Verilog,circuitgraph,circuitgraph,organization,,,"pypi,go","circuitgraph,github.com/circuitgraph/circuitgraph",328,2,0,2,129,0,1164,,986,6,0,0,0.3744493392070485,0.0,0,0,"",1,0,0,0,0,0,push:986d release:1164d commits:0 active_maint:0 closed:0 merged:0,https://science.ecosyste.ms/projects/2031
790,SurPyval,https://github.com/derrynknife/surpyval,active,93.0,14.497004097862174,0,Scientific Software,Peer-reviewed,Python,,,,,,pypi,surpyval,4150,1,1,1,52,0,1317,,10,8,160,2,0.4444444444444444,0.18125000000000002,2,1,derrynknife,0,29,0,28,0,0,push:10d release:1317d commits:160 active_maint:1 closed:28 merged:28,https://science.ecosyste.ms/projects/1806
791,TorchSurv,https://github.com/novartis/torchsurv,active,93.0,14.488691737883341,0,Scientific Software,Peer-reviewed,Python,Novartis,Novartis,organization,,https://opensource.nibr.com,pypi,torchsurv,1548,0,0,3,210,0,394,,29,8,47,3,0.44131455399061037,0.23404255319148937,5,3,"melodiemonod,tcoroller,qiancao",16,26,9,14,0,0,push:29d release:394d commits:47 active_maint:3 closed:27 merged:14,https://science.ecosyste.ms/projects/338
792,ModeCouplingTheory.jl,https://github.com/ilianpihlajamaa/modecouplingtheory.jl,active,100.0,7.475339236566737,0,Scientific Software,Peer-reviewed,Julia,IlianPihlajamaa,,user,,,julia,ModeCouplingTheory,0,0,0,0,21,0,363,,293,8,46,2,0.2288401253918495,0.30434782608695654,1,0,"",0,6,0,4,0,0,push:293d release:363d commits:46 active_maint:0 closed:4 merged:4,https://science.ecosyste.ms/projects/931
793,Caliscope,https://github.com/mprib/caliscope,active,93.0,14.467226183259557,0,Scientific Software,Peer-reviewed,Python,mprib,,user,,,pypi,caliscope,1148,0,0,1,419,0,331,,13,6,538,3,0.003603104212860364,0.01115241635687736,1,1,mprib,29,28,5,22,0,0,push:13d release:331d commits:533 active_maint:1 closed:29 merged:22,https://science.ecosyste.ms/projects/449
794,pyMARS,https://github.com/niemeyer-research-group/pymars,active,100.0,7.463363045520021,0,Scientific Software,Peer-reviewed,Python,Niemeyer-Research-Group,Niemeyer Research Group,organization,,https://niemeyer-research-group.github.io,,,0,,,,74,0,,,30,21,36,1,0.3428899082568807,0.0,2,1,kyleniemeyer,4,11,2,10,0,0,push:30d commits:36 active_maint:1 closed:13 merged:10,https://science.ecosyste.ms/projects/2458
795,Shenfun,https://github.com/spectraldns/shenfun,active,95.0,12.450875922195422,0,Scientific Software,Peer-reviewed,Python,spectralDNS,spectralDNS,organization,,,"conda,pypi",shenfun,109,2,0,1,232,0,604,,38,9,25,2,0.025449101796407136,0.43999999999999995,1,0,"",0,8,0,6,0,0,push:38d release:604d commits:14 active_maint:0 closed:7 merged:6,https://science.ecosyste.ms/projects/2719
796,Quasi-Monte Carlo Methods in Python,https://github.com/tupui/scipy,unknown,100.0,7.442492722794441,0,Scientific Software,Peer-reviewed,Python,tupui,Pamphile Roy,user,,,,,0,,,,0,0,,,477,1707,0,0,0.9241055677087009,0.0,2,0,"",0,0,0,0,0,0,push:477d commits:0 active_maint:0 closed:0 merged:0,https://science.ecosyste.ms/projects/1159
797,PurpleCaffeine,https://github.com/icekhan13/purplecaffeine,dormant,100.0,7.434847875212,0,Scientific Software,Peer-reviewed,Python,IceKhan13,Iskandar Sitdikov,user,IBM,https://www.linkedin.com/in/icekhan/,pypi,purplecaffeine,21,0,0,1,7,0,1045,,318,7,0,0,0.6371681415929203,0.0,4,0,"",0,41,0,16,0,0,push:318d release:1045d commits:0 active_maint:0 closed:30 merged:16,https://science.ecosyste.ms/projects/971
798,Curifactory,https://github.com/ornl/curifactory,active,98.0,9.417354541360508,0,Scientific Software,Peer-reviewed,Python,ORNL,Oak Ridge National Laboratory,organization,,http://software.ornl.gov,pypi,curifactory,38,1,0,2,18,0,375,,20,4,87,1,0.027833001988071593,0.0,4,1,WarmCyan,5,2,0,0,0,0,push:20d release:375d commits:87 active_maint:1 closed:1 merged:0,https://science.ecosyste.ms/projects/939
799,Clouddrift,https://github.com/cloud-drift/clouddrift,active,95.0,12.40414451241536,0,Scientific Software,Peer-reviewed,Python,Cloud-Drift,CloudDrift,organization,,https://cloud-drift.github.io/clouddrift/,"pypi,go","clouddrift,github.com/Cloud-Drift/clouddrift,github.com/cloud-drift/clouddrift",226,1,0,3,46,0,423,,8,10,59,5,0.6733001658374793,0.6610169491525424,3,2,"selipot,KevinShuman",4,26,1,19,0,0,push:8d release:423d commits:59 active_maint:2 closed:21 merged:19,https://science.ecosyste.ms/projects/579
800,ms3,https://github.com/johentsch/ms3,dormant,95.0,12.390891082522716,0,Scientific Software,Peer-reviewed,Python,johentsch,Johannes Hentschel,user,@DCMLab ,,pypi,ms3,397,1,2,1,56,0,499,,77,9,13,4,0.08076165462902163,0.46153846153846156,3,0,"",1,3,0,2,0,0,push:77d release:499d commits:10 active_maint:0 closed:2 merged:2,https://science.ecosyste.ms/projects/1033
801,slurmR,https://github.com/uscbiostats/slurmr,dead,96.0,11.378856785175659,0,Scientific Software,Peer-reviewed,R,USCbiostats,USC Division of Biostatistics,organization,,https://biostatsepi.usc.edu/,cran,slurmR,366,2,0,1,61,0,1065,,773,3,0,0,0.036363636363636376,0.0,1,0,"",1,0,0,0,0,0,push:773d release:1065d commits:0 active_maint:0 closed:0 merged:0,https://science.ecosyste.ms/projects/2516
802,IWOPY,https://github.com/fraunhoferiwes/iwopy,dormant,100.0,7.367708572374371,0,Scientific Software,Peer-reviewed,Python,FraunhoferIWES,FraunhoferIWES,organization,,,pypi,iwopy,195,1,1,1,4,0,609,,91,2,8,1,0.33333333333333337,0.0,1,0,"",0,1,0,1,0,0,push:91d release:609d commits:8 active_maint:0 closed:1 merged:1,https://science.ecosyste.ms/projects/456
803,Starmatrix,https://github.com/xuanxu/starmatrix,dormant,100.0,7.352441100243583,0,Scientific Software,Peer-reviewed,Python,xuanxu,Juanjo Bazán,user,,http://juanjobazan.com,pypi,starmatrix,128,1,0,1,1,0,1279,,46,4,6,1,0.012618296529968487,0.0,1,0,"",0,1,0,1,0,0,push:46d release:1279d commits:6 active_maint:0 closed:1 merged:1,https://science.ecosyste.ms/projects/1457
804,tell,https://github.com/immm-sfa/tell,dead,98.0,9.347490210123416,0,Scientific Software,Peer-reviewed,Python,IMMM-SFA,Integrated Multisector Multiscale Modeling,organization,,https://im3.pnnl.gov/,"go,pypi","github.com/immm-sfa/tell,github.com/IMMM-SFA/tell,tell",27,7,0,3,31,0,680,,387,7,0,0,0.5802047781569966,0.0,2,0,"",3,2,0,0,0,0,push:387d release:680d commits:0 active_maint:0 closed:0 merged:0,https://science.ecosyste.ms/projects/1339
805,Reducing the efforts to create reproducible analysis code with FieldTrip,https://github.com/fieldtrip/fieldtrip,active,95.0,12.345147395320847,0,Scientific Software,Peer-reviewed,MATLAB,fieldtrip,FieldTrip toolbox,organization,,http://www.fieldtriptoolbox.org,,,0,,,,981,0,,,7,233,266,13,0.5323564658459528,0.46240601503759393,4,2,"schoffelen,robertoostenveld",20,30,11,20,0,0,push:7d commits:257 active_maint:2 closed:33 merged:20,https://science.ecosyste.ms/projects/824
806,bcdata,https://github.com/bcgov/bcdata,active,93.0,14.34513830869286,0,Scientific Software,Peer-reviewed,R,bcgov,bcgov,organization,,https://github.com/bcgov/BC-Policy-Framework-For-GitHub,cran,bcdata,596,14,1,1,85,0,491,,37,25,26,2,0.4598478444632291,0.11538461538461542,3,2,"ateucher,boshek",2,1,1,1,0,0,push:37d release:491d commits:26 active_maint:2 closed:2 merged:1,https://science.ecosyste.ms/projects/1899
807,pyomeca,https://github.com/pyomeca/pyomeca,dormant,95.0,12.342481145309723,0,Scientific Software,Peer-reviewed,Jupyter Notebook,pyomeca,pyomeca,organization,,,"conda,pypi",pyomeca,198,6,2,1,139,0,611,,423,6,0,0,0.28240740740740744,0.0,2,0,"",0,6,0,0,0,0,push:423d release:611d commits:0 active_maint:0 closed:3 merged:0,https://science.ecosyste.ms/projects/2137
808,FEM_2D,https://github.com/jeremiah-corrado/fem_2d,unknown,95.0,12.337916364834891,0,Scientific Software,Peer-reviewed,Rust,jeremiah-corrado,,user,,,cargo,fem_2d,0,0,0,1,18,0,1197,,1196,3,0,0,0.009756097560975618,0.0,1,0,"",0,0,0,0,0,0,push:1196d release:1197d commits:0 active_maint:0 closed:0 merged:0,https://science.ecosyste.ms/projects/1165
809,AixCaliBuHA,https://github.com/rwth-ebc/aixcalibuha,active,98.0,9.334503014596605,0,Scientific Software,Peer-reviewed,Python,RWTH-EBC,RWTH Aachen University - E.ON Energy Research Center - Institute for Energy Efficient Buildings and Indoor Climate,organization,,http://www.ebc.eonerc.rwth-aachen.de/,pypi,aixcalibuha,35,1,0,1,11,0,1561,,91,18,20,2,0.5347826086956522,0.09999999999999998,2,0,"",7,6,5,5,0,0,push:91d release:1561d commits:18 active_maint:0 closed:10 merged:5,https://science.ecosyste.ms/projects/1536
810,sparse-lm,https://github.com/cedergrouphub/sparse-lm,active,98.0,9.328656598794225,0,Scientific Software,Peer-reviewed,Python,CederGroupHub,Ceder Group,organization,,http://ceder.berkeley.edu/,pypi,sparse-lm,64,1,1,1,20,0,968,,32,7,0,0,0.20120724346076457,0.0,3,0,"",0,0,0,0,0,0,push:32d release:968d commits:0 active_maint:0 closed:0 merged:0,https://science.ecosyste.ms/projects/886
811,Melodie,https://github.com/abm4all/melodie,active,98.0,9.306377560173125,0,Scientific Software,Peer-reviewed,Python,ABM4ALL,ABM4ALL,organization,,,pypi,melodie,62,0,0,2,52,0,868,,124,4,18,1,0.4082278481012658,0.0,2,1,SongminYu,1,1,1,1,0,0,push:124d release:868d commits:18 active_maint:1 closed:2 merged:1,https://science.ecosyste.ms/projects/1199
812,GNS,https://github.com/geoelements/gns,dormant,100.0,7.294377299288822,0,Scientific Software,Peer-reviewed,Python,geoelements,Extreme-scale computational geomechanics research,organization,,,,,0,,,,232,0,,,125,8,0,0,0.4251968503937008,0.0,3,0,"",3,1,1,1,0,0,push:125d commits:0 active_maint:0 closed:2 merged:1,https://science.ecosyste.ms/projects/1024
813,SummationByPartsOperators.jl,https://github.com/ranocha/summationbypartsoperators.jl,active,100.0,7.286191714702382,0,Scientific Software,Peer-reviewed,Julia,ranocha,Hendrik Ranocha,user,University of Hamburg,https://ranocha.de,,,0,,,,113,0,,,30,11,71,4,0.21399176954732513,0.47887323943661975,1,1,ranocha,3,53,1,35,0,0,push:30d commits:46 active_maint:1 closed:47 merged:35,https://science.ecosyste.ms/projects/1791
814,KerrGeoPy,https://github.com/blackholeperturbationtoolkit/kerrgeopy,dormant,100.0,7.283448228756631,0,Scientific Software,Peer-reviewed,Python,BlackHolePerturbationToolkit,Black Hole Perturbation Toolkit,organization,,bhptoolkit.org,pypi,kerrgeopy,25,0,0,1,30,0,792,,784,2,0,0,0.020270270270270285,0.0,3,0,"",1,2,1,0,0,0,push:784d release:792d commits:0 active_maint:0 closed:1 merged:0,https://science.ecosyste.ms/projects/668
815,OMEGA-Py,https://github.com/astcherbinine/omegapy,active,100.0,7.274479558773871,0,Scientific Software,Peer-reviewed,Python,AStcherbinine,Aurélien Stcherbinine,user,Northern Arizona University,https://aurelien.stcherbinine.net,pypi,omegapy,35,1,0,1,13,0,568,,31,3,14,1,0.017667844522968212,0.0,1,0,"",2,3,1,3,0,0,push:31d release:568d commits:14 active_maint:0 closed:4 merged:3,https://science.ecosyste.ms/projects/583
816,nrt,https://github.com/ec-jrc/nrt,dormant,98.0,9.272375762895635,0,Scientific Software,Peer-reviewed,Python,ec-jrc,"European Commission, Joint Research Centre (JRC)",organization,,https://ec.europa.eu/jrc/,"go,pypi","github.com/ec-jrc/nrt,nrt",33,1,0,1,83,0,700,,374,4,0,0,0.4,0.0,1,0,"",2,1,1,0,0,0,push:374d release:700d commits:0 active_maint:0 closed:1 merged:0,https://science.ecosyste.ms/projects/541
817,Acanthophis,https://github.com/kdm9/acanthophis,unknown,98.0,9.270870871716214,0,Scientific Software,Peer-reviewed,TeX,kdm9,Dr. K. D. Murray,user,"Max Planck Institut für Entwicklungsbiologie, Tübingen",https://kdmurray.id.au,pypi,acanthophis,331,0,0,1,7,0,703,,414,4,0,0,0.017605633802816878,0.0,1,0,"",0,0,0,0,0,0,push:414d release:703d commits:0 active_maint:0 closed:0 merged:0,https://science.ecosyste.ms/projects/770
818,GXBeam,https://github.com/byuflowlab/gxbeam.jl,dormant,98.0,9.268609280100158,0,Scientific Software,Peer-reviewed,Julia,byuflowlab,BYU FLOW Lab,organization,,http://flow.byu.edu,julia,GXBeam,0,0,0,0,101,0,424,,63,10,6,2,0.1512605042016807,0.33333333333333337,5,1,Cardoza2,5,7,2,5,0,0,push:63d release:424d commits:6 active_maint:1 closed:8 merged:5,https://science.ecosyste.ms/projects/1510
819,open_iA,https://github.com/3dct/open_ia,active,100.0,7.2661287795564515,0,Scientific Software,Peer-reviewed,C++,3dct,CTVis Group Wels,organization,,https://www.3dct.at/cms2/index.php/en/software-en/open-ia-en,,,0,,,,46,0,,,23,27,13,1,0.14122508507535247,0.0,1,0,"",1,0,0,0,0,0,push:23d commits:13 active_maint:0 closed:0 merged:0,https://science.ecosyste.ms/projects/2624
820,Enabling the Verification and Formalization of Hybrid Quantum-Classical Computing with OpenQASM 3.0 compatible QASM-TS 2.0,https://github.com/comp-phys-marc/qasm-ts,active,100.0,7.2513449833722134,0,,,TypeScript,comp-phys-marc,Marcus Edwards,user,,https://www.marcusedwards.me,npm,qasm-ts,44,1,1,1,5,0,316,,117,7,61,7,0.30102040816326525,0.360655737704918,2,2,"seankim658,comp-phys-marc",4,13,2,6,0,0,push:117d release:316d commits:61 active_maint:2 closed:9 merged:6,https://science.ecosyste.ms/projects/373755
821,ndsplines,https://github.com/kb-press/ndsplines,active,93.0,14.248087463894231,0,Scientific Software,Peer-reviewed,Python,kb-press,kb-press,organization,,,pypi,ndsplines,8184,10,2,2,36,0,352,,269,4,9,3,0.3474025974025974,0.5555555555555556,2,2,"ixjlyons,sixpearls",3,32,0,10,0,0,push:269d release:352d commits:7 active_maint:2 closed:22 merged:10,https://science.ecosyste.ms/projects/2410
822,The Basic Model Interface 2.0,https://github.com/csdms/bmi,dormant,100.0,7.244227515603351,0,Scientific Software,Peer-reviewed,TeX,csdms,Community Surface Dynamics Modeling System,organization,,http://csdms.colorado.edu,,,0,,,,56,0,,,17,14,5,1,0.48554913294797686,0.0,4,2,"mdpiper,PhilMiller",1,18,0,4,0,0,push:17d commits:5 active_maint:2 closed:5 merged:4,https://science.ecosyste.ms/projects/2184
823,scikit-eo,https://github.com/yotarazona/scikit-eo,active,95.0,12.243599617420895,0,Scientific Software,Peer-reviewed,Python,yotarazona,Yonatan Tarazona,user,,,pypi,scikeo,141,0,0,3,251,0,650,,71,9,71,3,0.06227758007117434,0.028169014084507005,2,0,"",1,2,1,2,0,0,push:71d release:650d commits:71 active_maint:0 closed:3 merged:2,https://science.ecosyste.ms/projects/593
824,pyneqsys,https://github.com/bjodah/pyneqsys,dormant,93.0,14.240129717075405,0,Scientific Software,Peer-reviewed,Python,bjodah,Bjorn,user,,,"conda,pypi",pyneqsys,14687,11,1,1,53,0,1441,,82,2,3,1,0.017241379310344862,0.0,1,1,bjodah,0,1,0,1,0,0,push:82d release:1441d commits:3 active_maint:1 closed:1 merged:1,https://science.ecosyste.ms/projects/2928
825,StreamGen,https://github.com/infineon/streamgen,active,98.0,9.24009333012553,0,Scientific Software,Peer-reviewed,Python,Infineon,Infineon,organization,,https://www.infineon.com,pypi,streamgen,302,0,0,1,15,0,344,,104,4,25,3,0.06034482758620685,0.24,0,0,"",1,1,1,1,0,0,push:104d release:344d commits:21 active_maint:0 closed:2 merged:1,https://science.ecosyste.ms/projects/362
826,CoastSeg,https://github.com/satelliteshorelines/coastseg,active,95.0,12.234854446955627,0,Scientific Software,Peer-reviewed,Jupyter Notebook,SatelliteShorelines,SatelliteShorelines,organization,,,pypi,"coastseg,coastseg-beta-package",495,0,0,1,90,0,399,,56,5,47,1,0.23997709049255445,0.0,6,3,"2320sharon,Cjanda12,sharonbatiste",8,10,5,8,0,0,push:56d release:399d commits:47 active_maint:3 closed:13 merged:8,https://science.ecosyste.ms/projects/617
827,FitSNAP,https://github.com/fitsnap/fitsnap,active,95.0,12.230101623329535,0,Scientific Software,Peer-reviewed,Python,FitSNAP,FitSNAP,organization,,,"go,pypi,conda","github.com/FitSNAP/FitSNAP,github.com/fitsnap/fitsnap,fitsnap3",40,1,0,2,188,0,1130,,286,24,14,4,0.5792630676949443,0.5714285714285714,3,2,"megmcca,mitwood",1,12,0,5,0,0,push:286d release:1130d commits:14 active_maint:2 closed:6 merged:5,https://science.ecosyste.ms/projects/1188
828,Pybehave,https://github.com/tne-lab/py-behav-box-v2,dormant,100.0,7.22983877815125,0,Scientific Software,Peer-reviewed,Python,tne-lab,Translational NeuroEngineering Laboratory,organization,,tnelab.org,pypi,pybehave,22,0,0,1,5,0,799,,189,5,0,0,0.05818181818181822,0.0,0,0,"",5,0,3,0,0,0,push:189d release:799d commits:0 active_maint:0 closed:3 merged:0,https://science.ecosyste.ms/projects/658
829,Seaduck,https://github.com/macekuailv/seaduck,active,95.0,12.227051051915366,0,Scientific Software,Peer-reviewed,Python,MaceKuailv,,user,,,pypi,seaduck,1477,0,0,3,16,0,491,,6,7,50,5,0.20610687022900764,0.48,2,2,"MaceKuailv,ThomasHaine",3,14,2,5,0,0,push:6d release:491d commits:36 active_maint:2 closed:10 merged:5,https://science.ecosyste.ms/projects/888
830,scholarly,https://github.com/scholarly-python-package/scholarly,dormant,77.0,30.226145987875125,0,,,Python,scholarly-python-package,scholarly-python-package,organization,,,"pypi,conda",scholarly,116076,252,16,4,1876,0,1291,,128,41,2,2,0.6094032549728752,0.5,2,0,"",6,3,0,0,0,0,push:128d release:1291d commits:2 active_maint:0 closed:0 merged:0,https://science.ecosyste.ms/projects/52347
831,TRUNAJOD,https://github.com/dpalmasan/trunajod2.0,unknown,95.0,12.22316572295635,0,Scientific Software,Peer-reviewed,Python,dpalmasan,Diego Palma,user,Meta,https://dpalmasan.github.io/website/,pypi,trunajod,517,1,0,1,30,0,1936,,1787,8,0,0,0.4453781512605042,0.0,1,0,"",0,0,0,0,0,0,push:1787d release:1936d commits:0 active_maint:0 closed:0 merged:0,https://science.ecosyste.ms/projects/1912
832,PyOrthanc,https://github.com/gacou54/pyorthanc,dormant,93.0,14.216244491696537,0,Scientific Software,Peer-reviewed,Python,gacou54,Gabriel Couture,user,IUCPQ - Centre de recherche de l'Institut universitaire de cardiologie et de pneumologie de Québec-Université Laval,,pypi,pyorthanc,4870,3,1,2,66,0,381,,80,6,3,2,0.12709832134292565,0.33333333333333337,2,2,"gacou54,ylemarechal",2,13,0,9,0,0,push:80d release:381d commits:3 active_maint:2 closed:9 merged:9,https://science.ecosyste.ms/projects/278
833,PyFstat,https://github.com/pyfstat/pyfstat,active,95.0,12.20388024397326,0,Scientific Software,Peer-reviewed,Python,PyFstat,PyFstat,organization,,,"pypi,conda",pyfstat,188,1,0,3,54,0,428,,128,12,36,3,0.5192620727075421,0.5,3,2,"dbkeitel,maferrerma",1,14,0,12,0,0,push:128d release:428d commits:19 active_maint:2 closed:12 merged:12,https://science.ecosyste.ms/projects/1935
834,Kinetic.jl,https://github.com/vavrines/kinetic.jl,dormant,100.0,7.200424892944957,0,Scientific Software,Peer-reviewed,Julia,vavrines,Tianbai Xiao,user,,https://xiaotianbai.com,julia,Kinetic,0,0,1,0,149,0,1147,,53,5,5,1,0.013353115727002929,0.0,1,0,"",1,0,1,0,0,0,push:53d release:1147d commits:5 active_maint:0 closed:1 merged:0,https://science.ecosyste.ms/projects/1857
835,unifir,https://github.com/ropensci/unifir,unknown,98.0,9.197255132427527,0,Scientific Software,Peer-reviewed,R,ropensci,rOpenSci,organization,,https://ropensci.org/,cran,unifir,326,1,1,1,30,0,910,,910,1,0,0,0.0,0.0,1,0,"",0,0,0,0,0,0,push:910d release:910d commits:0 active_maint:0 closed:0 merged:0,https://science.ecosyste.ms/projects/1517
836,TopoPyScale,https://github.com/arcticsnow/topopyscale,active,95.0,12.193898844598465,0,Scientific Software,Peer-reviewed,Python,ArcticSnow,Simon Filhol,user,University of Oslo,,"go,pypi","github.com/ArcticSnow/TopoPyScale,topopyscale,github.com/arcticsnow/topopyscale",266,0,0,1,63,0,330,,28,11,138,4,0.3136729222520107,0.48550724637681164,4,2,"ArcticSnow,joelfiddes",7,4,4,3,0,0,push:28d release:330d commits:138 active_maint:2 closed:7 merged:3,https://science.ecosyste.ms/projects/1092
837,PeleLMeX,https://github.com/amrex-combustion/pelelmex,active,100.0,7.187657164114956,0,Scientific Software,Peer-reviewed,C++,AMReX-Combustion,AMReX-Combustion,organization,,https://amrex-combustion.github.io/,,,0,,,,62,0,,,29,28,100,15,0.4051094890510949,0.75,5,2,"baperry2,SreejithNREL",4,81,1,51,0,0,push:29d commits:93 active_maint:2 closed:61 merged:51,https://science.ecosyste.ms/projects/933
838,Pycashier,https://github.com/brocklab/pycashier,dead,100.0,7.1853870155804165,0,Scientific Software,Peer-reviewed,Python,brocklab,brocklab,organization,,http://www.brocklab.com/,"conda,pypi",pycashier,53,1,0,1,4,0,1300,,637,3,0,0,0.02020202020202022,0.0,1,0,"",1,0,0,0,0,0,push:637d release:1300d commits:0 active_maint:0 closed:0 merged:0,https://science.ecosyste.ms/projects/423
839,CR-Sparse,https://github.com/carnotresearch/cr-sparse,unknown,98.0,9.179881164491475,0,Scientific Software,Peer-reviewed,Jupyter Notebook,carnotresearch,Carnot Research Pvt. Ltd.,organization,,https://www.carnotresearch.com/,"pypi,go","cr-sparse,github.com/carnotresearch/cr-sparse",47,2,0,1,103,0,1017,,1017,2,0,0,0.0009699321047527132,0.0,2,0,"",0,0,0,0,0,0,push:1017d release:1017d commits:0 active_maint:0 closed:0 merged:0,https://science.ecosyste.ms/projects/1674
840,Plonk,https://github.com/dmentipl/plonk,dormant,98.0,9.175748927206563,0,Scientific Software,Peer-reviewed,Python,dmentipl,Daniel Mentiplay,user,Bureau of Meteorology,https://danielmentiplay.com,"pypi,conda",plonk,103,1,0,1,39,0,1751,,730,2,0,0,0.0009606147934678733,0.0,1,0,"",0,2,0,0,0,0,push:730d release:1751d commits:0 active_maint:0 closed:2 merged:0,https://science.ecosyste.ms/projects/2378
841,libfmp,https://github.com/meinardmueller/libfmp,dormant,93.0,14.148727501864814,0,Scientific Software,Peer-reviewed,Python,meinardmueller,Meinard Mueller,user,International Audio Laboratories Erlangen,https://www.audiolabs-erlangen.de/fau/professor/mueller,pypi,libfmp,1255,7,4,3,210,0,897,,499,8,7,3,0.38,0.5714285714285714,0,0,"",0,1,0,1,0,0,push:499d release:897d commits:7 active_maint:0 closed:1 merged:1,https://science.ecosyste.ms/projects/1824
842,PyUoI,https://github.com/bouchardlab/pyuoi,active,98.0,9.131297164635729,0,Scientific Software,Peer-reviewed,Python,BouchardLab,Bouchard Lab GitHub,organization,,https://bouchardlab.lbl.gov/,"conda,pypi",pyuoi,13,1,0,2,15,0,1598,,26,15,0,0,0.5754527162977867,0.0,4,0,"",0,0,0,0,0,0,push:26d release:1598d commits:0 active_maint:0 closed:0 merged:0,https://science.ecosyste.ms/projects/2365
843,GGLasso - a Python package for General Graphical Lasso computation,https://github.com/fabian-sp/gglasso,dormant,95.0,12.11461503504134,0,Scientific Software,Peer-reviewed,Python,fabian-sp,,user,TUM,,"pypi,conda",gglasso,1009,2,2,1,41,0,517,,30,5,9,1,0.3264781491002571,0.0,2,1,fabian-sp,1,1,1,1,0,0,push:30d release:517d commits:9 active_maint:1 closed:2 merged:1,https://science.ecosyste.ms/projects/1666
844,cortecs,https://github.com/arjunsavel/cortecs,unknown,100.0,7.1049654482698426,0,Scientific Software,Peer-reviewed,Python,arjunsavel,Arjun Savel,user,@astroumd,https://www.arjunsavel.com,pypi,cortecs,28,0,0,1,4,0,725,,719,3,0,0,0.005698005698005715,0.0,2,0,"",0,0,0,0,0,0,push:719d release:725d commits:0 active_maint:0 closed:0 merged:0,https://science.ecosyste.ms/projects/546
845,Quail,https://github.com/contextlab/quail,active,95.0,12.104759483829685,0,Scientific Software,Peer-reviewed,Python,ContextLab,Contextual Dynamics Laboratory,organization,,http://www.context-lab.com,pypi,quail,58,1,0,1,21,0,995,,231,10,26,1,0.2942430703624733,0.0,4,0,"",0,0,0,0,0,0,push:231d release:995d commits:26 active_maint:0 closed:0 merged:0,https://science.ecosyste.ms/projects/2978
846,Dnaapler,https://github.com/gbouras13/dnaapler,active,95.0,12.10171163020543,0,Scientific Software,Peer-reviewed,Python,gbouras13,George Bouras,user,,,pypi,dnaapler,230,0,0,1,141,0,343,,30,7,15,2,0.08955223880597019,0.06666666666666665,1,1,gbouras13,3,5,2,3,0,0,push:30d release:343d commits:15 active_maint:1 closed:6 merged:3,https://science.ecosyste.ms/projects/872
847,kalepy,https://github.com/lzkelley/kalepy,dead,95.0,12.097150238305986,0,Scientific Software,Peer-reviewed,Python,lzkelley,Luke Zoltan Kelley,user,,www.lzkelley.com,pypi,kalepy,583,3,3,1,67,0,1165,,1165,4,0,0,0.3387622149837134,0.0,1,0,"",0,1,0,0,0,0,push:1165d release:1165d commits:0 active_maint:0 closed:0 merged:0,https://science.ecosyste.ms/projects/1999
848,portalr,https://github.com/weecology/portalr,dormant,95.0,12.089808455843059,0,Scientific Software,Peer-reviewed,R,weecology,Weecology,organization,,http://weecology.org,cran,portalr,850,5,0,1,12,0,395,,182,13,6,1,0.5532591414944357,0.0,8,1,gmyenni,2,5,2,4,0,0,push:182d release:395d commits:6 active_maint:1 closed:6 merged:4,https://science.ecosyste.ms/projects/2674
849,`SimilaritySearch.jl`,https://github.com/sadit/similaritysearch.jl,active,98.0,9.084323531392695,0,Scientific Software,Peer-reviewed,Julia,sadit,Eric S. Tellez,user,CONACYT - INFOTEC,http://ws.ingeotec.mx/~sadit/,julia,SimilaritySearch,0,16,11,0,53,0,401,,119,4,91,1,0.007363770250368162,0.0,1,1,sadit,1,5,0,2,0,0,push:119d release:401d commits:91 active_maint:1 closed:4 merged:2,https://science.ecosyste.ms/projects/1471
850,ESAT,https://github.com/quanted/esat,dormant,98.0,9.082734247371036,0,Scientific Software,Peer-reviewed,Jupyter Notebook,quanted,quanted,organization,,,pypi,esat,162,0,0,1,28,0,402,,258,3,7,1,0.08041237113402067,0.0,0,0,"",6,2,0,1,0,0,push:258d release:402d commits:7 active_maint:0 closed:1 merged:1,https://science.ecosyste.ms/projects/356
851,nleis.py,https://github.com/yuefan98/nleis.py,dormant,100.0,7.080026499922591,0,Scientific Software,Peer-reviewed,Python,yuefan98,,user,,,pypi,nleis,26,0,0,1,15,0,570,,49,4,4,1,0.12195121951219512,0.0,2,1,yuefan98,0,3,0,3,0,0,push:49d release:570d commits:4 active_maint:1 closed:3 merged:3,https://science.ecosyste.ms/projects/300
852,geostan,https://github.com/connordonegan/geostan,dormant,95.0,12.076419437303302,0,Scientific Software,Peer-reviewed,R,ConnorDonegan,Connor Donegan,user,UT Dallas & UTSW Medical Center,https://connordonegan.github.io,cran,geostan,548,0,0,1,83,0,379,,377,4,0,0,0.023094688221709014,0.0,1,0,"",5,0,4,0,0,0,push:377d release:379d commits:0 active_maint:0 closed:4 merged:0,https://science.ecosyste.ms/projects/1329
853,Neurosift,https://github.com/flatironinstitute/neurosift,active,98.0,9.06554578707295,0,Scientific Software,Peer-reviewed,TypeScript,flatironinstitute,Flatiron Institute,organization,,https://flatironinstitute.org/,pypi,neurosift,20,0,0,1,64,0,720,,29,9,218,7,0.3234782608695652,0.5871559633027523,3,3,"bendichter,h-mayorquin,magland",25,32,4,22,0,0,push:29d release:720d commits:218 active_maint:3 closed:29 merged:22,https://science.ecosyste.ms/projects/684
854,HallThruster.jl,https://github.com/um-pepl/hallthruster.jl,active,100.0,7.049254841255837,0,Scientific Software,Peer-reviewed,Julia,UM-PEPL,Plasmadynamics and Electric Propulsion Laboratory,organization,,pepl.engin.umich.edu,julia,HallThruster,0,0,0,0,36,0,394,,28,11,105,3,0.27241962774957695,0.3904761904761904,2,1,archermarx,5,18,1,10,0,0,push:28d release:394d commits:105 active_maint:1 closed:14 merged:10,https://science.ecosyste.ms/projects/1079
855,ARDL,https://github.com/natsiopoulos/ardl,dormant,93.0,14.04737913529675,0,Scientific Software,Peer-reviewed,R,,,,,,cran,ARDL,1734,1,1,1,21,0,1074,,82,4,10,2,0.20833333333333337,0.4,1,1,Natsiopoulos,0,6,0,6,0,0,push:82d release:1074d commits:10 active_maint:1 closed:6 merged:6,https://science.ecosyste.ms/projects/1330
856,rucrdtw,https://github.com/pboesu/rucrdtw,dormant,93.0,14.01975015005916,0,Scientific Software,Peer-reviewed,C++,pboesu,Philipp Boersch-Supan,user,British Trust for Ornithology,pboesu.github.io,cran,rucrdtw,1431,4,2,1,17,0,962,,145,3,8,1,0.01851851851851849,0.0,1,0,"",0,0,0,0,0,0,push:145d release:962d commits:8 active_maint:0 closed:0 merged:0,https://science.ecosyste.ms/projects/3094
857,The psycho Package,https://github.com/neuropsychology/psycho.r,dormant,93.0,14.000688032739426,0,Scientific Software,Peer-reviewed,HTML,neuropsychology,École de Neuropsychologie,organization,,,cran,psycho,1215,2,5,1,155,0,2018,,175,8,4,2,0.0888888888888889,0.25,1,0,"",0,2,0,2,0,0,push:175d release:2018d commits:1 active_maint:0 closed:2 merged:2,https://science.ecosyste.ms/projects/2913
858,SLAM Toolbox,https://github.com/stevemacenski/slam_toolbox,active,95.0,11.999294448302228,0,Scientific Software,Peer-reviewed,C++,SteveMacenski,Steve Macenski,user,Samsung Research,https://www.steve.macenski.com/,,,0,,,,2561,0,,,18,86,20,13,0.34462151394422313,0.8,2,1,SteveMacenski,38,29,21,19,0,0,push:18d commits:20 active_maint:1 closed:44 merged:19,https://science.ecosyste.ms/projects/1892
859,thurstonianIRT,https://github.com/paul-buerkner/thurstonianirt,dead,95.0,11.99457353381068,0,Scientific Software,Peer-reviewed,R,paul-buerkner,Paul-Christian Bürkner,user,,https://paul-buerkner.github.io/,cran,thurstonianIRT,388,1,1,1,37,0,834,,822,9,0,0,0.09352517985611508,0.0,1,0,"",1,0,0,0,0,0,push:822d release:834d commits:0 active_maint:0 closed:0 merged:0,https://science.ecosyste.ms/projects/2416
860,ugv_nav4d,https://github.com/dfki-ric/ugv_nav4d,active,100.0,6.980075940561763,0,Scientific Software,Peer-reviewed,C++,dfki-ric,"DFKI GmbH, Robotics Innovation Center",organization,,https://robotik.dfki-bremen.de/en/,,,0,,,,63,0,,,99,26,20,3,0.5940054495912807,0.09999999999999998,4,2,"haider8645,pierrewillenbrockdfki",0,4,0,2,0,0,push:99d commits:20 active_maint:2 closed:2 merged:2,https://science.ecosyste.ms/projects/371
861,omock,https://github.com/ohdsi/omock,active,95.0,11.949243036561157,0,,,HTML,OHDSI,Observational Health Data Sciences and Informatics,organization,,http://ohdsi.org,cran,omock,7734,0,0,1,4,0,332,,41,5,131,2,0.4523076923076923,0.26717557251908397,3,3,"catalamarti,ilovemane,edward-burn",30,21,19,14,0,0,push:41d release:332d commits:131 active_maint:3 closed:33 merged:14,https://science.ecosyste.ms/projects/74087
862,overviewR - Easily Explore Your Data in R,https://github.com/cosimameyer/overviewr,active,95.0,11.949217179730427,0,Scientific Software,Peer-reviewed,R,cosimameyer,Cosima Meyer,user,,cosimameyer.com,cran,overviewR,316,0,0,1,54,0,1261,,87,8,16,1,0.1656626506024096,0.0,2,1,cosimameyer,0,2,0,2,0,0,push:87d release:1261d commits:16 active_maint:1 closed:2 merged:2,https://science.ecosyste.ms/projects/1400
863,pocoMC,https://github.com/minaskar/pocomc,dead,95.0,11.938258557715859,0,Scientific Software,Peer-reviewed,Python,minaskar,Minas Karamanis,user,,https://minaskaramanis.com,pypi,pocomc,285,0,0,1,126,0,678,,322,5,0,0,0.4015151515151515,0.0,2,0,"",3,1,0,0,0,0,push:322d release:678d commits:0 active_maint:0 closed:0 merged:0,https://science.ecosyste.ms/projects/1343
864,riccati,https://github.com/fruzsinaagocs/riccati,dead,100.0,6.930494765951627,0,Scientific Software,Peer-reviewed,Python,fruzsinaagocs,Fruzsina Agocs,user,Flatiron Institute,https://fruzsinaagocs.github.io,pypi,riccati,29,1,0,1,12,0,890,,435,3,0,0,0.020000000000000018,0.0,2,0,"",0,1,0,0,0,0,push:435d release:890d commits:0 active_maint:0 closed:0 merged:0,https://science.ecosyste.ms/projects/1103
865,hillR,https://github.com/daijiang/hillr,dormant,95.0,11.918870457915244,0,Scientific Software,Peer-reviewed,R,daijiang,Daijiang Li,user,,https://www.dlilab.com,"cran,conda","hillR,r-hillr",502,3,1,1,36,0,1076,,261,8,3,1,0.43442622950819676,0.0,1,0,"",1,0,1,0,0,0,push:261d release:1076d commits:3 active_maint:0 closed:1 merged:0,https://science.ecosyste.ms/projects/2720
866,DisCoTec,https://github.com/sgpp/discotec,active,100.0,6.907755278982137,0,Scientific Software,Peer-reviewed,C++,SGpp,SG++ development team,organization,,sgpp.sparsegrids.org,spack,discotec,0,0,0,2,9,0,329,,73,25,10,1,0.349165120593692,0.0,6,1,freifrauvonbleifrei,0,3,0,0,0,0,push:73d release:329d commits:10 active_maint:1 closed:1 merged:0,https://science.ecosyste.ms/projects/272
867,Fruitbat,https://github.com/abatten/fruitbat,unknown,100.0,6.907755278982137,0,Scientific Software,Peer-reviewed,Python,abatten,Adam Batten,user,Swinburne University of Technology,https://adambatten.com,pypi,fruitbat,23,1,0,1,17,0,1850,,1661,2,0,0,0.004807692307692291,0.0,1,0,"",0,0,0,0,0,0,push:1661d release:1850d commits:0 active_maint:0 closed:0 merged:0,https://science.ecosyste.ms/projects/2580
868,PyNumDiff,https://github.com/florisvb/pynumdiff,active,100.0,6.907755278982137,0,Scientific Software,Peer-reviewed,Jupyter Notebook,florisvb,Floris van Breugel,user,"University of Nevada, Reno",https://florisvanbreugel.com/,,,0,,,,134,0,,,48,12,246,5,0.4424242424242424,0.06504065040650409,3,2,"pavelkomarov,florisvb",16,13,10,7,0,0,push:48d commits:246 active_maint:2 closed:18 merged:7,https://science.ecosyste.ms/projects/1565
869,tidyfst,https://github.com/hope-data-science/tidyfst,dormant,93.0,13.902075335243097,0,Scientific Software,Peer-reviewed,R,hope-data-science,Hope,user,Chinese Academy of Sciences,,cran,tidyfst,3414,2,2,1,108,0,449,,94,3,9,1,0.019553072625698276,0.0,1,0,"",0,0,0,0,0,0,push:94d release:449d commits:9 active_maint:0 closed:0 merged:0,https://science.ecosyste.ms/projects/2162
870,ChainoPy,https://github.com/aadya940/chainopy,dormant,98.0,8.9005490139363,0,Scientific Software,Peer-reviewed,Jupyter Notebook,aadya940,Aadya Chinubhai,user,,,pypi,chainopy,130,0,0,1,23,0,717,,713,2,0,0,0.0025706940874036244,0.0,1,0,"",7,0,3,0,0,0,push:713d release:717d commits:0 active_maint:0 closed:3 merged:0,https://science.ecosyste.ms/projects/537
871,"dwctaxon, an R package for editing and validating taxonomic data in Darwin Core format",https://github.com/ropensci/dwctaxon,dormant,98.0,8.900276348631271,0,Scientific Software,Peer-reviewed,R,ropensci,rOpenSci,organization,,https://ropensci.org/,cran,dwctaxon,192,0,0,1,10,0,960,,227,2,10,1,0.0073800738007380184,0.0,2,1,joelnitta,3,0,0,0,0,0,push:227d release:960d commits:10 active_maint:1 closed:0 merged:0,https://science.ecosyste.ms/projects/868
872,seesus,https://github.com/caimeng2/seesus,unknown,100.0,6.899723107284872,0,Scientific Software,Peer-reviewed,Python,caimeng2,Meng Cai,user,,,pypi,seesus,30,0,0,1,9,0,842,,734,4,0,0,0.054545454545454564,0.0,0,0,"",0,0,0,0,0,0,push:734d release:842d commits:0 active_maint:0 closed:0 merged:0,https://science.ecosyste.ms/projects/746
873,mei-friend,https://github.com/mei-friend/mei-friend,active,100.0,6.887552571664617,0,Scientific Software,Peer-reviewed,JavaScript,mei-friend,mei-friend,organization,,,,,0,,,,50,0,,,24,16,221,5,0.3851682456713492,0.3891402714932126,4,3,"musicog,annplaksin,wergo",26,5,11,4,0,0,push:24d commits:221 active_maint:3 closed:15 merged:4,https://science.ecosyste.ms/projects/648
874,spiro,https://github.com/ropensci/spiro,dormant,98.0,8.849657406639912,0,Scientific Software,Peer-reviewed,R,ropensci,rOpenSci,organization,,https://ropensci.org/,cran,spiro,248,0,0,1,15,0,527,,30,2,6,1,0.002590673575129543,0.0,2,1,smnnlt,1,2,1,2,0,0,push:30d release:527d commits:6 active_maint:1 closed:3 merged:2,https://science.ecosyste.ms/projects/1268
875,The sspm R package for spatially-explicit surplus production population models,https://github.com/pedersen-fisheries-lab/sspm,dormant,98.0,8.836373930927389,0,Scientific Software,Peer-reviewed,R,pedersen-fisheries-lab,Pedersen Quantitative Fisheries Lab,organization,,https://www.pedersenfisherieslab.com/,cran,sspm,171,0,0,1,3,0,533,,261,5,5,1,0.010779961953075512,0.0,1,0,"",0,2,0,2,0,0,push:261d release:533d commits:5 active_maint:0 closed:2 merged:2,https://science.ecosyste.ms/projects/1094
876,tomso,https://github.com/warrickball/tomso,dormant,100.0,6.828712071641684,0,Scientific Software,Peer-reviewed,Gnuplot,warrickball,Warrick Ball,user,University of Birmingham,warrickball.gitlab.io,"alpine,pypi","py3-tomso-pyc,py3-tomso,tomso",62,1,1,1,8,0,1197,,253,2,1,1,0.025236593059936863,0.0,1,0,"",1,0,1,0,0,0,push:253d release:1197d commits:1 active_maint:0 closed:1 merged:0,https://science.ecosyste.ms/projects/1504
877,NcCut,https://github.com/rchartra/nccut,dormant,100.0,6.822197390620491,0,Scientific Software,Peer-reviewed,Python,rchartra,,user,,,pypi,nccut,33,0,0,1,9,0,532,,521,3,0,0,0.05287356321839076,0.0,1,0,"",36,15,36,15,0,0,push:521d release:532d commits:0 active_maint:0 closed:51 merged:15,https://science.ecosyste.ms/projects/274
878,MetSim,https://github.com/uw-hydro/metsim,unknown,95.0,11.820071872209613,0,Scientific Software,Peer-reviewed,Python,UW-Hydro,UW Hydro | Computational Hydrology,organization,,https://uw-hydro.github.io/,"go,pypi,conda","github.com/uw-hydro/metsim,metsim,github.com/UW-Hydro/MetSim",80,1,0,1,67,0,997,,997,18,0,0,0.25656565656565655,0.0,5,0,"",0,0,0,0,0,0,push:997d release:997d commits:0 active_maint:0 closed:0 merged:0,https://science.ecosyste.ms/projects/2267
879,greeks,https://github.com/ahudde/greeks,active,93.0,13.81525452519068,0,Scientific Software,Peer-reviewed,R,ahudde,,user,,,cran,greeks,467,0,0,1,8,0,515,,13,6,12,1,0.3966480446927374,0.0,1,0,"",0,1,0,0,0,0,push:13d release:515d commits:12 active_maint:0 closed:0 merged:0,https://science.ecosyste.ms/projects/778
880,The Vascular Modeling Toolkit,https://github.com/vmtk/vmtk,active,95.0,11.812214910463725,0,Scientific Software,Peer-reviewed,C++,vmtk,vmtk - the Vascular Modeling Toolkit,organization,,www.vmtk.org,"pypi,conda",vmtk,0,3,1,2,426,0,1078,,8,48,83,10,0.7338957055214723,0.4337349397590361,2,0,"",4,16,3,15,0,0,push:8d release:1078d commits:83 active_maint:0 closed:19 merged:15,https://science.ecosyste.ms/projects/2845
881,GrainLearning,https://github.com/grainlearning/grainlearning,dormant,98.0,8.776475789346321,0,Scientific Software,Peer-reviewed,Jupyter Notebook,GrainLearning,GrainLearning,organization,,,pypi,grainlearning,22,1,0,1,11,0,492,,36,10,4,1,0.6003401360544218,0.0,4,0,"",1,16,0,8,0,0,push:36d release:492d commits:4 active_maint:0 closed:14 merged:8,https://science.ecosyste.ms/projects/722
882,AlgebraOfGraphics.jl: A Makie-powered algebraic grammar of graphics for Julia,https://github.com/makieorg/algebraofgraphics.jl,active,89.0,17.760821462154993,0,,,Julia,MakieOrg,MakieOrg,organization,,makie.org,julia,AlgebraOfGraphics,2033,0,8,0,518,0,179,,10,46,80,10,0.4770514603616134,0.19999999999999996,7,3,"jkrumbiegel,greimel,juliohm",11,44,5,37,0,0,push:10d release:179d commits:73 active_maint:3 closed:45 merged:37,https://science.ecosyste.ms/projects/815377
883,Ripserer.jl,https://github.com/mtsch/ripserer.jl,active,98.0,8.74957394808293,0,Scientific Software,Peer-reviewed,Julia,mtsch,,user,,,julia,Ripserer,0,0,1,0,81,0,363,,31,3,4,3,0.0430622009569378,0.5,1,1,mtsch,2,4,2,3,0,0,push:31d release:363d commits:3 active_maint:1 closed:5 merged:3,https://science.ecosyste.ms/projects/2089
884,Microbiome.jl and BiobakeryUtils.jl - Julia packages for working with microbial community data,https://github.com/ecojulia/microbiome.jl,active,98.0,8.743531633626967,0,Scientific Software,Peer-reviewed,Julia,EcoJulia,EcoJulia,organization,,https://ecojulia.org/,julia,Microbiome,0,4,2,0,48,0,1077,,14,10,0,0,0.08088235294117652,0.0,3,0,"",0,0,0,0,0,0,push:14d release:1077d commits:0 active_maint:0 closed:0 merged:0,https://science.ecosyste.ms/projects/1690
885,RAMP,https://github.com/ramp-project/ramp,dead,95.0,11.709149926933174,0,Scientific Software,Peer-reviewed,Python,RAMP-project,RAMP,organization,,,"pypi,go","rampdemand,github.com/ramp-project/ramp",75,0,0,3,80,0,783,,431,14,0,0,0.4946043165467626,0.0,6,0,"",1,2,0,0,0,0,push:431d release:783d commits:0 active_maint:0 closed:0 merged:0,https://science.ecosyste.ms/projects/641
886,EmissV,https://github.com/atmoschem/emissv,dormant,95.0,11.689631282978548,0,Scientific Software,Peer-reviewed,R,atmoschem,ATMOSCHEM,organization,,,"go,cran","github.com/atmoschem/emissv,EmissV,github.com/atmoschem/EmissV",677,0,0,1,46,0,2863,,113,4,7,1,0.07561436672967858,0.0,2,0,"",3,0,3,0,0,0,push:113d release:2863d commits:7 active_maint:0 closed:3 merged:0,https://science.ecosyste.ms/projects/2753
887,HOHQMesh,https://github.com/trixi-framework/hohqmesh,dormant,100.0,6.672032945461067,0,Scientific Software,Peer-reviewed,Fortran,trixi-framework,Trixi.jl,organization,,https://trixi-framework.github.io,spack,hohqmesh,0,0,0,1,95,0,768,,12,11,21,5,0.471604938271605,0.33333333333333337,8,3,"andrewwinters5000,DanielDoehring,fluidnumericsJoe",5,13,2,12,0,0,push:12d release:768d commits:7 active_maint:3 closed:14 merged:12,https://science.ecosyste.ms/projects/354
888,nequip,https://github.com/mir-group/nequip,active,85.0,21.66868863769428,0,,,Python,mir-group,MIR@Harvard,organization,,http://bkoz.seas.harvard.edu,"pypi,conda",nequip,151040,7,1,3,945,0,340,,11,42,512,27,0.5853328827306523,0.154296875,6,1,cw-tan,12,36,8,16,0,0,push:11d release:340d commits:512 active_maint:1 closed:34 merged:16,https://science.ecosyste.ms/projects/5061
889,QSOnic,https://github.com/p-slash/qsonic,dormant,100.0,6.659293919683638,0,Scientific Software,Peer-reviewed,Python,p-slash,Naim Goksel Karacayli,user,,,pypi,qsonic,25,0,0,1,3,0,741,,741,5,0,0,0.22770700636942676,0.0,2,0,"",0,1,0,1,0,0,push:741d release:741d commits:0 active_maint:0 closed:1 merged:1,https://science.ecosyste.ms/projects/711
890,IMPPY3D,https://github.com/usnistgov/imppy3d,dormant,98.0,8.651724084373843,0,Scientific Software,Peer-reviewed,Python,usnistgov,National Institute of Standards and Technology,organization,,https://www.nist.gov,pypi,imppy3d,64,0,0,1,30,0,553,,22,6,11,2,0.26595744680851063,0.18181818181818177,1,0,"",0,5,0,4,0,0,push:22d release:553d commits:11 active_maint:0 closed:4 merged:4,https://science.ecosyste.ms/projects/232
891,Simmate,https://github.com/jacksund/simmate,active,95.0,11.64736894151972,0,Scientific Software,Peer-reviewed,Python,jacksund,Jack Sundberg,user,Corteva Agriscience,jacksund.github.io,"pypi,conda",simmate,153,0,1,1,37,0,466,,4,9,185,3,0.11081619110816188,0.08108108108108103,1,1,jacksund,3,75,3,55,0,0,push:4d release:466d commits:171 active_maint:1 closed:63 merged:55,https://science.ecosyste.ms/projects/1455
892,CWInPy,https://github.com/cwinpy/cwinpy,active,100.0,6.643789733147672,0,Scientific Software,Peer-reviewed,Python,cwinpy,cwinpy,organization,,,"pypi,conda",cwinpy,13,1,0,1,9,0,472,,47,6,94,2,0.015728977616454975,0.1063829787234043,0,0,"",0,1,0,0,0,0,push:47d release:472d commits:94 active_maint:0 closed:1 merged:0,https://science.ecosyste.ms/projects/1389
893,TUM Open Infra Platform,https://github.com/tumcms/open-infra-platform,unknown,98.0,8.640472207576408,0,Scientific Software,Peer-reviewed,C++,tumcms,TUM Chair of Computational Modeling and Simulation,organization,,https://www.cms.bgu.tum.de/en/,,,0,,,,56,0,,,1185,28,0,0,0.7370165745856354,0.0,4,0,"",0,0,0,0,0,0,push:1185d commits:0 active_maint:0 closed:0 merged:0,https://science.ecosyste.ms/projects/1530
894,experDesign,https://github.com/llrs/experdesign,dormant,98.0,8.637639344492104,0,Scientific Software,Peer-reviewed,R,llrs,Lluís Revilla,user,@irsi-tiv,https://llrs.dev,cran,experDesign,281,0,0,1,10,0,801,,417,1,0,0,0.0,0.0,1,1,llrs,4,0,1,0,0,0,push:417d release:801d commits:0 active_maint:1 closed:1 merged:0,https://science.ecosyste.ms/projects/1683
895,Adamantine 1.0,https://github.com/adamantine-sim/adamantine,active,100.0,6.628041376179533,0,Scientific Software,Peer-reviewed,C++,adamantine-sim,adamantine-sim,organization,,,,,0,,,,55,0,,,8,11,107,5,0.3203214695752009,0.4392523364485982,4,4,"Rombur,masterleinad,stvdwtt,AshGannon",6,47,1,31,0,0,push:8d commits:107 active_maint:4 closed:34 merged:31,https://science.ecosyste.ms/projects/443
896,Ecological Metadata as Linked Data,https://github.com/ropensci/emld,dormant,95.0,11.627824345446749,0,Scientific Software,Peer-reviewed,R,ropensci,rOpenSci,organization,,https://ropensci.org/,"cran,conda","emld,r-emld",758,14,5,1,14,0,2132,,196,6,7,2,0.17142857142857137,0.1428571428571429,3,3,"cboettig,mbjones,peterdesmet",3,1,2,1,0,0,push:196d release:2132d commits:7 active_maint:3 closed:3 merged:1,https://science.ecosyste.ms/projects/2646
897,TauFactor 2,https://github.com/tldr-group/taufactor,active,95.0,11.622568796266197,0,Scientific Software,Peer-reviewed,Python,tldr-group,tldr group,organization,,https://tldr-group.github.io/#/,pypi,taufactor,544,0,0,3,37,0,514,,26,6,46,1,0.5823293172690763,0.0,2,0,"",1,10,0,9,0,0,push:26d release:514d commits:46 active_maint:0 closed:9 merged:9,https://science.ecosyste.ms/projects/1043
898,lenstronomy II,https://github.com/sibirrer/lenstronomy,active,100.0,6.6120410348330925,0,Scientific Software,Peer-reviewed,Python,sibirrer,Simon Birrer,user,Stony Brook University,https://sibirrer.github.io,,,0,,,,14,0,,,13,67,407,13,0.6461784075034923,0.6756756756756757,0,0,"",0,0,0,0,0,0,push:13d commits:309 active_maint:0 closed:0 merged:0,https://science.ecosyste.ms/projects/1865
899,harmonize-wq,https://github.com/usepa/harmonize-wq,active,98.0,8.594154232552366,0,Scientific Software,Peer-reviewed,Python,USEPA,U.S. Environmental Protection Agency,organization,,https://www.epa.gov,pypi,harmonize-wq,23,0,0,1,19,0,708,,23,6,60,3,0.08787346221441128,0.4666666666666667,2,1,jbousquin,16,26,8,13,0,0,push:23d release:708d commits:32 active_maint:1 closed:29 merged:13,https://science.ecosyste.ms/projects/439
900,MorphoPy,https://github.com/berenslab/morphopy,active,95.0,11.59210626284467,0,Scientific Software,Peer-reviewed,Python,berenslab,Berens Lab @ University of Tübingen,organization,,https://hertie.ai/data-science,pypi,morphopy,202,1,1,1,48,0,1283,,283,12,18,3,0.41980198019801984,0.2777777777777778,1,0,"",5,4,4,4,0,0,push:283d release:1283d commits:18 active_maint:0 closed:8 merged:4,https://science.ecosyste.ms/projects/2175
901,OfflineMOT,https://github.com/engyasin/offline_mot,unknown,100.0,6.590301048196686,0,Scientific Software,Peer-reviewed,Python,engyasin,Yasin M. Yousif,user,,https://engyasin.github.io/,pypi,offlinemot,12,1,0,1,14,0,1221,,1221,4,0,0,0.03448275862068961,0.0,0,0,"",0,0,0,0,0,0,push:1221d release:1221d commits:0 active_maint:0 closed:0 merged:0,https://science.ecosyste.ms/projects/1487
902,PII-Codex,https://github.com/edyvision/pii-codex,dormant,98.0,8.586346050104554,0,Scientific Software,Peer-reviewed,Python,EdyVision,Eidan Rosado,user,,https://eidanrosado.com,pypi,pii-codex,56,0,0,1,101,0,1138,,165,1,5,1,0.0,0.0,1,1,EdyVision,0,4,0,3,0,0,push:165d release:1138d commits:5 active_maint:1 closed:3 merged:3,https://science.ecosyste.ms/projects/1099
903,SkyPortal,https://github.com/skyportal/skyportal,active,95.0,11.560800925211261,0,Scientific Software,Peer-reviewed,Python,skyportal,Skyportal,organization,,http://skyportal.io/docs/,pypi,skyportal,8,0,0,1,127,0,408,,7,49,384,8,0.7720351704911002,0.5625,5,3,"camilledzt,antoine-le-calloch,stefanv",15,169,2,81,0,0,push:7d release:408d commits:216 active_maint:3 closed:99 merged:81,https://science.ecosyste.ms/projects/2576
904,SphericalScattering,https://github.com/hobezwe/sphericalscattering.jl,dormant,100.0,6.536691597591305,0,Scientific Software,Peer-reviewed,Julia,HoBeZwe,hobe,user,,,julia,SphericalScattering,0,0,0,0,25,0,485,,461,6,0,0,0.23225806451612907,0.0,2,0,"",1,0,1,0,0,0,push:461d release:485d commits:0 active_maint:0 closed:1 merged:0,https://science.ecosyste.ms/projects/908
905,Bacting,https://github.com/egonw/bacting,active,98.0,8.535425959677296,0,Scientific Software,Peer-reviewed,Java,egonw,Egon Willighagen,user,@BiGCAT-UM,https://chem-bla-ics.blogspot.com/,maven,"io.github.egonw.bacting:managers-xml,io.github.egonw.bacting:net.bioclipse.managers.doi,io.github.egonw.bacting:managers-semweb,io.github.egonw.bacting:managers-rdf,io.github.egonw.bacting:managers-oscar,io.github.egonw.bacting:managers-biojava,io.github.egonw.bacting:net.bioclipse.managers.duckduckgo,io.github.egonw.bacting:net.bioclipse.managers.jsoup,io.github.egonw.bacting:managers-opsin,io.github.egonw.bacting:net.bioclipse.managers.wikidata,io.github.egonw.bacting:managers-core,io.github.egonw.bacting:managers-cdkdebug,io.github.egonw.bacting:bacting-core,io.github.egonw.bacting:managers-chemspider,io.github.egonw.bacting:managers-pubchem,io.github.egonw.bacting:bacting-bundle,io.github.egonw.bacting:managers-inchi,io.github.egonw.bacting:managers-nm,io.github.egonw.bacting:managers-ui,io.github.egonw.bacting:managers-bridgedb,io.github.egonw.bacting:managers-cdk,io.github.egonw.bacting:managers-cheminfo,io.github.egonw.bacting:managers-excel,io.github.egonw.bacting:net.bioclipse.managers.pubmed,io.github.egonw.bacting:managers-search,io.github.egonw.bacting:managers-bioinfo,io.github.egonw.bacting:bacting",0,1,15,0,22,0,348,,20,3,87,2,0.0033632286995515237,0.02298850574712641,1,1,egonw,1,6,0,2,0,0,push:20d release:348d commits:87 active_maint:1 closed:3 merged:2,https://science.ecosyste.ms/projects/1850
906,patRoon 2.0,https://github.com/rickhelmus/patroon,active,100.0,6.522092798170153,0,Scientific Software,Peer-reviewed,C,rickhelmus,,user,,,,,0,,,,79,0,,,27,9,1578,3,0.060720130932896854,0.027249683143219294,0,0,"",23,5,9,1,0,0,push:27d commits:1571 active_maint:0 closed:11 merged:1,https://science.ecosyste.ms/projects/1582
907,EFAtools,https://github.com/mdsteiner/efatools,active,95.0,11.518211469399466,0,Scientific Software,Peer-reviewed,R,mdsteiner,Markus Steiner,user,,,cran,EFAtools,1115,0,1,1,10,0,365,,1,7,172,2,0.3117241379310345,0.05813953488372092,2,0,"",8,4,7,2,0,0,push:1d release:365d commits:172 active_maint:0 closed:10 merged:2,https://science.ecosyste.ms/projects/2126
908,daiquiri,https://github.com/ropensci/daiquiri,dormant,95.0,11.51462402160581,0,Scientific Software,Peer-reviewed,R,ropensci,rOpenSci,organization,,https://ropensci.org/,cran,daiquiri,741,0,0,1,40,0,401,,12,4,6,2,0.019736842105263164,0.16666666666666663,2,0,"",1,1,0,1,0,0,push:12d release:401d commits:6 active_maint:0 closed:1 merged:1,https://science.ecosyste.ms/projects/1289
909,mcboost,https://github.com/mlr-org/mcboost,dormant,95.0,11.513085452171593,0,Scientific Software,Peer-reviewed,R,mlr-org,mlr-org,organization,,https://mlr-org.com,cran,mcboost,328,0,0,1,33,0,371,,371,8,2,1,0.47986577181208057,0.0,6,0,"",2,0,0,0,0,0,push:371d release:371d commits:2 active_maint:0 closed:0 merged:0,https://science.ecosyste.ms/projects/1811
910,`NGSTrefftz`,https://github.com/paulst/ngstrefftz,active,95.0,11.505296437805736,0,Scientific Software,Peer-reviewed,C++,PaulSt,Paul Stocker,user,,paulst.github.io,pypi,"ngstrefftz-avx2,ngstrefftz-src,ngstrefftz",653,1,0,1,16,0,413,,31,8,66,3,0.3350471293916024,0.13636363636363635,2,0,"",0,0,0,0,0,0,push:31d release:413d commits:66 active_maint:0 closed:0 merged:0,https://science.ecosyste.ms/projects/1558
911,rsimsum,https://github.com/ellessenne/rsimsum,active,95.0,11.500690927301886,0,Scientific Software,Peer-reviewed,R,ellessenne,Alessandro Gasparini,user,@RedDoorAnalytics,https://www.ellessenne.xyz,cran,rsimsum,390,1,0,1,31,0,879,,99,7,27,1,0.29541864139020535,0.0,1,1,ellessenne,4,0,2,0,0,0,push:99d release:879d commits:27 active_maint:1 closed:2 merged:0,https://science.ecosyste.ms/projects/2829
912,CluSim,https://github.com/hoosier-clusters/clusim,dormant,95.0,11.496857056791164,0,Scientific Software,Peer-reviewed,Python,,,,,,pypi,clusim,151,2,0,1,72,0,2365,,280,9,1,1,0.3138686131386861,0.0,2,0,"",0,0,0,0,0,0,push:280d release:2365d commits:1 active_maint:0 closed:0 merged:0,https://science.ecosyste.ms/projects/2623
913,ASTE,https://github.com/precice/aste,active,100.0,6.486160788944089,0,Scientific Software,Peer-reviewed,Python,precice,preCICE,organization,,https://precice.org,,,0,,,,11,0,,,3,18,17,6,0.7081967213114755,0.5882352941176471,5,3,"davidscn,fsimonis,MakisH",1,10,0,7,0,0,push:3d commits:13 active_maint:3 closed:7 merged:7,https://science.ecosyste.ms/projects/398
914,Singularity-EOS,https://github.com/lanl/singularity-eos,active,98.0,8.483843211734683,0,Scientific Software,Peer-reviewed,C++,lanl,Los Alamos National Laboratory,organization,,https://www.lanl.gov/,,,0,,,,37,0,,,10,45,468,11,0.5964169381107491,0.3504273504273504,22,6,"jhp-lanl,Yurlungur,adamdempsey90,bgclayton-lanl,rbberger,buechlerm",12,61,1,34,0,0,push:10d commits:468 active_maint:6 closed:37 merged:34,https://science.ecosyste.ms/projects/416
915,CalibrateEmulateSample.jl,https://github.com/clima/calibrateemulatesample.jl,active,98.0,8.465899897028686,0,Scientific Software,Peer-reviewed,Julia,CliMA,Climate Modeling Alliance,organization,,https://clima.caltech.edu,julia,CalibrateEmulateSample,0,0,0,0,90,0,485,,1,24,53,7,0.4631578947368421,0.5094339622641509,11,2,"odunbar,ArneBouillon",14,20,6,13,0,0,push:1d release:485d commits:43 active_maint:2 closed:20 merged:13,https://science.ecosyste.ms/projects/714
916,adaptr,https://github.com/inceptdk/adaptr,active,93.0,13.462030504922062,0,Scientific Software,Peer-reviewed,R,INCEPTdk,INCEPT,organization,,www.incept.dk,cran,adaptr,330,0,0,1,16,0,818,,120,2,23,1,0.22344322344322343,0.0,0,0,"",1,1,1,0,0,0,push:120d release:818d commits:23 active_maint:0 closed:2 merged:0,https://science.ecosyste.ms/projects/1529
917,gemlog,https://github.com/ajakef/gemlog,dormant,95.0,11.450432849539578,0,Scientific Software,Peer-reviewed,Python,ajakef,Jake Anderson,user,,,pypi,gemlog,919,1,0,1,12,0,754,,7,6,3,1,0.13432835820895528,0.0,2,0,"",0,0,0,0,0,0,push:7d release:754d commits:3 active_maint:0 closed:0 merged:0,https://science.ecosyste.ms/projects/1102
918,SMART,https://github.com/rangamanilabucsd/smart,dormant,95.0,11.415863752127098,0,Scientific Software,Peer-reviewed,Python,RangamaniLabUCSD,RangamaniLabUCSD,organization,,https://sites.google.com/eng.ucsd.edu/prangamani,pypi,fenics-smart,273,0,0,2,13,0,400,,36,11,2,2,0.6597796143250689,0.5,6,2,"ctlee,emmetfrancis",0,6,0,3,0,0,push:36d release:400d commits:2 active_maint:2 closed:3 merged:3,https://science.ecosyste.ms/projects/948
919,PyProBE,https://github.com/imperialcollegelondon/pyprobe,active,95.0,11.410959182380418,0,Scientific Software,Peer-reviewed,Python,ImperialCollegeLondon,Imperial College London,organization,,,pypi,pyprobe-data,172,0,0,1,51,0,359,,8,9,95,6,0.10739299610894937,0.5368421052631579,4,2,"tomjholland,NicolaCourtier",6,66,1,32,0,0,push:8d release:359d commits:52 active_maint:2 closed:35 merged:32,https://science.ecosyste.ms/projects/295
920,SetVis,https://github.com/alan-turing-institute/setvis,dormant,98.0,8.403800504061147,0,Scientific Software,Peer-reviewed,Python,alan-turing-institute,The Alan Turing Institute,organization,,https://turing.ac.uk,pypi,setvis,30,0,0,1,5,0,651,,623,8,0,0,0.3580246913580247,0.0,4,0,"",3,10,2,8,0,0,push:623d release:651d commits:0 active_maint:0 closed:12 merged:8,https://science.ecosyste.ms/projects/411
921,py_neuromodulation,https://github.com/neuromodulation/py_neuromodulation,active,95.0,11.396773598234182,0,Scientific Software,Peer-reviewed,Python,neuromodulation,Interventional Cognitive Neuromodulation - Neumann Lab Berlin,organization,,www.icneuromodulation.org,pypi,py-neuromodulation,140,1,0,1,77,0,366,,176,15,13,3,0.3284356093344858,0.3076923076923077,3,2,"toni-neurosc,ahmedtarek-",15,19,6,11,0,0,push:176d release:366d commits:13 active_maint:2 closed:18 merged:11,https://science.ecosyste.ms/projects/33
922,Empirical and non-parametric copula models with the cort R package,https://github.com/lrnv/cort,unknown,93.0,13.387112488171596,0,Scientific Software,Peer-reviewed,R,lrnv,Oskar Laverny,user,UCLouvain,actuarial.science,cran,cort,0,0,0,1,6,0,2067,,546,4,0,0,0.0267857142857143,0.0,1,0,"",0,0,0,0,0,0,pkg:removed push:546d release:2067d commits:0 active_maint:0 closed:0 merged:0,https://science.ecosyste.ms/projects/2033
923,PhaseFieldX,https://github.com/castillonmiguel/phasefieldx,active,98.0,8.383433201236713,0,Scientific Software,Peer-reviewed,Python,CastillonMiguel,Miguel Castillon,user,,,pypi,phasefieldx,80,0,0,1,64,0,403,,12,2,72,1,0.004166666666666652,0.0,1,1,CastillonMiguel,4,11,1,8,0,0,push:12d release:403d commits:72 active_maint:1 closed:9 merged:8,https://science.ecosyste.ms/projects/219
924,FaaSr,https://github.com/faasr/faasr-package,dormant,95.0,11.38286233667203,0,Scientific Software,Peer-reviewed,R,FaaSr,FaaSr,organization,,https://faasr.io,cran,FaaSr,256,0,0,1,9,0,482,,373,12,8,3,0.2569169960474308,0.375,0,0,"",4,29,1,26,0,0,push:373d release:482d commits:8 active_maint:0 closed:27 merged:26,https://science.ecosyste.ms/projects/420
925,Contextualized,https://github.com/cnellington/contextualized,active,95.0,11.372973504542783,0,Scientific Software,Peer-reviewed,Python,cnellington,Caleb Ellington,user,Carnegie Mellon University,https://calebellington.com/,pypi,contextualized-ml,53,0,0,1,76,0,543,,358,18,65,9,0.4692737430167597,0.7384615384615385,4,3,"CheeseLee888,cnellington,Samuel-WM",4,27,2,16,0,0,push:358d release:543d commits:65 active_maint:3 closed:24 merged:16,https://science.ecosyste.ms/projects/712
926,simpleCache,https://github.com/databio/simplecache,dormant,95.0,11.36766845231309,0,Scientific Software,Peer-reviewed,R,databio,Databio,organization,,https://databio.org,"cran,conda","simpleCache,r-simplecache",312,6,0,1,35,0,1930,,152,5,4,1,0.6067961165048543,0.0,3,1,nsheff,1,1,1,1,0,0,push:152d release:1930d commits:4 active_maint:1 closed:2 merged:1,https://science.ecosyste.ms/projects/2936
927,BCEA,https://github.com/n8thangreen/bcea,active,100.0,6.363028103540465,0,Scientific Software,Peer-reviewed,R,n8thangreen,Dr Nathan Green,user,University College London (UCL),https://n8thangreen.github.io/,,,0,,,,2,0,,,1,10,32,2,0.35903337169159955,0.21875,2,1,n8thangreen,5,3,1,1,0,0,push:1d commits:32 active_maint:1 closed:2 merged:1,https://science.ecosyste.ms/projects/1407
928,OPEM,https://github.com/ecsim/opem,dormant,93.0,13.361254285686178,0,Scientific Software,Peer-reviewed,Python,ECSIM,ECSIM,organization,,https://ecsim.ir,pypi,opem,257,1,1,1,230,0,866,,17,11,0,0,0.12192902638762515,0.0,1,0,"",0,18,0,6,0,0,push:17d release:866d commits:0 active_maint:0 closed:16 merged:6,https://science.ecosyste.ms/projects/2813
929,LIBSsa,https://github.com/kstenio/libssa,dormant,100.0,6.3561076606958915,0,Scientific Software,Peer-reviewed,Python,kstenio,Kleydson Stenio,user,UFSCar,,pypi,libssa,23,0,0,1,15,0,655,,649,2,0,0,0.021126760563380254,0.0,1,0,"",2,12,0,12,0,0,push:649d release:655d commits:0 active_maint:0 closed:12 merged:12,https://science.ecosyste.ms/projects/871
930,Hexatomic,https://github.com/hexatomic/hexatomic,unknown,100.0,6.356107660695891,0,Scientific Software,Peer-reviewed,Java,hexatomic,Hexatomic research project,organization,,,,,0,,,,17,0,,,610,8,0,0,0.44981305723324705,0.0,0,0,"",0,0,0,0,0,0,push:610d commits:0 active_maint:0 closed:0 merged:0,https://science.ecosyste.ms/projects/1106
931,Osprey,https://github.com/msmbuilder/osprey,unknown,95.0,11.354609455523073,0,Scientific Software,Peer-reviewed,Python,msmbuilder,MSMBuilder,organization,,http://msmbuilder.org,pypi,osprey,63,2,0,2,73,0,3612,,2069,14,0,0,0.6817325800376648,0.0,3,0,"",0,0,0,0,0,0,push:2069d release:3612d commits:0 active_maint:0 closed:0 merged:0,https://science.ecosyste.ms/projects/3110
932,Crowsetta,https://github.com/vocalpy/crowsetta,active,93.0,13.335650513455164,0,Scientific Software,Peer-reviewed,Python,vocalpy,VocalPy,organization,,https://forum.vocalpy.org/,"conda,pypi",crowsetta,2094,5,4,1,62,0,378,,226,3,12,1,0.2572383073496659,0.0,1,1,NickleDave,8,12,6,7,0,0,push:226d release:378d commits:12 active_maint:1 closed:14 merged:7,https://science.ecosyste.ms/projects/1182
933,phylogram,https://github.com/ropensci/phylogram,unknown,93.0,13.331047696028085,0,Scientific Software,Peer-reviewed,R,ropensci,rOpenSci,organization,,https://ropensci.org/,"conda,cran","r-phylogram,phylogram",595,8,5,1,12,0,2271,,2425,2,0,0,0.011627906976744207,0.0,0,0,"",0,0,0,0,0,0,push:2425d release:2271d commits:0 active_maint:0 closed:0 merged:0,https://science.ecosyste.ms/projects/2824
934,pref_voting,https://github.com/voting-tools/pref_voting,active,95.0,11.33082788309202,0,Scientific Software,Peer-reviewed,HTML,voting-tools,Voting Tools,organization,,https://pref-voting.readthedocs.io/en/latest/,pypi,pref-voting,1207,0,0,1,28,0,332,,26,4,63,4,0.49523809523809526,0.38095238095238093,0,0,"",3,33,0,22,0,0,push:26d release:332d commits:63 active_maint:0 closed:25 merged:22,https://science.ecosyste.ms/projects/303
935,Pyrgg,https://github.com/sepandhaghighi/pyrgg,active,93.0,13.310375379526649,0,Scientific Software,Peer-reviewed,Python,sepandhaghighi,Sepand Haghighi,user,Denu,https://www.sepand.tech,pypi,pyrgg,340,3,1,2,222,0,338,,23,8,20,3,0.18993710691823895,0.25,2,2,"sepandhaghighi,sadrasabouri",1,37,0,17,0,0,push:23d release:338d commits:19 active_maint:2 closed:31 merged:17,https://science.ecosyste.ms/projects/2983
936,Snk,https://github.com/wytamma/snk,dormant,95.0,11.304719786020225,0,Scientific Software,Peer-reviewed,Python,Wytamma,Wytamma Wirth,user,,http://www.wytamma.com/,pypi,snk,195,1,5,1,67,0,593,,281,6,1,1,0.025362318840579712,0.0,2,1,Wytamma,17,13,8,12,0,0,push:281d release:593d commits:1 active_maint:1 closed:20 merged:12,https://science.ecosyste.ms/projects/376
937,TopSearch,https://github.com/ibm/topography-searcher,dead,98.0,8.293049139768444,0,Scientific Software,Peer-reviewed,Python,IBM,International Business Machines,organization,,https://www.ibm.com/opensource/,pypi,topsearch,36,0,0,1,23,0,827,,315,6,0,0,0.45251396648044695,0.0,2,0,"",0,2,0,0,0,0,push:315d release:827d commits:0 active_maint:0 closed:0 merged:0,https://science.ecosyste.ms/projects/615
938,gridwxcomp,https://github.com/wswup/gridwxcomp,dormant,98.0,8.282988692742602,0,Scientific Software,Peer-reviewed,Python,WSWUP,Western States Water Use Program (WSWUP),organization,,https://www.dri.edu/western-states-water-use-program,"go,pypi","github.com/WSWUP/gridwxcomp,gridwxcomp,github.com/wswup/gridwxcomp",42,0,0,1,20,0,567,,178,4,0,0,0.125,0.0,1,0,"",2,2,1,2,0,0,push:178d release:567d commits:0 active_maint:0 closed:3 merged:2,https://science.ecosyste.ms/projects/315
939,cottoncandy,https://github.com/gallantlab/cottoncandy,active,95.0,11.279352718165478,0,Scientific Software,Peer-reviewed,Jupyter Notebook,gallantlab,gallantlab,organization,,,pypi,cottoncandy,60,1,0,4,34,0,2473,,9,23,34,6,0.5188172043010753,0.5,1,1,kroq-gar78,1,24,1,17,0,0,push:9d release:2473d commits:25 active_maint:1 closed:18 merged:17,https://science.ecosyste.ms/projects/2783
940,ThermoParser,https://github.com/smtg-bham/thermoparser,dormant,100.0,6.272877006546167,0,Scientific Software,Peer-reviewed,Python,SMTG-Bham,Scanlon Materials Theory Group,organization,,http://davidscanlon.com,,,0,,,,54,0,,,447,10,0,0,0.5709219858156028,0.0,3,0,"",1,14,0,14,0,0,push:447d commits:0 active_maint:0 closed:14 merged:14,https://science.ecosyste.ms/projects/692
941,dorado,https://github.com/passah2o/dorado,active,95.0,11.259451563848184,0,Scientific Software,Peer-reviewed,Python,passaH2O,PassaH2O Group,organization,,https://sites.google.com/site/passalacquagroup/home,"go,pypi","github.com/passaH2O/dorado,pydorado,github.com/passah2o/dorado",196,1,0,2,65,0,344,,23,8,38,4,0.3489010989010989,0.5263157894736843,2,1,elbeejay,2,5,0,4,0,0,push:23d release:344d commits:38 active_maint:1 closed:4 merged:4,https://science.ecosyste.ms/projects/2082
942,wdpar,https://github.com/prioritizr/wdpar,dormant,95.0,11.25896181631613,0,Scientific Software,Peer-reviewed,R,prioritizr,prioritizr,organization,,,"conda,go,cran","r-wdpar,github.com/prioritizr/wdpar,wdpar",942,2,0,1,41,0,661,,185,2,6,1,0.0032679738562091387,0.0,2,1,jeffreyhanson,6,5,3,5,0,0,push:185d release:661d commits:6 active_maint:1 closed:8 merged:5,https://science.ecosyste.ms/projects/1362
943,ggvoronoi,https://github.com/garretrc/ggvoronoi,unknown,95.0,11.257568591291367,0,Scientific Software,Peer-reviewed,HTML,garretrc,Robert Garrett,user,,,cran,ggvoronoi,412,5,3,1,44,0,1434,,940,4,0,0,0.1428571428571429,0.0,0,0,"",0,0,0,0,0,0,pkg:removed push:940d release:1434d commits:0 active_maint:0 closed:0 merged:0,https://science.ecosyste.ms/projects/2704
944,RIAssigner,https://github.com/recetox/riassigner,active,95.0,11.230628864794786,0,Scientific Software,Peer-reviewed,Python,RECETOX,RECETOX,organization,,https://www.recetox.muni.cz/,pypi,riassigner,455,1,0,1,7,0,352,,8,12,42,3,0.5336879432624113,0.30952380952380953,3,1,hechth,2,16,1,11,0,0,push:8d release:352d commits:29 active_maint:1 closed:14 merged:11,https://science.ecosyste.ms/projects/1452
945,byteparsing,https://github.com/parallelwindfarms/byteparsing,unknown,100.0,6.222576268071369,0,Scientific Software,Peer-reviewed,Jupyter Notebook,parallelwindfarms,parallelwindfarms,organization,,,pypi,byteparsing,22,1,0,1,3,0,1800,,1192,3,0,0,0.4764705882352941,0.0,2,0,"",0,0,0,0,0,0,push:1192d release:1800d commits:0 active_maint:0 closed:0 merged:0,https://science.ecosyste.ms/projects/1158
946,Hoki,https://github.com/heloises/hoki,dead,95.0,11.216377540072607,0,Scientific Software,Peer-reviewed,Python,HeloiseS,Heloise,user,University of Auckland,hfstevance.com,pypi,hoki,107,1,0,1,51,0,1333,,412,11,0,0,0.21818181818181814,0.0,3,0,"",1,0,0,0,0,0,push:412d release:1333d commits:0 active_maint:0 closed:0 merged:0,https://science.ecosyste.ms/projects/2322
947,PyVOLCANS,https://github.com/britishgeologicalsurvey/pyvolcans,dormant,98.0,8.215006432761575,0,Scientific Software,Peer-reviewed,Python,BritishGeologicalSurvey,British Geological Survey,organization,,https://www.bgs.ac.uk,pypi,pyvolcans,29,1,0,3,25,0,1674,,83,4,2,1,0.27179487179487183,0.0,2,1,PTierz,0,1,0,1,0,0,push:83d release:1674d commits:2 active_maint:1 closed:1 merged:1,https://science.ecosyste.ms/projects/1646
948,unxt,https://github.com/galacticdynamics/unxt,active,93.0,13.214059762584219,0,Scientific Software,Peer-reviewed,Python,GalacticDynamics,GalacticDynamics,organization,,,pypi,unxt,1628,0,1,2,65,0,392,,9,8,267,4,0.13397129186602874,0.09737827715355807,0,0,"",6,174,2,160,0,0,push:9d release:392d commits:251 active_maint:0 closed:171 merged:160,https://science.ecosyste.ms/projects/240
949,Suppdata,https://github.com/ropensci/suppdata,dormant,95.0,11.203611092391332,0,Scientific Software,Peer-reviewed,R,ropensci,rOpenSci,organization,,https://ropensci.org/,cran,suppdata,229,2,1,1,37,0,1018,,1018,7,0,0,0.4295774647887324,0.0,3,1,maelle,1,0,0,0,0,0,pkg:removed push:1018d release:1018d commits:0 active_maint:1 closed:0 merged:0,https://science.ecosyste.ms/projects/2857
950,Fast and flexible simulation and parameter estimation for synthetic biology using bioscrape,https://github.com/biocircuits/bioscrape,dormant,95.0,11.198447569731284,0,Scientific Software,Peer-reviewed,Jupyter Notebook,biocircuits,biocircuits,organization,,,pypi,bioscrape,129,1,0,3,30,0,529,,9,9,1,1,0.46401985111662536,0.0,3,0,"",1,10,0,7,0,0,push:9d release:529d commits:1 active_maint:0 closed:8 merged:7,https://science.ecosyste.ms/projects/1214
951,pyMechT,https://github.com/ankushaggarwal/pymecht,dead,100.0,6.194405391104672,0,Scientific Software,Peer-reviewed,Python,ankushaggarwal,,user,,,pypi,pymecht,13,0,0,1,5,0,539,,125,5,0,0,0.23510971786833856,0.0,4,0,"",1,0,0,0,0,0,push:125d release:539d commits:0 active_maint:0 closed:0 merged:0,https://science.ecosyste.ms/projects/283
952,fleck,https://github.com/bmorris3/fleck,active,95.0,11.178151784984598,0,Scientific Software,Peer-reviewed,Python,bmorris3,Brett M. Morris,user,@SpaceTelescope,http://brettmorr.is,pypi,fleck,474,2,0,1,24,0,343,,128,5,2,1,0.05769230769230771,0.0,1,1,bmorris3,1,2,1,0,0,0,push:128d release:343d commits:2 active_maint:1 closed:1 merged:0,https://science.ecosyste.ms/projects/2281
953,Manif,https://github.com/artivis/manif,dormant,95.0,11.168969293439272,0,Scientific Software,Peer-reviewed,C++,artivis,Jeremie Deray,user,@CanonicalLtd,https://artivis.github.io,conda,"manifpy,manif",0,0,2,0,1791,0,1492,,15,14,6,2,0.3428981348637016,0.16666666666666663,2,2,"artivis,joansola",4,7,1,2,0,0,push:15d release:1492d commits:6 active_maint:2 closed:3 merged:2,https://science.ecosyste.ms/projects/2299
954,pygtc,https://github.com/sebastianbocquet/pygtc,unknown,95.0,11.161948542146133,0,Scientific Software,Peer-reviewed,Jupyter Notebook,SebastianBocquet,Sebastian Bocquet,user,Ludwig-Maximilians-Universität München (LMU Munich),SebastianBocquet.github.io,"conda,pypi",pygtc,345,5,1,1,34,0,1022,,1022,5,0,0,0.42228739002932547,0.0,2,0,"",0,0,0,0,0,0,push:1022d release:1022d commits:0 active_maint:0 closed:0 merged:0,https://science.ecosyste.ms/projects/3101
955,Nominally,https://github.com/vaneseltine/nominally,dormant,100.0,6.159095388491933,0,Scientific Software,Peer-reviewed,Python,vaneseltine,Matt VanEseltine,user,University of Michigan,https://iris.isr.umich.edu/,,,0,,,,41,0,,,330,11,2,2,0.4686998394863563,0.5,1,1,vaneseltine,1,3,0,2,0,0,push:330d commits:2 active_maint:1 closed:2 merged:2,https://science.ecosyste.ms/projects/1732
956,COMPAS,https://github.com/teamcompas/compas,active,95.0,11.151898206292632,0,Scientific Software,Peer-reviewed,Jupyter Notebook,TeamCOMPAS,COMPAS,user,,http://compas.science/,pypi,compas-python-utils,15,0,0,1,91,0,595,,24,48,172,13,0.7998552298226566,0.7441860465116279,19,8,"avivajpeyi,ilyamandel,jeffriley,reinhold-willcox,nrsegovia,brcekadam,FloorBroekgaarden,yuzhesong",7,36,3,26,0,0,push:24d release:595d commits:172 active_maint:8 closed:30 merged:26,https://science.ecosyste.ms/projects/1628
957,Koverage,https://github.com/beardymcjohnface/koverage,unknown,98.0,8.143226750367443,0,Scientific Software,Peer-reviewed,Python,beardymcjohnface,Michael Roach,user,Flinders University,bioinf.cc,pypi,koverage,42,0,0,1,17,0,903,,808,5,0,0,0.057926829268292734,0.0,5,0,"",0,0,0,0,0,0,push:808d release:903d commits:0 active_maint:0 closed:0 merged:0,https://science.ecosyste.ms/projects/816
958,jointVIP,https://github.com/ldliao/jointvip,unknown,98.0,8.140315540159985,0,Scientific Software,Peer-reviewed,HTML,ldliao,Lauren Liao,user,,,cran,jointVIP,244,0,0,1,7,0,615,,544,2,0,0,0.054545454545454564,0.0,1,0,"",0,0,0,0,0,0,push:544d release:615d commits:0 active_maint:0 closed:0 merged:0,https://science.ecosyste.ms/projects/405
959,EcoLogits,https://github.com/genai-impact/ecologits,active,98.0,8.133000218583613,0,Scientific Software,Peer-reviewed,Python,genai-impact,GenAI Impact,organization,,,,,0,,,,219,0,,,348,17,255,7,0.3266272189349112,0.18823529411764706,6,2,"samuelrince,adrienbanse",20,73,13,56,0,0,push:348d commits:255 active_maint:2 closed:74 merged:56,https://science.ecosyste.ms/projects/77
960,pactus,https://github.com/yupidevs/pactus,unknown,98.0,8.132706489693264,0,Scientific Software,Peer-reviewed,Python,yupidevs,yupidevs,organization,,,pypi,pactus,36,0,0,1,45,0,738,,738,2,0,0,0.08125000000000004,0.0,0,0,"",0,0,0,0,0,0,push:738d release:738d commits:0 active_maint:0 closed:0 merged:0,https://science.ecosyste.ms/projects/990
961,Multilocus sequence typing by blast from de novo assemblies against PubMLST,https://github.com/sanger-pathogens/mlst_check,unknown,100.0,6.122492809514386,0,Scientific Software,Peer-reviewed,Perl,sanger-pathogens,"Pathogen Informatics, Wellcome Sanger Institute",organization,,http://www.sanger.ac.uk/science/groups/pathogen-informatics,cpan,Bio-MLST-Check,0,0,0,1,30,0,3436,,1498,12,0,0,0.548936170212766,0.0,2,0,"",0,0,0,0,0,0,push:1498d release:3436d commits:0 active_maint:0 closed:0 merged:0,https://science.ecosyste.ms/projects/3084
962,ewstools,https://github.com/thomasmbury/ewstools,dormant,95.0,11.105378190657738,0,Scientific Software,Peer-reviewed,Jupyter Notebook,ThomasMBury,Thomas Bury,user,McGill University,https://www.thomasbury.net/,pypi,ewstools,95,3,0,1,98,0,802,,38,10,7,4,0.0577617328519856,0.7142857142857143,3,1,energyscholar,1,10,1,3,0,0,push:38d release:802d commits:7 active_maint:1 closed:4 merged:3,https://science.ecosyste.ms/projects/1247
963,CurvilinearGrids.jl,https://github.com/smillerc/curvilineargrids.jl,active,100.0,6.104793232414985,0,Scientific Software,Peer-reviewed,Julia,smillerc,Sam Miller,user,"Laboratory for Laser Energetics, University of Rochester",smillerc.github.io,julia,CurvilinearGrids,0,0,0,0,7,0,363,,6,4,212,3,0.1163227016885553,0.018867924528301883,3,3,"smillerc,jgormanm,ajrohr2",5,14,2,10,0,0,push:6d release:363d commits:212 active_maint:3 closed:12 merged:10,https://science.ecosyste.ms/projects/348
964,piar,https://github.com/marberts/piar,active,98.0,8.101677747454572,0,Scientific Software,Peer-reviewed,R,marberts,Steve Martin,user,Government of Canada,,cran,piar,327,1,1,1,5,0,498,,6,1,36,1,0.0,0.0,1,1,marberts,4,10,4,9,0,0,push:6d release:498d commits:36 active_maint:1 closed:13 merged:9,https://science.ecosyste.ms/projects/510
965,pyndl,https://github.com/quantling/pyndl,dormant,95.0,11.098409521341647,0,Scientific Software,Peer-reviewed,Python,quantling,quantling,organization,,,pypi,pyndl,117,1,1,2,13,0,826,,234,13,1,1,0.5504087193460491,0.0,4,1,derNarr,0,1,0,1,0,0,push:234d release:826d commits:1 active_maint:1 closed:1 merged:1,https://science.ecosyste.ms/projects/1300
966,TransitionsInTimeseries.jl,https://github.com/juliadynamics/transitionsintimeseries.jl,dormant,100.0,6.0867747269123065,0,Scientific Software,Peer-reviewed,Julia,JuliaDynamics,JuliaDynamics,organization,,https://juliadynamics.github.io/JuliaDynamics/,julia,TransitionsInTimeseries,0,0,0,0,27,0,455,,435,5,0,0,0.4411764705882353,0.0,2,0,"",0,2,0,2,0,0,push:435d release:455d commits:0 active_maint:0 closed:2 merged:2,https://science.ecosyste.ms/projects/601
967,(py)oscode,https://github.com/fruzsinaagocs/oscode,dead,95.0,11.083679828196662,0,Scientific Software,Peer-reviewed,C++,fruzsinaagocs,Fruzsina Agocs,user,Flatiron Institute,https://fruzsinaagocs.github.io,pypi,pyoscode,182,1,2,1,33,0,1155,,435,10,0,0,0.5109034267912773,0.0,4,0,"",0,1,0,0,0,0,push:435d release:1155d commits:0 active_maint:0 closed:0 merged:0,https://science.ecosyste.ms/projects/2021
968,Connectome Mapper 3,https://github.com/connectomicslab/connectomemapper3,dead,95.0,11.081834809223091,0,Scientific Software,Peer-reviewed,HTML,connectomicslab,Connectomics Lab,organization,,http://wp.unil.ch/connectomics,pypi,connectomemapper,36,1,0,1,84,0,772,,132,18,0,0,0.15502309468822173,0.0,2,0,"",1,1,0,0,0,0,push:132d release:772d commits:0 active_maint:0 closed:0 merged:0,https://science.ecosyste.ms/projects/1479
969,AIBECS.jl,https://github.com/juliaocean/aibecs.jl,active,100.0,6.068425588244111,0,Scientific Software,Peer-reviewed,Julia,JuliaOcean,JuliaOcean,organization,,,julia,AIBECS,0,0,0,0,41,0,798,,16,4,71,3,0.10344827586206895,0.3802816901408451,3,2,"briochemc,gaelforget",6,15,1,10,0,0,pkg:removed push:16d release:798d commits:44 active_maint:2 closed:13 merged:10,https://science.ecosyste.ms/projects/1642
970,BlueCelluLab,https://github.com/bluebrain/bluecellulab,dead,100.0,6.061456918928017,0,Scientific Software,Peer-reviewed,Python,BlueBrain,The Blue Brain Project,organization,,https://portal.bluebrain.epfl.ch/,,,0,,,,14,1,,,519,13,0,0,0.3085714285714286,0.0,2,0,"",3,16,2,15,0,0,archived push:519d commits:0 active_maint:0 closed:17 merged:15,https://science.ecosyste.ms/projects/536
971,cvCovEst,https://github.com/philboileau/cvcovest,unknown,95.0,11.061123181653699,0,Scientific Software,Peer-reviewed,R,PhilBoileau,Philippe Boileau,user,,pboileau.ca,cran,cvCovEst,438,0,3,1,14,0,894,,894,9,0,0,0.3486682808716707,0.0,4,0,"",0,0,0,0,0,0,push:894d release:894d commits:0 active_maint:0 closed:0 merged:0,https://science.ecosyste.ms/projects/1819
972,Lumen,https://github.com/lumen-org/lumen,unknown,100.0,6.049733455231958,0,Scientific Software,Peer-reviewed,JavaScript,lumen-org,Lumen,organization,,,,,0,,,,8,0,,,1716,8,0,0,0.209070796460177,0.0,4,0,"",0,0,0,0,0,0,push:1716d commits:0 active_maint:0 closed:0 merged:0,https://science.ecosyste.ms/projects/1830
973,docling,https://github.com/docling-project/docling,active,77.0,29.038659656178098,0,,,Python,docling-project,Docling Project,organization,,,"pypi,go","docling,docling-enhanced,github.com/docling-project/docling",961546,0,0,1,63895,0,330,,2,269,662,184,0.8349282296650717,0.8716012084592145,10,10,"ceberam,PeterStaar-IBM,cau-git,dolfim-ibm,nikos-livathinos,vagenas,ElHachem02,maxmnemonic,rmdg88,vku-ibm",358,392,107,167,8,2,push:2d release:330d commits:576 active_maint:10 closed:331 merged:167 adv:8/2,https://science.ecosyste.ms/projects/54990
974,servir-aces,https://github.com/servir/servir-aces,dormant,98.0,8.030084094267563,0,Scientific Software,Peer-reviewed,Jupyter Notebook,SERVIR,SERVIR,organization,,https://www.servirglobal.net/,pypi,servir-aces,47,0,0,1,17,0,892,,329,4,1,1,0.15909090909090906,0.0,1,0,"",0,2,0,1,0,0,push:329d release:892d commits:1 active_maint:0 closed:1 merged:1,https://science.ecosyste.ms/projects/607
975,bsym,https://github.com/bjmorgan/bsym,active,98.0,8.0149968943483,0,Scientific Software,Peer-reviewed,Python,bjmorgan,Benjamin Morgan,user,University of Bath,,pypi,bsym,87,1,0,1,17,0,1952,,159,2,60,1,0.027459954233409634,0.0,1,1,bjmorgan,0,5,0,5,0,0,push:159d release:1952d commits:60 active_maint:1 closed:5 merged:5,https://science.ecosyste.ms/projects/3002
976,DetecTree,https://github.com/martibosch/detectree,active,93.0,13.011923316003204,0,Scientific Software,Peer-reviewed,Python,martibosch,Martí Bosch,user,EPFL,https://fosstodon.org/@martibosch,"conda,go,pypi","detectree,github.com/martibosch/detectree",815,3,0,1,278,0,368,,3,2,13,1,0.006993006993006978,0.0,1,0,"",0,0,0,0,0,0,push:3d release:368d commits:13 active_maint:0 closed:0 merged:0,https://science.ecosyste.ms/projects/2213
977,AeroAcoustics.jl,https://github.com/1oly/aeroacoustics.jl,dormant,100.0,6.011267174404162,0,Scientific Software,Peer-reviewed,Julia,1oly,Oliver Lylloff,user,,,julia,AeroAcoustics,0,0,0,0,33,0,606,,90,4,5,2,0.03802281368821292,0.4,1,1,1oly,1,5,0,2,0,0,push:90d release:606d commits:2 active_maint:1 closed:2 merged:2,https://science.ecosyste.ms/projects/682
978,dtrackr,https://github.com/terminological/dtrackr,active,95.0,11.003099341537322,0,Scientific Software,Peer-reviewed,R,terminological,terminological,organization,,http://terminological.co.uk,cran,dtrackr,258,1,0,1,70,0,332,,329,3,10,1,0.0390625,0.0,0,0,"",1,0,1,0,0,0,push:329d release:332d commits:10 active_maint:0 closed:1 merged:0,https://science.ecosyste.ms/projects/1305
979,"The Pencil Code, a modular MPI code for partial differential equations and particles",https://github.com/pencil-code/pencil-code,active,95.0,11.000832371637273,0,Scientific Software,Peer-reviewed,Fortran,pencil-code,Pencil Code,organization,,,,,0,,,,240,0,,,2,295,3027,39,0.8573131398120881,0.7677568549719194,1,0,"",1,3,1,0,0,0,push:2d commits:3027 active_maint:0 closed:4 merged:0,https://science.ecosyste.ms/projects/1974
980,PlantSimEngine,https://github.com/virtualplantlab/plantsimengine.jl,active,98.0,7.99799931797973,0,Scientific Software,Peer-reviewed,Julia,VirtualPlantLab,VirtualPlantLab,organization,,,julia,PlantSimEngine,0,0,1,0,22,0,363,,39,5,189,4,0.33217993079584773,0.13227513227513232,2,2,"Samuel-amap,VEZY",13,23,5,10,0,0,push:39d release:363d commits:181 active_maint:2 closed:17 merged:10,https://science.ecosyste.ms/projects/1085
981,scribl,https://github.com/amberbiology/scribl,active,98.0,7.992944547318105,0,Scientific Software,Peer-reviewed,Python,amberbiology,Amber Biology,organization,,http://amberbiology.com,pypi,scribl,147,0,0,1,5,0,346,,3,5,112,5,0.6442307692307692,0.5892857142857143,1,1,alexlancaster,0,63,0,53,0,0,push:3d release:346d commits:27 active_maint:1 closed:55 merged:53,https://science.ecosyste.ms/projects/591
982,GridTest,https://github.com/vsoch/gridtest,dead,100.0,5.988961416889863,0,Scientific Software,Peer-reviewed,HTML,vsoch,Vanessasaurus,user,,https://vsoch.github.io,"conda,pypi",gridtest,17,1,0,1,3,0,2217,,1829,3,0,0,0.04761904761904767,0.0,1,0,"",1,0,0,0,0,0,push:1829d release:2217d commits:0 active_maint:0 closed:0 merged:0,https://science.ecosyste.ms/projects/2203
983,datastructures,https://github.com/dirmeier/datastructures,unknown,95.0,10.986918519208572,0,Scientific Software,Peer-reviewed,R,dirmeier,Simon Dirmeier,user,@SwissDataScienceCenter,simon-dirmeier.com,cran,datastructures,328,3,0,1,80,0,2180,,1128,2,0,0,0.047945205479452024,0.0,1,0,"",0,0,0,0,0,0,pkg:removed push:1128d release:2180d commits:0 active_maint:0 closed:0 merged:0,https://science.ecosyste.ms/projects/2781
984,deeplenstronomy,https://github.com/deepskies/deeplenstronomy,dead,95.0,10.986512317862523,0,Scientific Software,Peer-reviewed,HTML,deepskies,Deep Skies Lab,organization,,www.deepskieslab.com,pypi,deeplenstronomy,68,1,0,2,34,0,1686,,744,13,0,0,0.44041450777202074,0.0,3,0,"",1,0,0,0,0,0,push:744d release:1686d commits:0 active_maint:0 closed:0 merged:0,https://science.ecosyste.ms/projects/1988
985,CheckQC,https://github.com/molmed/checkqc,active,93.0,12.973385296590779,0,Scientific Software,Peer-reviewed,Python,Molmed,"Uppsala University, Department of Medical Sciences, Molecular Precision Medicine",organization,,www.molmed.se,pypi,checkqc,785,1,0,3,29,0,388,,245,14,18,2,0.4914163090128756,0.05555555555555558,4,0,"",4,25,2,23,0,0,push:245d release:388d commits:18 active_maint:0 closed:25 merged:23,https://science.ecosyste.ms/projects/2912
986,SeismicMesh,https://github.com/krober10nd/seismicmesh,dead,95.0,10.962370998975242,0,Scientific Software,Peer-reviewed,Python,krober10nd,Keith Roberts,user,W.F. Baird,keithroberts.site,pypi,seismicmesh,41,1,0,1,142,1,1838,,1120,9,0,0,0.3427299703264095,0.0,1,0,"",0,0,0,0,0,0,archived push:1120d release:1838d commits:0 active_maint:0 closed:0 merged:0,https://science.ecosyste.ms/projects/2002
987,SIRUS.jl,https://github.com/rikhuijzer/sirus.jl,dormant,98.0,7.955074273262697,0,Scientific Software,Peer-reviewed,Julia,rikhuijzer,Rik Huijzer,user,,https://huijzer.xyz,julia,SIRUS,0,0,1,0,40,0,969,,54,5,5,1,0.051587301587301626,0.0,1,1,rikhuijzer,2,4,2,2,0,0,push:54d release:969d commits:5 active_maint:1 closed:4 merged:2,https://science.ecosyste.ms/projects/957
988,gekko,https://github.com/byu-prism/gekko,active,85.0,20.95086579889588,0,,,Python,BYU-PRISM,BYU PRISM,organization,,https://apm.byu.edu,pypi,gekko,112164,51,12,1,706,0,483,,31,20,56,2,0.3629489603024575,0.017857142857142905,4,0,"",3,1,2,1,0,0,push:31d release:483d commits:56 active_maint:0 closed:3 merged:1,https://science.ecosyste.ms/projects/13028
989,rempsyc,https://github.com/rempsyc/rempsyc,active,100.0,5.934894195619588,0,Scientific Software,Peer-reviewed,R,rempsyc,Rémi Thériault,user,New York University,https://remi-theriault.com/,,,0,,,,51,0,,,134,8,57,2,0.3116883116883117,0.33333333333333337,1,1,rempsyc,22,26,12,11,0,0,push:134d commits:57 active_maint:1 closed:26 merged:11,https://science.ecosyste.ms/projects/1055
990,SESAMI APP,https://github.com/hjkgrp/sesami_web,dormant,100.0,5.934894195619588,0,Scientific Software,Peer-reviewed,Python,hjkgrp,Kulik Group,organization,,http://hjkgrp.mit.edu,pypi,sesami,20,0,0,1,10,0,426,,12,2,1,1,0.28093645484949836,0.0,2,1,mtap-research,0,10,0,1,0,0,push:12d release:426d commits:1 active_maint:1 closed:1 merged:1,https://science.ecosyste.ms/projects/1110
991,catwoman,https://github.com/kathrynjones1/catwoman,active,95.0,10.932749763069443,0,Scientific Software,Peer-reviewed,C,,,,,,pypi,catwoman,619,1,0,2,4,0,352,,185,19,10,2,0.519916142557652,0.09999999999999998,1,0,"",1,1,1,0,0,0,push:185d release:352d commits:10 active_maint:0 closed:1 merged:0,https://science.ecosyste.ms/projects/2049
992,Cacatoo,https://github.com/bramvandijk88/cacatoo,active,95.0,10.922767991922107,0,Scientific Software,Peer-reviewed,JavaScript,bramvandijk88,Bram van Dijk,user,No title,,npm,cacatoo,428,2,2,1,16,0,589,,65,8,128,2,0.2593052109181141,0.0078125,2,0,"",0,5,0,4,0,0,push:65d release:589d commits:128 active_maint:0 closed:4 merged:4,https://science.ecosyste.ms/projects/1615
993,ngsPETSc,https://github.com/ngsolve/ngspetsc,active,95.0,10.921034388483017,0,Scientific Software,Peer-reviewed,Python,NGSolve,NGSolve,organization,,,pypi,ngspetsc,303,0,0,1,9,0,426,,20,18,47,10,0.5646766169154229,0.7659574468085106,10,6,"jorgensd,pbrubeck,connorjward,UZerbinati,AnuragRao1,stefanozampini",4,44,3,30,0,0,push:20d release:426d commits:47 active_maint:6 closed:38 merged:30,https://science.ecosyste.ms/projects/359
994,OpenTerrace,https://github.com/openterrace/openterrace-python,dormant,98.0,7.911324018963353,0,Scientific Software,Peer-reviewed,Python,,,,,,pypi,openterrace,30,0,0,1,24,0,791,,125,5,2,1,0.3648648648648649,0.0,1,1,jakobhaervig,0,6,0,5,0,0,push:125d release:791d commits:2 active_maint:1 closed:5 merged:5,https://science.ecosyste.ms/projects/662
995,The Dusty Evolved Star Kit (DESK),https://github.com/s-goldman/dusty-evolved-star-kit,dormant,95.0,10.908008917804642,0,Scientific Software,Peer-reviewed,Python,s-goldman,Steve Goldman,user,SOFIA,https://s-goldman.github.io/,pypi,desk,367,1,0,1,16,0,539,,251,4,7,1,0.07709750566893425,0.0,1,1,s-goldman,2,9,0,8,0,0,push:251d release:539d commits:7 active_maint:1 closed:8 merged:8,https://science.ecosyste.ms/projects/2109
996,solid_dmft,https://github.com/triqs/solid_dmft,active,95.0,10.898959082284724,0,Scientific Software,Peer-reviewed,Python,TRIQS,TRIQS,organization,,https://triqs.github.io,pypi,solid-dmft,65,0,0,1,42,0,483,,6,21,132,9,0.5879959308240081,0.5833333333333333,7,4,"the-hampel,alberto-carta,hmenke,Wentzell",8,13,4,11,0,0,push:6d release:483d commits:126 active_maint:4 closed:17 merged:11,https://science.ecosyste.ms/projects/1398
997,21cmSense v2,https://github.com/rasg-affiliates/21cmsense,dormant,100.0,5.8971538676367405,0,Scientific Software,Peer-reviewed,Python,rasg-affiliates,rasg-affiliates,organization,,https://radioastronomysoftwaregroup.github.io/,,,0,,,,15,0,,,10,15,70,5,0.6025408348457351,0.4285714285714286,2,0,"",4,53,0,49,0,0,push:10d commits:3 active_maint:0 closed:49 merged:49,https://science.ecosyste.ms/projects/708
998,RFBzero,https://github.com/ericfell/rfbzero,dead,100.0,5.886104031450156,0,Scientific Software,Peer-reviewed,Python,ericfell,Eric Fell,user,,,pypi,rfbzero,19,0,0,1,10,0,764,,764,2,0,0,0.2769784172661871,0.0,2,0,"",1,0,0,0,0,0,push:764d release:764d commits:0 active_maint:0 closed:0 merged:0,https://science.ecosyste.ms/projects/626
999,rcites,https://github.com/ropensci/rcites,dead,95.0,10.877386597030597,0,Scientific Software,Peer-reviewed,R,ropensci,rOpenSci,organization,,https://ropensci.org/,"go,cran","github.com/ropensci/rcites,rcites",318,2,0,1,14,0,1264,,1256,11,0,0,0.5870535714285714,0.0,4,0,"",1,0,0,0,0,0,push:1256d release:1264d commits:0 active_maint:0 closed:0 merged:0,https://science.ecosyste.ms/projects/2716
1000,CATS,https://github.com/greenscheduler/cats,active,95.0,10.866967167212742,0,Scientific Software,Peer-reviewed,Python,GreenScheduler,GreenScheduler,organization,,,pypi,climate-aware-task-scheduler,41,0,0,1,77,0,399,,2,14,85,6,0.7777777777777778,0.42352941176470593,4,2,"andreww,sadielbartholomew",19,25,8,17,0,0,push:2d release:399d commits:85 active_maint:2 closed:28 merged:17,https://science.ecosyste.ms/projects/85
1001,Scanbot,https://github.com/new-horizons-spm/scanbot,dormant,100.0,5.857933154483459,0,Scientific Software,Peer-reviewed,Python,New-Horizons-SPM,New-Horizons-SPM,organization,,,pypi,scanbot,24,0,0,1,10,0,754,,202,2,3,1,0.1428571428571429,0.0,1,0,"",1,0,0,0,0,0,push:202d release:754d commits:3 active_maint:0 closed:0 merged:0,https://science.ecosyste.ms/projects/596
1002,AdaptiveResonance.jl,https://github.com/ap6yc/adaptiveresonance.jl,dormant,100.0,5.857933154483459,0,Scientific Software,Peer-reviewed,Julia,AP6YC,Sasha Petrenko,user,,https://ap6yc.github.io/,julia,AdaptiveResonance,0,0,0,0,28,0,697,,674,5,0,0,0.03168316831683171,0.0,1,0,"",2,2,1,2,0,0,push:674d release:697d commits:0 active_maint:0 closed:3 merged:2,https://science.ecosyste.ms/projects/1525
1003,Automatic Computation for Robot Design (ACRoD),https://github.com/suneeshjacob/acrod,dormant,98.0,7.84854348245668,0,Scientific Software,Peer-reviewed,Python,suneeshjacob,,user,,,pypi,acrod,426,0,0,1,2,0,868,,116,3,6,1,0.00589101620029453,0.0,1,0,"",0,0,0,0,0,0,push:116d release:868d commits:6 active_maint:0 closed:0 merged:0,https://science.ecosyste.ms/projects/775
1004,WrightTools,https://github.com/wright-group/wrighttools,active,98.0,7.824046010856293,0,Scientific Software,Peer-reviewed,Python,wright-group,Wright Group,organization,,http://wright.chem.wisc.edu/,,,0,,,,19,0,,,16,21,104,3,0.6474143720617864,0.24038461538461542,3,0,"",7,37,5,26,0,0,push:16d commits:79 active_maint:0 closed:31 merged:26,https://science.ecosyste.ms/projects/2681
1005,PyPVRPM,https://github.com/fsec-photovoltaics/pvrpm-lcoe,dead,100.0,5.823045895483019,0,Scientific Software,Peer-reviewed,Python,,,,,,pypi,pvrpm,11,1,0,1,9,0,1203,,1203,2,0,0,0.017857142857142905,0.0,0,0,"",1,0,0,0,0,0,push:1203d release:1203d commits:0 active_maint:0 closed:0 merged:0,https://science.ecosyste.ms/projects/1569
1006,villager,https://github.com/zizroc/villager,active,95.0,10.822973175306801,0,Scientific Software,Peer-reviewed,R,zizroc,Marcus Thomson,user,Sequoia Climate Foundation,,cran,villager,208,0,0,1,66,0,796,,275,4,0,0,0.14503816793893132,0.0,3,0,"",0,0,0,0,0,0,push:275d release:796d commits:0 active_maint:0 closed:0 merged:0,https://science.ecosyste.ms/projects/1340
1007,Python class defining a machine learning dataset ensuring key-based correspondence and maintaining integrity,https://github.com/raamana/pyradigm,dormant,95.0,10.820577964580847,0,Scientific Software,Peer-reviewed,Python,raamana,Pradeep Reddy Raamana,user,University of Pittsburgh,crossinvalidation.com,pypi,pyradigm,131,5,2,1,30,0,398,,380,8,8,1,0.10179640718562877,0.0,1,0,"",0,0,0,0,0,0,push:380d release:398d commits:8 active_maint:0 closed:0 merged:0,https://science.ecosyste.ms/projects/2987
1008,FrESCO,https://github.com/doe-nci-mossaic/fresco,dormant,100.0,5.817111159963204,0,Scientific Software,Peer-reviewed,Python,DOE-NCI-MOSSAIC,DOE-NCI-MOSSAIC,organization,,,pypi,nci-fresco,5,0,0,2,9,0,968,,569,6,0,0,0.39267015706806285,0.0,3,0,"",0,2,0,2,0,0,push:569d release:968d commits:0 active_maint:0 closed:2 merged:2,https://science.ecosyste.ms/projects/1010
1009,CRATE,https://github.com/bessagroup/crate,dormant,98.0,7.8160138391590275,0,Scientific Software,Peer-reviewed,Python,bessagroup,Bessa Research Group,organization,,,pypi,cratepy,30,0,0,1,48,0,391,,384,2,0,0,0.00390625,0.0,2,0,"",0,1,0,1,0,0,push:384d release:391d commits:0 active_maint:0 closed:1 merged:1,https://science.ecosyste.ms/projects/1050
1010,PICOS,https://gitlab.com/picos-api/picos,dormant,89.0,16.803054397612698,0,Scientific Software,Peer-reviewed,,picos-api,picos-api,organization,,,pypi,picos,11825,15,7,3,25,0,474,,,28,1,1,0.28808158062460165,0.0,0,0,"",,,,,0,0,release:474d commits:1 active_maint:0 closed:0 merged:0,https://science.ecosyste.ms/projects/1599
1011,Tethys,https://github.com/jgcri/tethys,active,98.0,7.803026643632217,0,Scientific Software,Peer-reviewed,Python,JGCRI,Joint Global Change Research Institute,organization,,https://www.pnnl.gov/projects/jgcri,pypi,tethys-downscaling,7,0,0,1,30,0,839,,29,11,23,2,0.6329113924050633,0.04347826086956519,5,1,crvernon,1,1,0,1,0,0,push:29d release:839d commits:23 active_maint:1 closed:1 merged:1,https://science.ecosyste.ms/projects/677
1012,MOTrainer,https://github.com/vegewaterdynamics/motrainer,dormant,98.0,7.803026643632217,0,Scientific Software,Peer-reviewed,Jupyter Notebook,VegeWaterDynamics,VegeWaterDynamics,organization,,,pypi,motrainer,33,0,0,1,2,0,709,,695,6,0,0,0.20846905537459282,0.0,0,0,"",3,5,3,5,0,0,push:695d release:709d commits:0 active_maint:0 closed:8 merged:5,https://science.ecosyste.ms/projects/533
1013,Abil: A Python package for the interpolation of aquatic biogeochemical datasets,https://github.com/nanophyto/abil,active,95.0,10.797716707607764,0,,,Python,nanophyto,,user,,,pypi,abil,408,0,0,3,4,0,310,,91,6,96,5,0.3087557603686636,0.48958333333333337,4,4,"nanophyto,ruiying-ocean,nicola-wiseman,ljwolf",28,49,25,35,0,0,push:91d release:310d commits:96 active_maint:4 closed:63 merged:35,https://science.ecosyste.ms/projects/472038
1014,fseval,https://github.com/dunnkers/fseval,unknown,98.0,7.796469243086057,0,Scientific Software,Peer-reviewed,Python,dunnkers,Jeroen Overschie,user,@Xebia @GoDataDriven,https://jeroenoverschie.nl/,pypi,fseval,30,1,0,1,18,0,1347,,1205,4,0,0,0.03667481662591687,0.0,1,0,"",0,0,0,0,0,0,push:1205d release:1347d commits:0 active_maint:0 closed:0 merged:0,https://science.ecosyste.ms/projects/1324
1015,$hp\mathrm{3D}$,https://github.com/oden-eag/hp3d,dormant,100.0,5.796057750765372,0,Scientific Software,Peer-reviewed,Fortran,Oden-EAG,Oden-EAG,organization,,https://oden.utexas.edu/research/centers-and-groups/electromagnetics-and-acoustics-group/,,,0,,,,34,0,,,154,7,0,0,0.12476722532588458,0.0,3,0,"",0,9,0,7,0,0,push:154d commits:0 active_maint:0 closed:8 merged:7,https://science.ecosyste.ms/projects/802
1016,pymc,https://github.com/pymc-devs/pymc,active,77.0,28.791678979003105,0,,,Python,pymc-devs,PyMC,organization,,https://www.pymc.io,"pypi,conda,go","pymc-nightly,micropymc,pymc-base,github.com/pymc-devs/pymc,pymc",647000,928,92,4,9689,0,371,,1,542,268,45,0.8951150921778981,0.42910447761194026,21,6,"ricardoV94,fonnesbeck,jessegrabowski,aloctavodia,lucianopaz,twiecki",40,145,8,53,0,0,push:1d release:371d commits:262 active_maint:6 closed:66 merged:53,https://science.ecosyste.ms/projects/55739
1017,qiskit,https://github.com/qiskit/qiskit,active,77.0,28.781866218103037,0,,,Python,Qiskit,Qiskit,organization,,https://www.ibm.com/quantum/qiskit,"conda,pypi","qiskit-terra,qiskit",685433,987,198,1,7658,0,345,,1,658,836,98,0.8564289432587194,0.736842105263158,33,10,"jakelishman,mtreinish,alexanderivrii,1ucian0,eliarbel,t-imamichi,doichanj,garrison,ShellyGarion,ajavadia",84,270,25,101,2,2,push:1d release:345d commits:761 active_maint:10 closed:151 merged:101 adv:2/2,https://science.ecosyste.ms/projects/41195
1018,MCALF,https://github.com/conormacbride/mcalf,unknown,98.0,7.779048644925557,0,Scientific Software,Peer-reviewed,Python,ConorMacBride,Conor MacBride,user,,macbride.me,"pypi,conda",mcalf,237,1,0,1,10,0,1220,,1220,1,0,0,0.0,0.0,1,0,"",0,0,0,0,0,0,push:1220d release:1220d commits:0 active_maint:0 closed:0 merged:0,https://science.ecosyste.ms/projects/1889
1019,musclesyneRgies,https://github.com/alesantuz/musclesynergies,dormant,95.0,10.777809799587782,0,Scientific Software,Peer-reviewed,HTML,alesantuz,Ale Santuz,user,Max Delbrück Center for Molecular Medicine,https://www.mdc-berlin.de/zampieri,cran,musclesyneRgies,222,0,0,1,49,0,1472,,338,5,1,1,0.05882352941176472,0.0,1,0,"",0,0,0,0,0,0,push:338d release:1472d commits:1 active_maint:0 closed:0 merged:0,https://science.ecosyste.ms/projects/1477
1020,kallisto,https://github.com/astrazeneca/kallisto,dead,93.0,12.775797167613884,0,Scientific Software,Peer-reviewed,Python,AstraZeneca,AstraZeneca,organization,,https://www.astrazeneca.com/,"alpine,pypi","py3-kallisto-pyc,py3-kallisto,kallisto",845,5,2,1,74,0,839,,910,6,0,0,0.07476635514018692,0.0,2,0,"",2,1,0,0,0,0,push:910d release:839d commits:0 active_maint:0 closed:0 merged:0,https://science.ecosyste.ms/projects/1921
1021,DBMS-Benchmarker,https://github.com/beuth-erdelt/dbms-benchmarker,active,95.0,10.770588040219511,0,Scientific Software,Peer-reviewed,HTML,Beuth-Erdelt,Berliner Hochschule für Technik (BHT),organization,,https://prof.bht-berlin.de/erdelt/,pypi,dbmsbenchmarker,170,1,1,1,14,0,330,,4,5,19,1,0.015180265654648917,0.0,1,0,"",3,42,2,19,0,0,push:4d release:330d commits:19 active_maint:0 closed:33 merged:19,https://science.ecosyste.ms/projects/1355
1022,Caliban,https://github.com/google/caliban,dead,93.0,12.7665908832781,0,Scientific Software,Peer-reviewed,Python,google,Google,organization,,https://opensource.google/,pypi,caliban,72,1,0,1,504,1,1140,,784,9,0,0,0.33613445378151263,0.0,3,0,"",0,1,0,0,0,0,archived push:784d release:1140d commits:0 active_maint:0 closed:1 merged:0,https://science.ecosyste.ms/projects/2125
1023,PyUnfold,https://github.com/jrbourbeau/pyunfold,dead,95.0,10.745270232235221,0,Scientific Software,Peer-reviewed,Python,jrbourbeau,James Bourbeau,user,@coiled ,https://jamesbourbeau.com,"conda,pypi",pyunfold,219,1,0,1,31,0,2810,,2112,5,0,0,0.18279569892473113,0.0,2,0,"",1,0,0,0,0,0,push:2112d release:2810d commits:0 active_maint:0 closed:0 merged:0,https://science.ecosyste.ms/projects/2839
1024,NERD,https://github.com/islasgeci/nerd,dormant,98.0,7.738488122494646,0,Scientific Software,Peer-reviewed,Jupyter Notebook,IslasGECI,"Grupo de Ecología y Conservación de Islas, A.C.",organization,,islas.org.mx,pypi,geci-nerd,83,1,0,1,0,0,517,,513,9,4,1,0.7440119760479043,0.0,3,0,"",2,0,1,0,0,0,push:513d release:517d commits:4 active_maint:0 closed:1 merged:0,https://science.ecosyste.ms/projects/268
1025,ollamar,https://github.com/hauselin/ollama-r,dormant,93.0,12.736336124188627,0,Scientific Software,Peer-reviewed,R,hauselin,Hause Lin,user,,hauselin.com,"cran,go","ollamar,github.com/hauselin/ollama-r",1048,0,0,1,126,0,568,,374,3,0,0,0.0625,0.0,2,0,"",5,1,1,0,0,0,push:374d release:568d commits:0 active_maint:0 closed:1 merged:0,https://science.ecosyste.ms/projects/310
1026,NebulaSEM,https://github.com/dshawul/nebulasem,dead,100.0,5.730099782973575,0,Scientific Software,Peer-reviewed,C++,dshawul,Daniel Shawul,user,,,,,0,,,,28,0,,,702,11,0,0,0.25400457665903886,0.0,1,0,"",1,0,0,0,0,0,push:702d commits:0 active_maint:0 closed:0 merged:0,https://science.ecosyste.ms/projects/724
1027,"AltaiPony - Flare science in Kepler, K2 and TESS light curves",https://github.com/ekaterinailin/altaipony,active,95.0,10.711747540196578,0,Scientific Software,Peer-reviewed,Jupyter Notebook,ekaterinailin,,user,,ekaterinailin.github.io,pypi,altaipony,134,1,0,1,27,0,1067,,191,9,63,4,0.029465930018416242,0.06349206349206349,1,0,"",5,5,0,1,0,0,push:191d release:1067d commits:63 active_maint:0 closed:3 merged:1,https://science.ecosyste.ms/projects/1842
1028,biorbd,https://github.com/pyomeca/biorbd,active,95.0,10.709963418403078,0,Scientific Software,Peer-reviewed,C++,pyomeca,pyomeca,organization,,,conda,"biorbd-casadi,biorbd",0,10,4,0,84,0,1366,,15,32,127,2,0.3207359522625559,0.03149606299212604,4,2,"pariterre,EveCharbie",2,14,0,8,0,0,push:15d release:1366d commits:127 active_maint:2 closed:9 merged:8,https://science.ecosyste.ms/projects/2001
1029,lpjmlkit,https://github.com/pik-lpjml/lpjmlkit,dormant,98.0,7.705262474866325,0,Scientific Software,Peer-reviewed,R,PIK-LPJmL,LPJmL group @ PIK,organization,,,cran,lpjmlkit,35,0,1,1,10,0,1224,,97,7,10,3,0.44311377245508987,0.4,0,0,"",0,1,0,1,0,0,pkg:removed push:97d release:1224d commits:10 active_maint:0 closed:1 merged:1,https://science.ecosyste.ms/projects/380
1030,OpenHPS,https://github.com/openhps/openhps-core,dormant,93.0,12.705149522261616,0,Scientific Software,Peer-reviewed,TypeScript,OpenHPS,OpenHPS,organization,,https://www.openhps.org,npm,@openhps/core,2018,20,20,1,33,0,419,,83,5,0,0,0.248203788373612,0.0,1,0,"",2,2,1,1,0,0,push:83d release:419d commits:0 active_maint:0 closed:2 merged:1,https://science.ecosyste.ms/projects/130
1031,lfda,https://github.com/terrytangyuan/lfda,unknown,93.0,12.696172976475031,0,Scientific Software,Peer-reviewed,R,terrytangyuan,Yuan Tang,user,Red Hat,https://terrytangyuan.github.io/about/,"cran,conda","lfda,r-lfda",1649,8,3,1,78,0,2459,,1119,2,0,0,0.06306306306306309,0.0,1,0,"",0,0,0,0,0,0,push:1119d release:2459d commits:0 active_maint:0 closed:0 merged:0,https://science.ecosyste.ms/projects/2496
1032,Chips-n-Salsa,https://github.com/cicirello/chips-n-salsa,active,98.0,7.685243607975833,0,Scientific Software,Peer-reviewed,Java,cicirello,Vincent A. Cicirello,user,Stockton University,https://www.cicirello.org/,"go,maven","github.com/cicirello/Chips-n-Salsa,org.cicirello:chips-n-salsa,github.com/cicirello/chips-n-salsa",0,5,3,0,77,0,440,,9,4,66,2,0.1396484375,0.303030303030303,1,1,cicirello,4,42,1,30,0,0,push:9d release:440d commits:20 active_maint:1 closed:33 merged:30,https://science.ecosyste.ms/projects/2165
1033,calorine,https://gitlab.com/materials-modeling/calorine,active,89.0,16.674289877738033,0,Scientific Software,Peer-reviewed,,materials-modeling,materials-modeling,organization,,,pypi,calorine,63416,0,1,2,14,0,734,,,11,83,3,0.4140350877192982,0.3614457831325302,0,0,"",,,,,0,0,release:734d commits:83 active_maint:0 closed:0 merged:0,https://science.ecosyste.ms/projects/799
1034,W2W,https://github.com/matthiasdemuzere/w2w,dead,95.0,10.6735957742322,0,Scientific Software,Peer-reviewed,Jupyter Notebook,matthiasdemuzere,Matthias Demuzere,user,Ruhr-University Bochum,http://www.climate.ruhr-uni-bochum.de/team/matthias-demuzere/,"pypi,go","w2w,github.com/matthiasdemuzere/w2w",93,1,0,2,49,0,627,,59,8,0,0,0.46360153256704983,0.0,4,0,"",1,0,0,0,0,0,push:59d release:627d commits:0 active_maint:0 closed:0 merged:0,https://science.ecosyste.ms/projects/1424
1035,MPTRAC,https://github.com/slcs-jsc/mptrac,active,98.0,7.668093709082406,0,Scientific Software,Peer-reviewed,C,slcs-jsc,Simulation and Data Laboratory Climate Science,organization,,http://www.fz-juelich.de/ias/jsc/slcs,,,0,,,,55,0,,,12,48,360,11,0.22413793103448276,0.2694444444444445,8,2,"janhclem,anikfal",10,5,5,4,0,0,push:12d commits:360 active_maint:2 closed:10 merged:4,https://science.ecosyste.ms/projects/84
1036,giotto-deep,https://github.com/giotto-ai/giotto-deep,dead,95.0,10.648277966247912,0,Scientific Software,Peer-reviewed,Python,giotto-ai,giotto.ai,organization,,https://giotto.ai,pypi,giotto-deep,38,0,0,1,92,0,1023,,735,12,0,0,0.5074812967581047,0.0,4,0,"",1,1,0,0,0,0,push:735d release:1023d commits:0 active_maint:0 closed:0 merged:0,https://science.ecosyste.ms/projects/1346
1037,univariateML,https://github.com/jonasmoss/univariateml,unknown,95.0,10.647351611387782,0,Scientific Software,Peer-reviewed,R,JonasMoss,Jonas Moss,user,BI Norwegian Business School,blog.jonasmoss.com,cran,univariateML,1073,2,3,1,9,0,513,,514,3,0,0,0.07246376811594202,0.0,1,0,"",0,0,0,0,0,0,push:514d release:513d commits:0 active_maint:0 closed:0 merged:0,https://science.ecosyste.ms/projects/2368
1038,pdfsearch,https://github.com/lebebr01/pdfsearch,dormant,93.0,12.642881369918268,0,Scientific Software,Peer-reviewed,R,lebebr01,Brandon LeBeau,user,,https://brandonlebeau.org,cran,pdfsearch,6448,0,0,1,42,0,428,,162,1,10,1,0.0,0.0,1,0,"",0,0,0,0,0,0,push:162d release:428d commits:10 active_maint:0 closed:0 merged:0,https://science.ecosyste.ms/projects/2816
1039,pytreegrav,https://github.com/mikegrudic/pytreegrav,dormant,95.0,10.640842987760394,0,Scientific Software,Peer-reviewed,Python,mikegrudic,Mike Grudić,user,Carnegie Observatories,mikegrudic.github.io,pypi,pytreegrav,46,1,0,1,71,0,984,,469,13,0,0,0.25668449197860965,0.0,1,0,"",1,0,1,0,0,0,push:469d release:984d commits:0 active_maint:0 closed:1 merged:0,https://science.ecosyste.ms/projects/1648
1040,APCtools,https://github.com/bauer-alex/apctools,dormant,95.0,10.638376304675711,0,Scientific Software,Peer-reviewed,R,bauer-alex,Alexander Bauer,user,,,cran,APCtools,438,0,0,1,16,0,407,,407,5,0,0,0.22175732217573219,0.0,3,0,"",1,0,1,0,0,0,push:407d release:407d commits:0 active_maint:0 closed:1 merged:0,https://science.ecosyste.ms/projects/1528
1041,universalmotif,https://github.com/bjmt/universalmotif,active,100.0,5.631211781821365,0,Scientific Software,Peer-reviewed,R,bjmt,Benjamin Jean-Marie Tremblay,user,,,,,0,,,,33,0,,,41,10,127,3,0.05536332179930792,0.03937007874015752,0,0,"",1,2,1,1,0,0,push:41d commits:127 active_maint:0 closed:2 merged:1,https://science.ecosyste.ms/projects/535
1042,rbmi,https://github.com/insightsengineering/rbmi,active,93.0,12.626623391056379,0,Scientific Software,Peer-reviewed,R,insightsengineering,Roche/Genentech - Insights Engineering,organization,,https://code4life.roche.com/,cran,rbmi,421,1,0,1,20,0,514,,346,13,21,4,0.40953545232273836,0.7142857142857143,6,3,"gravesti,gowerc,danielinteractive",33,36,13,19,0,0,push:346d release:514d commits:21 active_maint:3 closed:34 merged:19,https://science.ecosyste.ms/projects/1489
1043,SLIX,https://github.com/3d-pli/slix,unknown,98.0,7.60887062919126,0,Scientific Software,Peer-reviewed,Python,3d-pli,3D-PLI,organization,,https://www.fz-juelich.de/inm/inm-1/EN/Forschung/Fibre%20Architecture/Fibre%20Architecture_node.html,pypi,slix,53,1,0,2,9,0,1542,,1262,4,0,0,0.1070866141732284,0.0,0,0,"",0,0,0,0,0,0,push:1262d release:1542d commits:0 active_maint:0 closed:0 merged:0,https://science.ecosyste.ms/projects/2078
1044,stabm,https://github.com/bommert/stabm,unknown,95.0,10.608563303961347,0,Scientific Software,Peer-reviewed,R,bommert,Andrea Bommert,user,TU Dortmund University,,cran,stabm,2529,0,0,1,7,0,1213,,1212,2,0,0,0.48051948051948057,0.0,2,0,"",0,0,0,0,0,0,push:1212d release:1213d commits:0 active_maint:0 closed:0 merged:0,https://science.ecosyste.ms/projects/1944
1045,Model dispersion with PRISM; an alternative to MCMC for rapid analysis of models,https://github.com/1313e/prism,unknown,95.0,10.602666505327791,0,Scientific Software,Peer-reviewed,Python,1313e,Ellert van der Velden,user,Energyworx,https://orcid.org/0000-0002-1559-9832,pypi,prism,351,1,0,1,46,0,2005,,1858,2,0,0,0.012676056338028152,0.0,1,0,"",0,0,0,0,0,0,push:1858d release:2005d commits:0 active_maint:0 closed:0 merged:0,https://science.ecosyste.ms/projects/2552
1046,DIRECT,https://github.com/nki-ai/direct,dormant,98.0,7.601901959875166,0,Scientific Software,Peer-reviewed,Python,NKI-AI,NKI AI for Oncology Lab,organization,,https://aiforoncology.nl,,,0,,,,304,0,,,40,7,4,2,0.27347611202635913,0.5,0,0,"",3,6,3,3,0,0,push:40d commits:4 active_maint:0 closed:6 merged:3,https://science.ecosyste.ms/projects/1502
1047,Pycrostates,https://github.com/vferat/pycrostates,dormant,93.0,12.597814012418528,0,Scientific Software,Peer-reviewed,Python,vferat,Victor Férat,user,Functional Brain Mapping Laboratory - UNIGE, https://vferat.github.io/about.html,"conda,pypi",pycrostates,425,0,0,2,51,0,727,,10,11,71,4,0.506472491909385,0.5633802816901409,2,1,vferat,1,39,0,35,0,0,push:10d release:727d commits:3 active_maint:1 closed:35 merged:35,https://science.ecosyste.ms/projects/1372
1048,IonDiff,https://github.com/ionrepo/iondiff,dormant,95.0,10.590214165293151,0,Scientific Software,Peer-reviewed,Python,IonRepo,,user,,,pypi,"iondiff,cibran",206,0,0,1,17,0,742,,223,12,7,1,0.20304568527918787,0.0,2,0,"",0,1,0,0,0,0,push:223d release:742d commits:7 active_maint:0 closed:1 merged:0,https://science.ecosyste.ms/projects/566
1049,funsies,https://github.com/aspuru-guzik-group/funsies,unknown,98.0,7.566311014772463,0,Scientific Software,Peer-reviewed,Python,aspuru-guzik-group,Aspuru-Guzik group repo,organization,,http://aspuru.chem.harvard.edu/,pypi,funsies,21,1,0,1,42,0,1769,,1762,2,0,0,0.007653061224489832,0.0,1,0,"",0,0,0,0,0,0,push:1762d release:1769d commits:0 active_maint:0 closed:0 merged:0,https://science.ecosyste.ms/projects/1743
1050,SMITE,https://github.com/lidkelab/smite,active,100.0,5.564520407322694,0,Scientific Software,Peer-reviewed,MATLAB,LidkeLab,LidkeLab,organization,,,,,0,,,,18,0,,,223,9,25,2,0.6491862567811935,0.48,3,0,"",0,2,0,2,0,0,push:223d commits:25 active_maint:0 closed:2 merged:2,https://science.ecosyste.ms/projects/974
1051,AltamISA,https://github.com/bihealth/altamisa,dormant,93.0,12.558418231307677,0,Scientific Software,Peer-reviewed,Python,bihealth,Berlin Institute of Health,organization,,https://www.cubi.bihealth.org/,pypi,altamisa,1009,5,0,2,6,0,640,,262,9,4,3,0.6291390728476821,0.5,3,2,"sellth,tedil",0,11,0,3,0,0,push:262d release:640d commits:4 active_maint:2 closed:5 merged:3,https://science.ecosyste.ms/projects/2478
1052,OpenCMP,https://github.com/uw-comphys/opencmp,active,100.0,5.556828061699537,0,Scientific Software,Peer-reviewed,Python,uw-comphys,uw-comphys,organization,,,,,0,,,,31,0,,,1,7,0,0,0.4025974025974026,0.0,3,0,"",0,0,0,0,0,0,push:1d commits:0 active_maint:0 closed:0 merged:0,https://science.ecosyste.ms/projects/1519
1053,ospgrillage,https://github.com/monashsmartstructures/ospgrillage,active,95.0,10.551898839254683,0,Scientific Software,Peer-reviewed,Python,MonashSmartStructures,Monash University Smart Structures Team,organization,,,pypi,ospgrillage,83,1,0,1,38,0,1066,,32,11,80,5,0.2834532374100719,0.1875,3,1,ccaprani,0,13,0,5,0,0,push:32d release:1066d commits:67 active_maint:1 closed:9 merged:5,https://science.ecosyste.ms/projects/1415
1054,Openseize,https://github.com/mscaudill/openseize,active,98.0,7.534762657037537,0,Scientific Software,Peer-reviewed,Python,mscaudill,Matt Caudill,user,Baylor College of Medicine & Texas Childerns NRI,,pypi,openseize,38,0,0,1,13,0,1225,,171,4,50,1,0.006849315068493178,0.0,0,0,"",0,0,0,0,0,0,push:171d release:1225d commits:50 active_maint:0 closed:0 merged:0,https://science.ecosyste.ms/projects/1189
1055,BlackBIRDS,https://github.com/arnauqb/blackbirds,dormant,98.0,7.534762657037538,0,Scientific Software,Peer-reviewed,Python,arnauqb,Arnau Quera-Bofarull,user,,arnau.ai,pypi,blackbirds,23,0,0,1,22,0,1109,,626,3,0,0,0.19999999999999996,0.0,3,0,"",1,2,1,2,0,0,push:626d release:1109d commits:0 active_maint:0 closed:3 merged:2,https://science.ecosyste.ms/projects/980
1056,BetaML,https://github.com/sylvaticus/betaml.jl,active,95.0,10.527070269710164,0,Scientific Software,Peer-reviewed,Julia,sylvaticus,Antonello Lobianco,user,AgroParisTech,https://lobianco.org/antonello,julia,BetaML,0,0,1,0,106,0,455,,6,8,22,2,0.0546021840873635,0.09090909090909094,1,0,"",4,4,4,4,0,0,push:6d release:455d commits:22 active_maint:0 closed:8 merged:4,https://science.ecosyste.ms/projects/1909
1057,pymcmcstat,https://github.com/prmiles/pymcmcstat,dormant,95.0,10.523822075506256,0,Scientific Software,Peer-reviewed,Jupyter Notebook,prmiles,Paul Miles,user,,,pypi,pymcmcstat,159,1,0,1,74,0,2105,,153,3,0,0,0.011415525114155223,0.0,1,1,prmiles,1,0,0,0,0,0,push:153d release:2105d commits:0 active_maint:1 closed:0 merged:0,https://science.ecosyste.ms/projects/2554
1058,HRV,https://github.com/rhenanbartels/hrv,unknown,93.0,12.518764353485983,0,Scientific Software,Peer-reviewed,Jupyter Notebook,rhenanbartels,Rhenan,user,,rhenanbartels.wordpress.com,pypi,hrv,241,9,1,1,210,0,1842,,773,5,0,0,0.022556390977443663,0.0,1,0,"",0,0,0,0,0,0,push:773d release:1842d commits:0 active_maint:0 closed:0 merged:0,https://science.ecosyste.ms/projects/2183
1059,pvOps,https://github.com/sandialabs/pvops,active,95.0,10.516996110435857,0,Scientific Software,Peer-reviewed,Jupyter Notebook,sandialabs,Sandia National Laboratories,organization,,https://software.sandia.gov,pypi,pvops,144,1,0,1,21,0,500,,321,11,16,1,0.7157676348547718,0.0,5,1,agmoore4,3,20,1,18,0,0,push:321d release:500d commits:16 active_maint:1 closed:19 merged:18,https://science.ecosyste.ms/projects/917
1060,TensorFlow.jl,https://github.com/malmaud/tensorflow.jl,unknown,95.0,10.505560568696678,0,Scientific Software,Peer-reviewed,Julia,malmaud,Jonathan Malmaud,user,,malmaud.com,julia,TensorFlow,0,1,0,0,883,0,2748,,821,38,0,0,0.44014732965009207,0.0,2,0,"",0,0,0,0,0,0,push:821d release:2748d commits:0 active_maint:0 closed:0 merged:0,https://science.ecosyste.ms/projects/2731
1061,Multi-view-AE,https://github.com/alawryaguila/multi-view-ae,dead,100.0,5.497168225293202,0,Scientific Software,Peer-reviewed,Python,alawryaguila,,user,,,,,0,,,,57,0,,,728,4,0,0,0.02259887005649719,0.0,3,0,"",0,1,0,0,0,0,push:728d commits:0 active_maint:0 closed:0 merged:0,https://science.ecosyste.ms/projects/1132
1062,alignparse,https://github.com/jbloomlab/alignparse,dormant,95.0,10.479201636203978,0,Scientific Software,Peer-reviewed,Jupyter Notebook,jbloomlab,jbloomlab,organization,,http://research.fhcrc.org/bloom/en.html,pypi,alignparse,230,3,0,1,17,0,481,,279,8,1,1,0.459731543624161,0.0,3,1,jbloom,2,4,1,3,0,0,push:279d release:481d commits:1 active_maint:1 closed:5 merged:3,https://science.ecosyste.ms/projects/2360
1063,PyPO,https://github.com/pypo-dev/pypo,active,100.0,5.472270673671475,0,Scientific Software,Peer-reviewed,Python,PyPO-dev,PyPO,organization,,https://pypo-dev.github.io/PyPO-docs/,,,0,,,,22,0,,,63,8,191,4,0.521970705725699,0.2879581151832461,2,2,"arendMoerman,MrGafaji",21,30,14,25,0,0,push:63d commits:191 active_maint:2 closed:40 merged:25,https://science.ecosyste.ms/projects/1037
1064,FlowSieve,https://github.com/husseinaluie/flowsieve,dead,100.0,5.472270673671475,0,Scientific Software,Peer-reviewed,C++,husseinaluie,Hussein Aluie,user,,http://www.complexflowgroup.com/,,,0,,,,27,0,,,188,7,0,0,0.48711943793911006,0.0,2,0,"",4,1,0,0,0,0,push:188d commits:0 active_maint:0 closed:0 merged:0,https://science.ecosyste.ms/projects/1185
1065,Virtual Scanner,https://github.com/imr-framework/virtual-scanner,dead,95.0,10.45880841618867,0,Scientific Software,Peer-reviewed,Jupyter Notebook,imr-framework,iMR Framework,user,,,pypi,virtual-scanner,38,1,1,1,75,0,1441,,1074,10,0,0,0.5857461024498887,0.0,7,0,"",1,0,0,0,0,0,push:1074d release:1441d commits:0 active_maint:0 closed:0 merged:0,https://science.ecosyste.ms/projects/2381
1066,polyCub,https://github.com/bastistician/polycub,active,93.0,12.440057220022258,0,Scientific Software,Peer-reviewed,R,bastistician,Sebastian Meyer,user,Friedrich-Alexander-Universität Erlangen-Nürnberg,https://www.imbe.med.fau.de/person/sebastian-meyer/,"cran,conda","polyCub,r-polycub",1019,6,3,1,10,0,534,,97,1,30,1,0.0,0.0,1,0,"",0,0,0,0,0,0,push:97d release:534d commits:30 active_maint:0 closed:0 merged:0,https://science.ecosyste.ms/projects/2661
1067,Variational Solvers for Irreversible Evolutionary Systems,https://github.com/kumiori/irrevolutions,active,100.0,5.41610040220442,0,Scientific Software,Peer-reviewed,Jupyter Notebook,kumiori,,user,,,,,0,,,,14,0,,,92,15,18,1,0.4008438818565401,0.0,3,0,"",0,9,0,2,0,0,push:92d commits:18 active_maint:0 closed:5 merged:2,https://science.ecosyste.ms/projects/366
1068,Viash,https://github.com/viash-io/viash,active,98.0,7.41457288135059,0,Scientific Software,Peer-reviewed,Scala,viash-io,viash.io,organization,,https://viash.io,,,0,,,,43,0,,,343,10,32,5,0.4624491305956345,0.375,5,2,"hcannoodt,rcannood",5,19,1,7,0,0,push:343d commits:23 active_maint:2 closed:9 merged:7,https://science.ecosyste.ms/projects/850
1069,PyTASER,https://github.com/wmd-group/pytaser,dormant,100.0,5.4116460518550396,0,Scientific Software,Peer-reviewed,Python,WMD-group,Materials Design Group,organization,,https://wmd-group.github.io,,,0,,,,33,0,,,221,7,3,1,0.5073068893528183,0.0,6,0,"",1,1,1,1,0,0,push:221d commits:3 active_maint:0 closed:2 merged:1,https://science.ecosyste.ms/projects/831
1070,elmada,https://github.com/drafproject/elmada,unknown,98.0,7.409741954080923,0,Scientific Software,Peer-reviewed,Python,,,,,,"go,pypi","github.com/drafproject/elmada,github.com/DrafProject/elmada,elmada",57,1,0,1,31,0,701,,701,1,0,0,0.0,0.0,0,0,"",0,0,0,0,0,0,push:701d release:701d commits:0 active_maint:0 closed:0 merged:0,https://science.ecosyste.ms/projects/1725
1071,individual,https://github.com/mrc-ide/individual,active,98.0,7.401231264413014,0,Scientific Software,Peer-reviewed,R,mrc-ide,MRC Centre for Global Infectious Disease Analysis,organization,,https://www.imperial.ac.uk/mrc-global-infectious-disease-analysis,cran,individual,0,7,0,0,35,0,1476,,52,7,15,2,0.5528942115768463,0.33333333333333337,5,1,giovannic,0,4,0,3,0,0,pkg:removed push:52d release:1476d commits:15 active_maint:1 closed:3 merged:3,https://science.ecosyste.ms/projects/1739
1072,workloopR,https://github.com/ropensci/workloopr,dormant,98.0,7.384610383176975,0,Scientific Software,Peer-reviewed,R,ropensci,rOpenSci,organization,,https://ropensci.org/,cran,workloopR,178,0,0,1,3,0,1911,,743,3,0,0,0.3076923076923077,0.0,2,0,"",0,1,0,1,0,0,push:743d release:1911d commits:0 active_maint:0 closed:1 merged:1,https://science.ecosyste.ms/projects/2401
1073,UKCensusAPI,https://github.com/virgesmith/ukcensusapi,unknown,95.0,10.381273322223919,0,Scientific Software,Peer-reviewed,Python,virgesmith,Andrew Smith,user,,virgesmith.github.io,"conda,pypi",ukcensusapi,121,2,1,1,40,0,1587,,1465,6,0,0,0.23966942148760328,0.0,1,0,"",0,0,0,0,0,0,push:1465d release:1587d commits:0 active_maint:0 closed:0 merged:0,https://science.ecosyste.ms/projects/2955
1074,Mordecai,https://github.com/openeventdata/mordecai,unknown,93.0,12.361793520526948,0,Scientific Software,Peer-reviewed,Python,openeventdata,Open Event Data Alliance,organization,,http://openeventdata.org/,pypi,mordecai,45,4,0,1,767,0,2207,,1777,6,0,0,0.3622448979591837,0.0,2,0,"",0,0,0,0,0,0,push:1777d release:2207d commits:0 active_maint:0 closed:0 merged:0,https://science.ecosyste.ms/projects/3072
1075,Distant Viewing Toolkit,https://github.com/distant-viewing/dvt,dormant,95.0,10.361228805209663,0,Scientific Software,Peer-reviewed,Jupyter Notebook,distant-viewing,Distant Viewing Lab,organization,,https://distantviewing.org,pypi,dvt,143,1,0,1,114,0,728,,13,2,1,1,0.03125,0.0,1,0,"",0,0,0,0,0,0,push:13d release:728d commits:1 active_maint:0 closed:0 merged:0,https://science.ecosyste.ms/projects/2330
1076,PySwarming,https://github.com/mrsonandrade/pyswarming,dormant,98.0,7.352441100243583,0,Scientific Software,Peer-reviewed,Python,mrsonandrade,Emerson de Andrade,user,COPPE/UFRJ,https://scholar.google.com/citations?user=tMI6q0kAAAAJ,pypi,pyswarming,24,1,0,1,28,0,1009,,749,2,1,1,0.03389830508474578,0.0,0,0,"",1,0,0,0,0,0,push:749d release:1009d commits:1 active_maint:0 closed:0 merged:0,https://science.ecosyste.ms/projects/983
1077,UltraDark.jl,https://github.com/musoke/ultradark.jl,dormant,100.0,5.3471075307174685,0,Scientific Software,Peer-reviewed,Julia,musoke,Nathan Musoke,user,UNH,nathan.musoke.ca,julia,UltraDark,0,0,0,0,18,0,835,,42,6,1,1,0.1123188405797102,0.0,1,1,musoke,0,2,0,0,0,0,push:42d release:835d commits:0 active_maint:1 closed:0 merged:0,https://science.ecosyste.ms/projects/739
1078,madupite,https://github.com/madupite/madupite,dormant,100.0,5.337538079701318,0,Scientific Software,Peer-reviewed,C++,madupite,madupite,organization,,,,,0,,,,27,0,,,479,8,0,0,0.4314115308151093,0.0,1,0,"",0,8,0,8,0,0,push:479d commits:0 active_maint:0 closed:8 merged:8,https://science.ecosyste.ms/projects/231
1079,Phobos,https://github.com/dfki-ric/phobos,active,95.0,10.33113806777952,0,Scientific Software,Peer-reviewed,Python,dfki-ric,"DFKI GmbH, Robotics Innovation Center",organization,,https://robotik.dfki-bremen.de/en/,,,0,,,,898,0,,,16,44,22,5,0.7880258899676376,0.6363636363636364,2,0,"",6,7,3,3,0,0,push:16d commits:22 active_maint:0 closed:6 merged:3,https://science.ecosyste.ms/projects/2345
1080,bmgarch,https://github.com/ph-rast/bmgarch,active,95.0,10.328428437144948,0,Scientific Software,Peer-reviewed,R,ph-rast,Philippe Rast,user,"University of California, Davis",,cran,bmgarch,321,0,0,1,18,0,1052,,23,5,16,1,0.3036093418259024,0.0,1,0,"",0,0,0,0,0,0,push:23d release:1052d commits:16 active_maint:0 closed:0 merged:0,https://science.ecosyste.ms/projects/1808
1081,dml,https://github.com/terrytangyuan/dml,unknown,93.0,12.317846551365164,0,Scientific Software,Peer-reviewed,R,terrytangyuan,Yuan Tang,user,Red Hat,https://terrytangyuan.github.io/about/,"cran,conda","dml,r-dml",249,0,0,1,58,0,2459,,1119,11,0,0,0.5869565217391304,0.0,1,0,"",0,0,0,0,0,0,push:1119d release:2459d commits:0 active_maint:0 closed:0 merged:0,https://science.ecosyste.ms/projects/2737
1082,TensorInference,https://github.com/tensorbfs/tensorinference.jl,dormant,98.0,7.305188215393037,0,Scientific Software,Peer-reviewed,Julia,TensorBFS,TensorBFS,organization,,,julia,TensorInference,0,0,0,0,25,0,394,,324,4,3,1,0.46634615384615385,0.0,2,1,GiggleLiu,2,10,1,5,0,0,push:324d release:394d commits:3 active_maint:1 closed:8 merged:5,https://science.ecosyste.ms/projects/973
1083,PhaseTypeR,https://github.com/rivasiker/phasetyper,unknown,93.0,12.294907359230663,0,Scientific Software,Peer-reviewed,R,rivasiker,Iker Rivas-González,user,Aarhus University,https://rivasiker.github.io/,cran,PhaseTypeR,243,0,0,1,2,0,1470,,1190,5,0,0,0.19363395225464186,0.0,1,0,"",0,0,0,0,0,0,push:1190d release:1470d commits:0 active_maint:0 closed:0 merged:0,https://science.ecosyste.ms/projects/1230
1084,RCaller,https://github.com/jbytecode/rcaller,dormant,93.0,12.288942123352468,0,Scientific Software,Peer-reviewed,Java,jbytecode,Mehmet Hakan Satman,user,Istanbul University,,maven,com.github.jbytecode:RCaller,0,59,3,0,79,0,1798,,382,28,0,0,0.4568181818181818,0.0,3,0,"",1,2,0,2,0,0,push:382d release:1798d commits:0 active_maint:0 closed:2 merged:2,https://science.ecosyste.ms/projects/2058
1085,MicrobiomeR,https://github.com/vallenderlab/microbiomer,dormant,100.0,5.272999558563747,0,Scientific Software,Peer-reviewed,R,vallenderlab,Vallender Lab,organization,,https://vallenderlab.org,,,0,,,,24,0,,,48,5,1,1,0.34201183431952664,0.0,1,0,"",0,1,0,0,0,0,push:48d commits:1 active_maint:0 closed:0 merged:0,https://science.ecosyste.ms/projects/2614
1086,A C++ Implementation of a Cartesian Impedance Controller for Robotic Manipulators,https://github.com/matthias-mayr/cartesian-impedance-controller,active,98.0,7.268920128193722,0,Scientific Software,Peer-reviewed,C++,matthias-mayr,Matthias Mayr,user,Lund University,,,,0,,,,334,0,,,71,7,33,2,0.5855855855855856,0.33333333333333337,1,0,"",1,0,0,0,0,0,push:71d commits:33 active_maint:0 closed:0 merged:0,https://science.ecosyste.ms/projects/852
1087,pySYD,https://github.com/ashleychontos/pysyd,dormant,95.0,10.259762416453519,0,Scientific Software,Peer-reviewed,Python,ashleychontos,Ashley Chontos,user,Princeton University,ashleyin.space,pypi,pysyd,100,1,0,1,32,0,1225,,38,8,0,0,0.05993150684931503,0.0,1,1,ashleychontos,0,3,0,3,0,0,push:38d release:1225d commits:0 active_maint:1 closed:3 merged:3,https://science.ecosyste.ms/projects/1345
1088,rigr,https://github.com/statdivlab/rigr,active,95.0,10.258921727038727,0,Scientific Software,Peer-reviewed,R,statdivlab,Statistical Diversity Lab,organization,,statisticaldiversitylab.com/,cran,rigr,121,1,0,1,10,0,331,,44,10,22,4,0.6656976744186047,0.5,5,1,svteichman,1,6,0,4,0,0,push:44d release:331d commits:22 active_maint:1 closed:4 merged:4,https://science.ecosyste.ms/projects/1287
1089,CMakePPLang,https://github.com/cmakepp/cmakepplang,dormant,100.0,5.2574953720277815,0,Scientific Software,Peer-reviewed,CMake,CMakePP,CMakePP,organization,,https://cmakepp.github.io/,,,0,,,,14,0,,,407,6,0,0,0.6511627906976745,0.0,0,0,"",2,1,0,1,0,0,push:407d commits:0 active_maint:0 closed:1 merged:1,https://science.ecosyste.ms/projects/1001
1090,gospl,https://github.com/geodels/gospl,active,95.0,10.254144424149297,0,Scientific Software,Peer-reviewed,Python,Geodels,GEOdels,organization,,www.earthcolab.org,"go,pypi","github.com/geodels/gospl,gospl,github.com/Geodels/gospl",98,1,0,1,83,0,705,,20,4,314,1,0.03508771929824561,0.0,2,1,tristan-salles,2,12,1,9,0,0,push:20d release:705d commits:314 active_maint:1 closed:13 merged:9,https://science.ecosyste.ms/projects/2022
1091,Arabica,https://github.com/petrkorab/arabica,unknown,93.0,12.25307549912551,0,Scientific Software,Peer-reviewed,Python,PetrKorab,Petr Koráb,user,Lentiamo,https://petrkorab.medium.com,pypi,arabica,556,1,1,1,75,0,614,,455,5,0,0,0.0025188916876573986,0.0,1,0,"",0,0,0,0,0,0,push:455d release:614d commits:0 active_maint:0 closed:0 merged:0,https://science.ecosyste.ms/projects/716
1092,Application Skeleton,https://github.com/applicationskeleton/skeleton,unknown,100.0,5.247024072160486,0,Scientific Software,Peer-reviewed,TeX,applicationskeleton,applicationskeleton,organization,,,,,0,,,,13,0,,,3487,10,0,0,0.6616915422885572,0.0,1,0,"",0,0,0,0,0,0,push:3487d commits:0 active_maint:0 closed:0 merged:0,https://science.ecosyste.ms/projects/3132
1093,policytree,https://github.com/grf-labs/policytree,dormant,93.0,12.2456058098655,0,Scientific Software,Peer-reviewed,R,grf-labs,GRF Labs,organization,,https://grf-labs.github.io/grf/,"cran,conda","policytree,r-policytree",672,2,1,1,87,0,777,,162,3,4,1,0.046242774566473965,0.0,2,0,"",1,0,0,0,0,0,push:162d release:777d commits:4 active_maint:0 closed:0 merged:0,https://science.ecosyste.ms/projects/2215
1094,Segmenteverygrain,https://github.com/zsylvester/segmenteverygrain,active,93.0,12.243638143416316,0,Scientific Software,Peer-reviewed,Jupyter Notebook,zsylvester,Zoltán Sylvester,user,"Bureau of Economic Geology, UT Austin",https://zsylvester.github.io,pypi,segmenteverygrain,403,0,0,1,548,0,360,,57,4,90,2,0.059374999999999956,0.07777777777777772,0,0,"",3,2,2,0,0,0,push:57d release:360d commits:90 active_maint:0 closed:3 merged:0,https://science.ecosyste.ms/projects/38
1095,PyStokes,https://github.com/rajeshrinet/pystokes,active,95.0,10.242812858139747,0,Scientific Software,Peer-reviewed,Cython,rajeshrinet,Rajesh Singh,user,IIT Madras,rajeshrinet.github.io,pypi,pystokes,64,0,0,1,51,0,824,,33,10,21,2,0.2564612326043738,0.2857142857142857,1,0,"",0,2,0,1,0,0,push:33d release:824d commits:21 active_maint:0 closed:2 merged:1,https://science.ecosyste.ms/projects/2211
1096,GeneScape,https://github.com/ialbert/genescape-central,dormant,98.0,7.238496840894365,0,Scientific Software,Peer-reviewed,Python,ialbert,Istvan Albert,user,,https://www.ialbert.me,pypi,genescape,28,0,0,1,20,0,708,,205,2,0,0,0.006172839506172867,0.0,0,0,"",2,0,1,0,0,0,push:205d release:708d commits:0 active_maint:0 closed:1 merged:0,https://science.ecosyste.ms/projects/659
1097,RSMTool,https://github.com/educationaltestingservice/rsmtool,dormant,93.0,12.227256671197303,0,Scientific Software,Peer-reviewed,Python,EducationalTestingService,ETS,organization,,https://www.ets.org,pypi,rsmtool,92,1,0,4,71,0,871,,580,18,0,0,0.4764331210191083,0.0,2,0,"",1,4,0,3,0,0,push:580d release:871d commits:0 active_maint:0 closed:3 merged:3,https://science.ecosyste.ms/projects/3117
1098,OptiCommPy,https://github.com/edsonportosilva/opticommpy,active,93.0,12.225021967688585,0,Scientific Software,Peer-reviewed,Python,edsonportosilva,Edson Porto da Silva,user,UFCG,https://scholar.google.com.br/citations?user=GhsC1FUAAAAJ,"pypi,go","opticommpy,github.com/edsonportosilva/OptiCommPy,github.com/edsonportosilva/opticommpy",210,0,0,1,201,0,356,,6,7,278,2,0.02561669829222013,0.010791366906474864,1,0,"",2,3,0,2,0,0,push:6d release:356d commits:275 active_maint:0 closed:2 merged:2,https://science.ecosyste.ms/projects/647
1099,RidePy,https://github.com/physicsofmobility/ridepy,dormant,95.0,10.22375781458106,0,Scientific Software,Peer-reviewed,Python,PhysicsOfMobility,Physics of Mobility,organization,,,pypi,ridepy,94,0,0,1,10,0,709,,41,5,1,1,0.2145922746781116,0.0,6,1,fxjung,0,1,0,1,0,0,push:41d release:709d commits:1 active_maint:1 closed:1 merged:1,https://science.ecosyste.ms/projects/715
1100,BiRank,https://github.com/brianaronson/birankr,dead,95.0,10.216398679033684,0,Scientific Software,Peer-reviewed,R,BrianAronson,Brian Aronson,user,The Adecco Group,,pypi,birankpy,104,1,0,1,41,0,1723,,1723,6,0,0,0.44025157232704404,0.0,1,0,"",1,1,0,0,0,0,push:1723d release:1723d commits:0 active_maint:0 closed:0 merged:0,https://science.ecosyste.ms/projects/2196
1101,REvoSim v3,https://github.com/palaeoware/revosim,active,100.0,5.214935757608986,0,Scientific Software,Peer-reviewed,C++,palaeoware,palaeoware,organization,,,,,0,,,,23,0,,,177,9,29,3,0.24083769633507857,0.06896551724137934,0,0,"",0,2,0,2,0,0,push:177d commits:29 active_maint:0 closed:2 merged:2,https://science.ecosyste.ms/projects/1014
1102,smot,https://github.com/flu-crew/smot,active,95.0,10.206033606636451,0,Scientific Software,Peer-reviewed,Python,flu-crew,Flu-crew at the National Animal Disease Center,organization,,,pypi,smot,345,1,0,1,14,0,348,,348,7,2,2,0.08720930232558144,0.5,1,1,markin-alex,0,0,0,0,0,0,push:348d release:348d commits:2 active_maint:1 closed:0 merged:0,https://science.ecosyste.ms/projects/1292
1103,rgfrosh,https://github.com/vasulab/rgfrosh,unknown,100.0,5.19295685089021,0,Scientific Software,Peer-reviewed,Python,VasuLab,Vasu Lab,organization,,https://mae.ucf.edu/VasuLab/,pypi,rgfrosh,16,1,0,1,5,0,749,,636,1,0,0,0.0,0.0,1,0,"",0,0,0,0,0,0,push:636d release:749d commits:0 active_maint:0 closed:0 merged:0,https://science.ecosyste.ms/projects/605
1104,Noisyopt,https://github.com/andim/noisyopt,dormant,93.0,12.186604362334775,0,Scientific Software,Peer-reviewed,Python,andim,Andreas Tiffeau-Mayer,user,University College London,https://andim.github.io/,pypi,noisyopt,999,25,6,1,88,0,3363,,289,2,4,1,0.00694444444444442,0.0,1,0,"",2,0,1,0,0,0,push:289d release:3363d commits:4 active_maint:0 closed:1 merged:0,https://science.ecosyste.ms/projects/3026
1105,StormR,https://github.com/umr-amap/stormr,active,95.0,10.17861615891629,0,Scientific Software,Peer-reviewed,R,umr-amap,UMR AMAP,organization,,http://amap.cirad.fr,"go,cran","github.com/umr-amap/StormR,github.com/umr-amap/stormr,StormR",170,0,0,1,19,0,694,,14,9,74,4,0.33937198067632846,0.44594594594594594,2,1,thomaspibanez,9,14,6,12,0,0,push:14d release:694d commits:67 active_maint:1 closed:20 merged:12,https://science.ecosyste.ms/projects/873
1106,TX$^2$,https://github.com/ornl/tx2,dead,98.0,7.1785454837637,0,Scientific Software,Peer-reviewed,Python,ORNL,Oak Ridge National Laboratory,organization,,http://software.ornl.gov,pypi,tx2,16,1,0,2,20,0,644,,644,3,0,0,0.1517857142857143,0.0,2,0,"",1,0,0,0,0,0,push:644d release:644d commits:0 active_maint:0 closed:0 merged:0,https://science.ecosyste.ms/projects/1652
1107,NLSE,https://github.com/quantum-optics-lkb/nlse,dormant,100.0,5.170483995038152,0,Scientific Software,Peer-reviewed,Jupyter Notebook,Quantum-Optics-LKB,Quantum Optics and Quantum Fluids team - LKB,organization,,www.quantumoptics.fr,,,0,,,,27,0,,,168,9,5,2,0.10481586402266285,0.4,2,0,"",0,2,0,1,0,0,push:168d commits:5 active_maint:0 closed:1 merged:1,https://science.ecosyste.ms/projects/581
1108,popeye,https://github.com/kdesimone/popeye,unknown,95.0,10.170150257763833,0,Scientific Software,Peer-reviewed,Python,kdesimone,Kevin DeSimone,user,Integral,,pypi,popeye,46,1,0,1,35,0,2507,,1934,16,0,0,0.08848968729208251,0.0,1,0,"",0,0,0,0,0,0,push:1934d release:2507d commits:0 active_maint:0 closed:0 merged:0,https://science.ecosyste.ms/projects/3088
1109,fABBA,https://github.com/nla-group/fabba,active,95.0,10.169115715456492,0,Scientific Software,Peer-reviewed,Python,nla-group,nla-group,organization,,,"pypi,conda",fabba,183,1,0,1,53,0,456,,70,3,80,1,0.014399999999999968,0.0,1,0,"",1,0,1,0,0,0,push:70d release:456d commits:80 active_maint:0 closed:1 merged:0,https://science.ecosyste.ms/projects/759
1110,Raphtory,https://github.com/pometry/raphtory,active,95.0,10.159137015406596,0,Scientific Software,Peer-reviewed,Rust,Pometry,Pometry,organization,,www.pometry.com,,,0,,,,630,0,,,3,41,502,18,0.7723356009070295,0.6573705179282869,12,8,"ljeub-pometry,ricopinazo,shivamka1,miratepuffin,fabianmurariu,arienandalibi,DanielLacina,BaCk7",44,182,5,87,0,0,push:3d commits:480 active_maint:8 closed:120 merged:87,https://science.ecosyste.ms/projects/763
1111,EnergyModelsX,https://github.com/energymodelsx/energymodelsbase.jl,active,98.0,7.150701457592526,0,Scientific Software,Peer-reviewed,Julia,EnergyModelsX,EnergyModelsX,organization,,,julia,EnergyModelsBase,0,0,1,0,14,0,394,,32,6,16,4,0.31443298969072164,0.25,3,2,"JulStraus,hellemo",2,16,1,16,0,0,push:32d release:394d commits:16 active_maint:2 closed:17 merged:16,https://science.ecosyste.ms/projects/703
1112,itmlogic,https://github.com/edwardoughton/itmlogic,dead,95.0,10.145649109686099,0,Scientific Software,Peer-reviewed,Python,edwardoughton,Edward Oughton,user,"George Mason University, VA",https://science.gmu.edu/directory/edward-oughton,"pypi,conda",itmlogic,88,1,0,2,73,0,500,,442,4,0,0,0.1527777777777778,0.0,2,0,"",0,2,0,0,0,0,push:442d release:500d commits:0 active_maint:0 closed:0 merged:0,https://science.ecosyste.ms/projects/2201
1113,viv,https://github.com/hms-dbmi/viv,active,85.0,20.13154988248708,0,,,JavaScript,hms-dbmi,Harvard Medical School - Department of Biomedical Informatics,organization,,http://dbmi.hms.harvard.edu/,"npm,go","@vivjs/types,@vivjs/loaders,@vivjs/extensions,@vivjs/viewers,zelibobla-viv,@hms-dbmi/viv,@vivjs/layers,@vivjs/views,@vivjs/constants,github.com/hms-dbmi/viv",76561,17,7,4,351,0,379,,45,22,34,8,0.47217235188509876,0.7941176470588236,6,2,"ilan-gold,keller-mark",6,29,2,8,0,0,pkg:deprecated push:45d release:379d commits:21 active_maint:2 closed:13 merged:8,https://science.ecosyste.ms/projects/3795
1114,pyopmspe11,https://github.com/opm/pyopmspe11,active,100.0,5.123963979403259,0,Scientific Software,Peer-reviewed,C++,OPM,OPM,organization,,www.opm-project.org,,,0,,,,21,0,,,6,8,30,1,0.096551724137931,0.0,2,1,daavid00,0,25,0,22,0,0,push:6d commits:30 active_maint:1 closed:22 merged:22,https://science.ecosyste.ms/projects/298
1115,RayFlare,https://github.com/qpv-research-group/rayflare,dormant,95.0,10.120210536047415,0,Scientific Software,Peer-reviewed,Python,qpv-research-group,Quantum Photovoltaics Research Group,organization,,https://www.qpvgroup.org,"go,pypi","github.com/qpv-research-group/rayflare,rayflare",90,1,0,1,48,0,672,,406,5,0,0,0.11566265060240966,0.0,1,0,"",1,1,0,1,0,0,push:406d release:672d commits:0 active_maint:0 closed:1 merged:1,https://science.ecosyste.ms/projects/1754
1116,bfit,https://github.com/dfujim/bfit,active,95.0,10.11876020946977,0,Scientific Software,Peer-reviewed,Python,dfujim,Derek Fujimoto,user,TRIUMF,,pypi,bfit,687,1,0,1,0,0,421,,9,7,16,3,0.07324364723467858,0.4375,1,0,"",0,3,0,3,0,0,push:9d release:421d commits:16 active_maint:0 closed:3 merged:3,https://science.ecosyste.ms/projects/1744
1117,Omnizart,https://github.com/music-and-culture-technology-lab/omnizart,active,95.0,10.108711502547386,0,Scientific Software,Peer-reviewed,Python,Music-and-Culture-Technology-Lab,MCTLab,organization,,https://sites.google.com/view/mctl/,,,0,,,,1946,0,,,60,14,18,1,0.17148014440433212,0.0,3,0,"",0,0,0,0,0,0,push:60d commits:18 active_maint:0 closed:0 merged:0,https://science.ecosyste.ms/projects/1668
1118,PyLops-MPI - MPI Powered PyLops with mpi4py,https://github.com/pylops/pylops-mpi,active,95.0,10.106632457343649,0,Scientific Software,Peer-reviewed,Python,PyLops,PyLops,organization,,,pypi,pylops-mpi,168,0,0,1,23,0,359,,12,7,226,6,0.5363790186125211,0.6991150442477876,2,2,"rohanbabbar04,tharittk",8,31,5,21,0,0,push:12d release:359d commits:226 active_maint:2 closed:26 merged:21,https://science.ecosyste.ms/projects/330
1119,PolarToolkit,https://github.com/mdtanker/polartoolkit,active,93.0,12.101511810042911,0,Scientific Software,Peer-reviewed,Python,mdtanker,Matt Tankersley,user,"Antarctic Research Centre, Victoria University of Wellington",https://www.linkedin.com/in/matthew-tankersley/,"pypi,go","polartoolkit,github.com/mdtanker/polartoolkit",414,0,2,1,65,0,357,,22,9,42,5,0.0676470588235294,0.2142857142857143,1,1,mdtanker,17,58,12,47,0,0,push:22d release:357d commits:35 active_maint:1 closed:61 merged:47,https://science.ecosyste.ms/projects/527
1120,WearableHRV,https://github.com/aminsinichi/wearable-hrv,dormant,98.0,7.090076835776092,0,Scientific Software,Peer-reviewed,Python,Aminsinichi,Amin Sinichi,user,Vrije Universiteit Amsterdam,,pypi,wearablehrv,39,0,0,1,14,0,651,,651,2,0,0,0.008064516129032251,0.0,1,0,"",0,1,0,1,0,0,push:651d release:651d commits:0 active_maint:0 closed:1 merged:1,https://science.ecosyste.ms/projects/523
1121,"floodlight - A high-level, data-driven sports analytics framework",https://github.com/floodlight-sports/floodlight,active,93.0,12.08935903783181,0,Scientific Software,Peer-reviewed,Python,floodlight-sports,floodlight-sports,organization,,,pypi,floodlight,225,1,0,1,126,0,368,,87,8,52,2,0.39931740614334466,0.05769230769230771,0,0,"",2,19,1,17,0,0,push:87d release:368d commits:52 active_maint:0 closed:18 merged:17,https://science.ecosyste.ms/projects/1422
1122,Sarracen,https://github.com/ttricco/sarracen,active,95.0,10.085809109330082,0,Scientific Software,Peer-reviewed,Python,ttricco,Terrence Tricco,user,,,pypi,sarracen,49,0,0,1,22,0,942,,94,16,178,5,0.6012658227848101,0.4550561797752809,1,1,ttricco,5,30,0,15,0,0,push:94d release:942d commits:178 active_maint:1 closed:17 merged:15,https://science.ecosyste.ms/projects/1096
1123,proteoDA,https://github.com/byrumlab/proteoda,active,100.0,5.081404364984463,0,Scientific Software,Peer-reviewed,R,ByrumLab,,user,,,,,0,,,,17,0,,,118,2,84,1,0.011627906976744207,0.0,6,1,ByrumLab,4,1,1,1,0,0,push:118d commits:84 active_maint:1 closed:2 merged:1,https://science.ecosyste.ms/projects/1117
1124,OpenMSIStream,https://github.com/openmsi/openmsistream,active,95.0,10.068154174091362,0,Scientific Software,Peer-reviewed,Python,openmsi,Open MSI,organization,,,pypi,openmsistream,259,1,0,2,10,0,594,,25,7,139,4,0.3405063291139241,0.3309352517985612,0,0,"",13,22,5,14,0,0,push:25d release:594d commits:139 active_maint:0 closed:21 merged:14,https://science.ecosyste.ms/projects/1211
1125,OpenCCM,https://github.com/uw-comphys/openccm,active,100.0,5.049856007249537,0,Scientific Software,Peer-reviewed,Python,uw-comphys,uw-comphys,organization,,,pypi,openccm,10,0,0,3,2,0,638,,100,6,49,1,0.2180094786729858,0.0,3,1,Alex-Vasile,0,3,0,3,0,0,push:100d release:638d commits:49 active_maint:1 closed:3 merged:3,https://science.ecosyste.ms/projects/425
1126,SounderPy,https://github.com/kylejgillett/sounderpy,active,93.0,12.03585355752385,0,Scientific Software,Peer-reviewed,Jupyter Notebook,kylejgillett,KyleJGillett,user,,,"pypi,go","sounderpy,github.com/kylejgillett/sounderpy",1187,0,0,1,77,0,342,,69,3,28,2,0.019607843137254943,0.0357142857142857,1,0,"",8,2,2,1,0,0,push:69d release:342d commits:28 active_maint:0 closed:3 merged:1,https://science.ecosyste.ms/projects/16
1127,s(ound)lab,https://github.com/drmarc/slab,active,93.0,12.026204077697287,0,Scientific Software,Peer-reviewed,Jupyter Notebook,DrMarc,Marc,user,"Leipzig University, University of Montreal",http://www.brams.umontreal.ca,pypi,slab,814,4,0,1,39,0,353,,151,6,6,2,0.06934306569343063,0.5,1,0,"",0,5,0,2,0,0,push:151d release:353d commits:6 active_maint:0 closed:4 merged:2,https://science.ecosyste.ms/projects/1845
1128,PyDGN,https://github.com/diningphil/pydgn,dormant,98.0,7.016609683894219,0,Scientific Software,Peer-reviewed,Python,diningphil,Federico Errica,user,NEC Laboratories Europe GmbH,https://diningphil.github.io/,,,0,,,,222,0,,,226,5,2,1,0.10582010582010581,0.0,1,1,diningphil,0,2,0,2,0,0,push:226d commits:2 active_maint:1 closed:2 merged:2,https://science.ecosyste.ms/projects/977
1129,A MATLAB-based Instrument Control (MIC) package for fluorescence imaging,https://github.com/lidkelab/matlab-instrument-control,dormant,100.0,5.0106352940962555,0,Scientific Software,Peer-reviewed,MATLAB,LidkeLab,LidkeLab,organization,,,,,0,,,,9,0,,,21,15,6,1,0.51007326007326,0.0,4,1,kalidke,0,4,0,2,0,0,push:21d commits:6 active_maint:1 closed:2 merged:2,https://science.ecosyste.ms/projects/305
1130,parafields,https://github.com/parafields/parafields,dormant,95.0,10.010007395913801,0,Scientific Software,Peer-reviewed,Python,parafields,parafields,organization,,,pypi,parafields,307,0,0,2,6,0,955,,17,6,0,0,0.4229074889867841,0.0,1,0,"",0,5,0,0,0,0,push:17d release:955d commits:0 active_maint:0 closed:2 merged:0,https://science.ecosyste.ms/projects/890
1131,Launcher,https://github.com/tacc/launcher,unknown,98.0,7.0085051820822795,0,Scientific Software,Peer-reviewed,Shell,TACC,Texas Advanced Computing Center,organization,,http://www.tacc.utexas.edu,,,0,,,,67,0,,,961,14,0,0,0.6413793103448275,0.0,0,0,"",0,0,0,0,0,0,push:961d commits:0 active_maint:0 closed:0 merged:0,https://science.ecosyste.ms/projects/3007
1132,Bitstream -- Binary Data for Humans,https://github.com/boisgera/bitstream,unknown,93.0,12.002547881085116,0,Scientific Software,Peer-reviewed,Cython,boisgera,Sébastien Boisgérault,user,Mines Paris - PSL,https://eul.ink,pypi,bitstream,509,8,0,1,96,0,1059,,1040,3,0,0,0.005571030640668551,0.0,1,0,"",0,0,0,0,0,0,push:1040d release:1059d commits:0 active_maint:0 closed:0 merged:0,https://science.ecosyste.ms/projects/2919
1133,hdlib,https://github.com/cumbof/hdlib,active,98.0,6.984716320118265,0,Scientific Software,Peer-reviewed,Python,cumbof,Fabio Cumbo,user,"Genomic Medicine Institute, Lerner Research Institute, Cleveland Clinic",https://cumbof.github.io/,"pypi,conda",hdlib,58,1,0,1,35,0,435,,73,4,82,4,0.029962546816479363,0.09756097560975607,0,0,"",0,3,0,3,0,0,push:73d release:435d commits:77 active_maint:0 closed:3 merged:3,https://science.ecosyste.ms/projects/1009
1134,spiketools,https://github.com/spiketools/spiketools,active,100.0,4.969813299576001,0,Scientific Software,Peer-reviewed,Python,spiketools,SpikeTools,organization,,https://spiketools.github.io/,,,0,,,,31,0,,,38,4,28,1,0.18855932203389836,0.0,3,1,TomDonoghue,1,3,1,2,0,0,push:38d commits:28 active_maint:1 closed:3 merged:2,https://science.ecosyste.ms/projects/920
1135,LEGWORK,https://github.com/teamlegwork/legwork,dormant,95.0,9.961520583786736,0,Scientific Software,Peer-reviewed,Python,TeamLEGWORK,LEGWORK,organization,,https://legwork.readthedocs.io/en/latest/,pypi,legwork,151,4,0,2,45,0,423,,21,3,0,0,0.32980132450331123,0.0,2,1,TomWagg,4,2,1,0,0,0,push:21d release:423d commits:0 active_maint:1 closed:1 merged:0,https://science.ecosyste.ms/projects/1618
1136,FAT Forensics,https://github.com/fat-forensics/fat-forensics,dead,95.0,9.927985024136515,0,Scientific Software,Peer-reviewed,Python,fat-forensics,FAT Forensics,organization,,,pypi,fat-forensics,56,4,0,1,79,0,1425,,108,4,0,0,0.3555555555555555,0.0,2,0,"",0,1,0,0,0,0,push:108d release:1425d commits:0 active_maint:0 closed:0 merged:0,https://science.ecosyste.ms/projects/2240
1137,AmpTorch,https://github.com/ulissigroup/amptorch,unknown,98.0,6.912742820493175,0,Scientific Software,Peer-reviewed,C++,ulissigroup,Ulissi Group,organization,,http://ulissigroup.cheme.cmu.edu/,,,0,,,,62,0,,,1110,15,0,0,0.2753623188405797,0.0,4,0,"",0,0,0,0,0,0,push:1110d commits:0 active_maint:0 closed:0 merged:0,https://science.ecosyste.ms/projects/1052
1138,PiSCAT,https://github.com/sandoghdarlab/piscat,unknown,95.0,9.908325829176377,0,Scientific Software,Peer-reviewed,Jupyter Notebook,SandoghdarLab,Sandoghdar Lab - Nano Optics,organization,,,pypi,piscat,61,1,0,1,21,0,743,,723,11,0,0,0.5739348370927319,0.0,1,0,"",0,0,0,0,0,0,push:723d release:743d commits:0 active_maint:0 closed:0 merged:0,https://science.ecosyste.ms/projects/1556
1139,QAOA.jl,https://github.com/fzj-pgi-12/qaoa.jl,dormant,100.0,4.90527477843843,0,Scientific Software,Peer-reviewed,Julia,FZJ-PGI-12,FZJ-PGI-12,organization,,https://www.fz-juelich.de/en/pgi/pgi-12,"go,julia","github.com/FZJ-PGI-12/QAOA.jl,QAOA,github.com/fzj-pgi-12/qaoa.jl",0,0,0,0,15,0,595,,123,9,2,1,0.3027522935779816,0.0,1,0,"",0,0,0,0,0,0,push:123d release:595d commits:2 active_maint:0 closed:0 merged:0,https://science.ecosyste.ms/projects/1082
1140,MOLE,https://github.com/jcorbino/mole,active,100.0,4.90527477843843,0,Scientific Software,Peer-reviewed,MATLAB,jcorbino,"Johnny Corbino Delgado, Ph.D.",user,ASML,linkedin.com/in/johnnycorbino,,,0,,,,31,0,,,60,6,97,2,0.011747430249632873,0.030927835051546393,1,1,jcorbino,1,0,1,0,0,0,push:60d commits:97 active_maint:1 closed:1 merged:0,https://science.ecosyste.ms/projects/587
1141,PyCHAM,https://github.com/simonom/pycham,active,95.0,9.894648603868925,0,Scientific Software,Peer-reviewed,Python,simonom,Simon O'Meara,user,"National Centre for Atmospheric Science, University of Manchester",https://www.research.manchester.ac.uk/portal/simon.omeara.html,pypi,pycham,116,1,0,1,60,0,2051,,48,3,16,1,0.007556675062972307,0.0,1,0,"",5,0,4,0,0,0,push:48d release:2051d commits:16 active_maint:0 closed:4 merged:0,https://science.ecosyste.ms/projects/2254
1142,flux-data-qaqc,https://github.com/open-et/flux-data-qaqc,dormant,95.0,9.893437216682628,0,Scientific Software,Peer-reviewed,Python,Open-ET,Open ET,organization,,https://etdata.org/,"go,pypi","github.com/Open-ET/flux-data-qaqc,fluxdataqaqc,github.com/open-et/flux-data-qaqc",98,1,0,1,37,0,598,,7,6,4,1,0.15207373271889402,0.0,0,0,"",1,0,0,0,0,0,push:7d release:598d commits:4 active_maint:0 closed:0 merged:0,https://science.ecosyste.ms/projects/1722
1143,RustBCA,https://github.com/lcpp-org/rustbca,active,98.0,6.891625897052254,0,Scientific Software,Peer-reviewed,Rust,lcpp-org,Laboratory of Computational Plasma Physics ,organization,,https://npre.illinois.edu/directory/profile/dcurreli,,,0,,,,58,0,,,9,12,12,2,0.13690476190476186,0.33333333333333337,1,1,drobnyjt,11,8,5,4,0,0,push:9d commits:12 active_maint:1 closed:9 merged:4,https://science.ecosyste.ms/projects/1785
1144,SeqMetrics,https://github.com/atrcheema/seqmetrics,dormant,95.0,9.889490042892275,0,Scientific Software,Peer-reviewed,Python,AtrCheema,Ather Abbas,user,"Environmental Modeling and Monitoring Lab, UNIST",,pypi,seqmetrics,171,1,0,1,18,0,734,,143,6,2,1,0.2802197802197802,0.0,1,0,"",1,0,0,0,0,0,push:143d release:734d commits:2 active_maint:0 closed:0 merged:0,https://science.ecosyste.ms/projects/564
1145,PyForestScan,https://github.com/iosefa/pyforestscan,active,95.0,9.888120075405006,0,Scientific Software,Peer-reviewed,Python,iosefa,Iosefa Percival,user,,,pypi,pyforestscan,100,0,0,1,86,0,392,,21,3,35,1,0.06818181818181823,0.0,1,1,iosefa,2,18,0,15,0,0,push:21d release:392d commits:35 active_maint:1 closed:15 merged:15,https://science.ecosyste.ms/projects/285
1146,Kepler Mapper,https://github.com/scikit-tda/kepler-mapper,dormant,95.0,9.882008520859005,0,Scientific Software,Peer-reviewed,Python,scikit-tda,Scikit-TDA,organization,,scikit-tda.org,,,0,,,,653,0,,,10,30,7,2,0.4676113360323887,0.2857142857142857,3,0,"",0,6,0,1,0,0,push:10d commits:2 active_maint:0 closed:2 merged:1,https://science.ecosyste.ms/projects/2423
1147,RcppCNPy,https://github.com/eddelbuettel/rcppcnpy,dormant,93.0,11.87673489780956,0,Scientific Software,Peer-reviewed,C++,eddelbuettel,Dirk Eddelbuettel,user,,https://dirk.eddelbuettel.com,cran,RcppCNPy,660,1,1,1,30,0,695,,139,5,5,1,0.07999999999999996,0.0,1,0,"",0,0,0,0,0,0,push:139d release:695d commits:5 active_maint:0 closed:0 merged:0,https://science.ecosyste.ms/projects/3105
1148,Bedparse,https://github.com/tleonardi/bedparse,unknown,95.0,9.874625007851026,0,Scientific Software,Peer-reviewed,Python,tleonardi,Tommaso Leonardi,user,,,pypi,bedparse,327,1,0,1,13,0,2380,,2380,3,0,0,0.4414414414414415,0.0,1,0,"",0,0,0,0,0,0,push:2380d release:2380d commits:0 active_maint:0 closed:0 merged:0,https://science.ecosyste.ms/projects/2640
1149,lavaanExtra,https://github.com/rempsyc/lavaanextra,active,100.0,4.867534450455582,0,Scientific Software,Peer-reviewed,R,rempsyc,Rémi Thériault,user,New York University,https://remi-theriault.com/,,,0,,,,20,0,,,241,6,13,2,0.040506329113924044,0.3846153846153846,1,1,rempsyc,3,7,2,5,0,0,push:241d commits:13 active_maint:1 closed:7 merged:5,https://science.ecosyste.ms/projects/958
1150,psi-collect,https://github.com/uncg-daisy/psi-collect,unknown,95.0,9.862665558015873,0,Scientific Software,Peer-reviewed,Python,UNCG-DAISY,UNCG DAISY,organization,,https://uncg-daisy.github.io/,"pypi,go","psi-collect,github.com/UNCG-DAISY/psi-collect,github.com/uncg-daisy/psi-collect",57,1,0,2,5,0,2347,,1330,10,0,0,0.6292134831460674,0.0,0,0,"",0,0,0,0,0,0,push:1330d release:2347d commits:0 active_maint:0 closed:0 merged:0,https://science.ecosyste.ms/projects/2287
1151,Hasasia,https://github.com/hazboun6/hasasia,dormant,95.0,9.853877051982794,0,Scientific Software,Peer-reviewed,Python,Hazboun6,Jeff Hazboun,user,,,"pypi,conda",hasasia,179,1,2,1,17,0,1777,,132,4,10,2,0.2785714285714286,0.30000000000000004,2,1,GourlieK,2,3,0,0,0,0,push:132d release:1777d commits:10 active_maint:1 closed:0 merged:0,https://science.ecosyste.ms/projects/2417
1152,EUKulele,https://github.com/alexanderlabwhoi/eukulele,dead,95.0,9.852194258148577,0,Scientific Software,Peer-reviewed,Python,AlexanderLabWHOI,Alexander Lab @ WHOI,organization,,AlexanderLabWHOI.github.io,pypi,eukulele,36,1,0,1,33,0,447,,447,10,0,0,0.18313953488372092,0.0,4,0,"",2,0,0,0,0,0,push:447d release:447d commits:0 active_maint:0 closed:0 merged:0,https://science.ecosyste.ms/projects/2007
1153,Gauss-Radau Small-body Simulator (GRSS),https://github.com/rahil-makadia/grss,active,95.0,9.843419026070007,0,Scientific Software,Peer-reviewed,C++,rahil-makadia,Rahil Makadia,user,University of Illinois at Urbana-Champaign,,pypi,grss,3138,0,0,1,13,0,349,,50,1,41,1,0.0,0.0,1,1,rahil-makadia,5,5,3,3,0,0,push:50d release:349d commits:41 active_maint:1 closed:6 merged:3,https://science.ecosyste.ms/projects/242
1154,ASCENDS,https://github.com/ornlpmcp/ascends,active,95.0,9.842409703027538,0,Scientific Software,Peer-reviewed,Python,,,,,,pypi,ascends-toolkit,51,1,0,1,69,0,2564,,45,2,272,2,0.3566176470588235,0.3566176470588235,0,0,"",0,13,0,0,0,0,push:45d release:2564d commits:272 active_maint:0 closed:7 merged:0,https://science.ecosyste.ms/projects/2313
1155,cppdlr,https://github.com/flatironinstitute/cppdlr,active,100.0,4.836281906951478,0,Scientific Software,Peer-reviewed,C++,flatironinstitute,Flatiron Institute,organization,,https://flatironinstitute.org/,,,0,,,,12,0,,,6,11,47,6,0.4904761904761905,0.276595744680851,3,0,"",1,1,0,1,0,0,push:6d commits:47 active_maint:0 closed:1 merged:1,https://science.ecosyste.ms/projects/557
1156,chemotools,https://github.com/paucablop/chemotools,active,93.0,11.835443652257466,0,Scientific Software,Peer-reviewed,Python,paucablop,Pau Cabaneros,user,Specshell ApS,,pypi,chemotools,589,0,0,1,81,0,438,,28,8,74,7,0.043165467625899234,0.1216216216216216,5,4,"paucablop,Gnpd,inarteroger,NusretSalli",24,47,8,20,0,0,push:28d release:438d commits:74 active_maint:4 closed:38 merged:20,https://science.ecosyste.ms/projects/562
1157,approxposterior,https://github.com/dflemin3/approxposterior,unknown,95.0,9.82903336661118,0,Scientific Software,Peer-reviewed,Python,dflemin3,David Fleming,user,Bayer Crop Science,,"conda,pypi",approxposterior,77,1,0,1,43,0,2395,,998,5,0,0,0.017114914425427896,0.0,1,0,"",0,0,0,0,0,0,push:998d release:2395d commits:0 active_maint:0 closed:0 merged:0,https://science.ecosyste.ms/projects/2774
1158,QDistRnd,https://github.com/qec-pages/qdistrnd,dormant,100.0,4.828313737302301,0,Scientific Software,Peer-reviewed,GAP,QEC-pages,QEC-pages,organization,,,,,0,,,,29,0,,,563,5,0,0,0.3377483443708609,0.0,2,1,Renyu-Wang,4,6,2,3,0,0,push:563d commits:0 active_maint:1 closed:5 merged:3,https://science.ecosyste.ms/projects/1564
1159,APECSS,https://github.com/polycfd/apecss,dormant,100.0,4.828313737302301,0,Scientific Software,Peer-reviewed,C,polycfd,,user,,,,,0,,,,28,0,,,266,5,3,1,0.5322033898305085,0.0,2,0,"",1,2,1,2,0,0,push:266d commits:3 active_maint:0 closed:3 merged:2,https://science.ecosyste.ms/projects/1101
1160,LyceanEM,https://github.com/lyceanem/lyceanem-python,active,100.0,4.828313737302301,0,Scientific Software,Peer-reviewed,Python,LyceanEM,Timothy Pelham,user,University of Bristol,https://lyceanem.com/,,,0,,,,27,0,,,25,5,100,2,0.4347133757961783,0.010000000000000009,2,1,LyceanEM,0,3,0,2,0,0,push:25d commits:100 active_maint:1 closed:2 merged:2,https://science.ecosyste.ms/projects/1107
1161,UQit,https://github.com/kth-nek5000/uqit,unknown,98.0,6.822197390620491,0,Scientific Software,Peer-reviewed,Jupyter Notebook,KTH-Nek5000,KTH Mechanics,organization,,https://www.kth.se/social/group/simex/,pypi,uqit,15,1,0,1,14,0,2089,,1645,3,0,0,0.053708439897698246,0.0,0,0,"",0,0,0,0,0,0,push:1645d release:2089d commits:0 active_maint:0 closed:0 merged:0,https://science.ecosyste.ms/projects/1916
1162,tidylda,https://github.com/tommyjones/tidylda,dormant,93.0,11.803682803938937,0,Scientific Software,Peer-reviewed,R,TommyJones,Tommy Jones,user,,http://www.jonesingfordata.com,cran,tidylda,642,0,0,1,42,0,829,,143,5,6,1,0.022177419354838745,0.0,1,0,"",0,0,0,0,0,0,push:143d release:829d commits:6 active_maint:0 closed:0 merged:0,https://science.ecosyste.ms/projects/575
1163,PyroRL,https://github.com/sisl/pyrorl,dormant,98.0,6.802394763324311,0,Scientific Software,Peer-reviewed,Python,sisl,Stanford Intelligent Systems Laboratory,organization,,sisl.stanford.edu,pypi,pyrorl,14,0,0,1,18,0,842,,484,3,0,0,0.27692307692307694,0.0,3,0,"",2,6,1,6,0,0,push:484d release:842d commits:0 active_maint:0 closed:7 merged:6,https://science.ecosyste.ms/projects/491
1164,popsynth,https://github.com/grburgess/popsynth,dead,95.0,9.793672686528922,0,Scientific Software,Peer-reviewed,Python,grburgess,J. Michael Burgess,user,Max-Planck-Institut für extraterrestrische Physik,jmichaelburgess.com,pypi,popsynth,254,1,0,1,14,0,1508,,967,5,0,0,0.09554140127388533,0.0,1,0,"",0,1,0,0,0,0,push:967d release:1508d commits:0 active_maint:0 closed:0 merged:0,https://science.ecosyste.ms/projects/1831
1165,GridapSolvers.jl,https://github.com/gridap/gridapsolvers.jl,active,95.0,9.777924329560783,0,Scientific Software,Peer-reviewed,Julia,gridap,Gridap,organization,,,julia,GridapSolvers,0,0,0,0,42,0,394,,28,9,48,3,0.07588532883642496,0.35416666666666663,3,1,JordiManyer,0,17,0,13,0,0,push:28d release:394d commits:38 active_maint:1 closed:14 merged:13,https://science.ecosyste.ms/projects/466
1166,ObsPlus,https://github.com/niosh-mining/obsplus,dormant,93.0,11.772208062900312,0,Scientific Software,Peer-reviewed,Python,niosh-mining,NIOSH Mining Program,organization,,https://www.cdc.gov/niosh/mining,"pypi,conda","obsplus,mopy",280,5,1,1,42,0,415,,49,9,8,3,0.2510460251046025,0.5,5,3,"d-chambers,calum-chamberlain,shawnboltz",3,11,3,8,0,0,push:49d release:415d commits:8 active_maint:3 closed:13 merged:8,https://science.ecosyste.ms/projects/1920
1167,xtal2png,https://github.com/sparks-baird/xtal2png,unknown,95.0,9.769384568012647,0,Scientific Software,Peer-reviewed,Python,sparks-baird,Sparks/Baird Materials Informatics,organization,,,"pypi,go,conda","xtal2png,github.com/sparks-baird/xtal2png",50,1,1,1,39,0,1125,,1030,5,0,0,0.12302284710017575,0.0,2,0,"",0,0,0,0,0,0,push:1030d release:1125d commits:0 active_maint:0 closed:0 merged:0,https://science.ecosyste.ms/projects/1447
1168,HofstadterTools,https://github.com/hofstadtertools/hofstadtertools,active,98.0,6.76619171466035,0,Scientific Software,Peer-reviewed,Python,HofstadterTools,HofstadterTools,organization,,https://hofstadter.tools,pypi,hofstadtertools,30,0,0,1,22,0,855,,124,1,13,1,0.0,0.0,1,0,"",2,0,1,0,0,0,push:124d release:855d commits:13 active_maint:0 closed:1 merged:0,https://science.ecosyste.ms/projects/766
1169,pytorch-kinematics,https://github.com/um-arm-lab/pytorch_kinematics,active,85.0,19.765271472022942,0,,,Python,UM-ARM-Lab,The Autonomous Robotic Manipulation Lab,organization,,arm.eecs.umich.edu,pypi,"pytorch-kinematics,pytorch-kinematics-ms",58478,1,4,1,791,0,570,,105,12,34,3,0.33725490196078434,0.05882352941176472,2,1,LemonPi,7,3,2,3,0,0,push:105d release:570d commits:34 active_maint:1 closed:5 merged:3,https://science.ecosyste.ms/projects/8262
1170,BladeX,https://github.com/mathlab/bladex,active,98.0,6.756932389247553,0,Scientific Software,Peer-reviewed,Python,mathLab,SISSA mathLab,organization,,http://mathlab.sissa.it,,,0,,,,91,0,,,52,11,13,2,0.7297297297297297,0.46153846153846156,5,2,"DavideOberto,ndem0",2,8,0,3,0,0,push:52d commits:13 active_maint:2 closed:5 merged:3,https://science.ecosyste.ms/projects/2666
1171,AuDoLab,https://github.com/arnetillmann/audolab,unknown,95.0,9.750336373041954,0,Scientific Software,Peer-reviewed,Jupyter Notebook,ArneTillmann,,user,,,pypi,audolab,311,0,0,1,5,0,1745,,1745,11,0,0,0.28470588235294114,0.0,2,0,"",0,0,0,0,0,0,push:1745d release:1745d commits:0 active_maint:0 closed:0 merged:0,https://science.ecosyste.ms/projects/1718
1172,stanscofi and benchscofi,https://github.com/recess-eu-project/stanscofi,unknown,100.0,4.74493212836325,0,Scientific Software,Peer-reviewed,Python,RECeSS-EU-Project,RECeSS EU project,user,Universität Rostock,http://recess-eu-project.github.io/,pypi,stanscofi,113,0,1,1,2,0,861,,525,1,0,0,0.0,0.0,0,0,"",0,0,0,0,0,0,push:525d release:861d commits:0 active_maint:0 closed:0 merged:0,https://science.ecosyste.ms/projects/849
1173,hillmaker,https://github.com/misken/hillmaker,dead,100.0,4.736198448394495,0,Scientific Software,Peer-reviewed,Python,misken,Mark Isken,user,Oakland University,http://www.sba.oakland.edu/faculty/isken/,,,0,,,,6,0,,,380,6,0,0,0.24896265560165975,0.0,1,0,"",1,0,0,0,0,0,push:380d commits:0 active_maint:0 closed:0 merged:0,https://science.ecosyste.ms/projects/846
1174,NEMSEER,https://github.com/unsw-ceem/nemseer,dead,100.0,4.736198448394496,0,Scientific Software,Peer-reviewed,Python,UNSW-CEEM,Collaboration on Energy and Environmental Markets (CEEM),organization,,http://ceem.unsw.edu.au/,,,0,,,,35,0,,,17,3,0,0,0.03423423423423422,0.0,2,0,"",0,1,0,0,0,0,push:17d commits:0 active_maint:0 closed:0 merged:0,https://science.ecosyste.ms/projects/902
1175,BIDSonym,https://github.com/peerherholz/bidsonym,active,95.0,9.731987234373758,0,Scientific Software,Peer-reviewed,Python,PeerHerholz,Peer Herholz,user,,peerherholz.github.io,pypi,bidsonym,25,0,0,1,55,0,2021,,279,8,29,1,0.09634551495016608,0.0,1,0,"",1,4,0,0,0,0,push:279d release:2021d commits:29 active_maint:0 closed:0 merged:0,https://science.ecosyste.ms/projects/1786
1176,autoplotly,https://github.com/terrytangyuan/autoplotly,dormant,93.0,11.725533714369055,0,Scientific Software,Peer-reviewed,R,terrytangyuan,Yuan Tang,user,Red Hat,https://terrytangyuan.github.io/about/,"go,cran,conda","github.com/terrytangyuan/autoplotly,autoplotly,r-autoplotly",534,3,0,1,93,0,1929,,1119,3,8,1,0.12857142857142856,0.0,1,0,"",0,4,0,4,0,0,push:1119d release:1929d commits:8 active_maint:0 closed:4 merged:4,https://science.ecosyste.ms/projects/2868
1177,UglyMol,https://github.com/uglymol/uglymol,active,95.0,9.718000992399016,0,Scientific Software,Peer-reviewed,JavaScript,uglymol,uglymol,organization,,,"bower,npm",uglymol,207,4,1,1,42,0,356,,116,2,3,2,0.0024449877750610804,0.33333333333333337,0,0,"",2,0,1,0,0,0,push:116d release:356d commits:3 active_maint:0 closed:1 merged:0,https://science.ecosyste.ms/projects/2974
1178,weatherOz,https://github.com/ropensci/weatheroz,dormant,93.0,11.717179731763732,0,Scientific Software,Peer-reviewed,R,ropensci,rOpenSci,organization,,https://ropensci.org/,cran,weatherOz,412,0,0,1,37,0,470,,112,9,9,2,0.1163120567375886,0.11111111111111116,4,2,"bozaah,adamhsparks",3,4,1,2,0,0,pkg:removed push:112d release:470d commits:9 active_maint:2 closed:3 merged:2,https://science.ecosyste.ms/projects/655
1179,filltex,https://github.com/dgerosa/filltex,active,95.0,9.70106532403517,0,Scientific Software,Peer-reviewed,Python,dgerosa,Davide Gerosa,user,University of Milano-Bicocca,http://www.davidegerosa.com,pypi,filltex,119,1,0,1,22,0,350,,205,5,17,1,0.06285714285714283,0.0,1,1,dgerosa,0,1,0,1,0,0,push:205d release:350d commits:17 active_maint:1 closed:1 merged:1,https://science.ecosyste.ms/projects/3037
1180,ivadomed,https://github.com/ivadomed/ivadomed,dead,95.0,9.697385467076769,0,Scientific Software,Peer-reviewed,Python,ivadomed,ivadomed,organization,,https://ivadomed.org,,,0,,,,163,0,,,441,35,0,0,0.5114333519241494,0.0,10,0,"",2,0,0,0,0,0,push:441d commits:0 active_maint:0 closed:0 merged:0,https://science.ecosyste.ms/projects/1982
1181,Exploring meaningful visual effects and quantities of interest from dynamic models through dynamac,https://github.com/andyphilips/dynamac,unknown,95.0,9.69609431131315,0,Scientific Software,Peer-reviewed,R,andyphilips,Andrew Q. Philips,user,"University of Colorado Boulder, Department of Political Science",http://www.andyphilips.com/,cran,dynamac,598,1,2,1,8,0,1351,,2051,3,0,0,0.19626168224299068,0.0,1,0,"",0,0,0,0,0,0,push:2051d release:1351d commits:0 active_maint:0 closed:0 merged:0,https://science.ecosyste.ms/projects/2100
1182,GoFish,https://github.com/richteague/gofish,dormant,95.0,9.69609431131315,0,Scientific Software,Peer-reviewed,Python,richteague,Rich Teague,user,Massachusetts Institute of Technology,https://richteague.github.io,pypi,gofish,125,3,0,1,14,0,539,,539,8,4,2,0.5240384615384616,0.25,1,0,"",0,2,0,1,0,0,push:539d release:539d commits:4 active_maint:0 closed:1 merged:1,https://science.ecosyste.ms/projects/2454
1183,SCONE,https://github.com/opensim-org/scone,unknown,98.0,6.6895992691789665,0,Scientific Software,Peer-reviewed,C++,opensim-org,OpenSim Project,organization,,opensim.stanford.edu,,,0,,,,68,0,,,1969,12,0,0,0.22971768202080234,0.0,2,0,"",0,0,0,0,0,0,push:1969d commits:0 active_maint:0 closed:0 merged:0,https://science.ecosyste.ms/projects/2543
1184,pygamma-agreement,https://github.com/bootphon/pygamma-agreement,dead,93.0,11.683756255048685,0,Scientific Software,Peer-reviewed,Jupyter Notebook,bootphon,CoML,organization,,https://cognitive-ml.fr,pypi,pygamma-agreement,264,2,1,2,46,0,878,,878,9,0,0,0.4684466019417476,0.0,2,0,"",1,0,0,0,0,0,push:878d release:878d commits:0 active_maint:0 closed:0 merged:0,https://science.ecosyste.ms/projects/1859
1185,ClusterValidityIndices.jl,https://github.com/ap6yc/clustervalidityindices.jl,unknown,100.0,4.68213122712422,0,Scientific Software,Peer-reviewed,Julia,AP6YC,Sasha Petrenko,user,,https://ap6yc.github.io/,julia,ClusterValidityIndices,0,0,3,0,6,0,1291,,1169,3,0,0,0.020958083832335328,0.0,1,0,"",0,0,0,0,0,0,push:1169d release:1291d commits:0 active_maint:0 closed:0 merged:0,https://science.ecosyste.ms/projects/1321
1186,EspressoDB,https://github.com/callat-qcd/espressodb,unknown,95.0,9.677840871003799,0,Scientific Software,Peer-reviewed,Python,callat-qcd,California Lattice Collaboration,organization,,https://callat-qcd.github.io,pypi,espressodb,129,3,0,1,8,0,2194,,1913,8,0,0,0.18540433925049304,0.0,2,0,"",0,0,0,0,0,0,push:1913d release:2194d commits:0 active_maint:0 closed:0 merged:0,https://science.ecosyste.ms/projects/2292
1187,SurfinPy 2.0,https://github.com/symmy596/surfinpy,unknown,95.0,9.677840871003799,0,Scientific Software,Peer-reviewed,Python,symmy596,Adam Symington,user,Fraym,www.pythonmaps.com,"pypi,conda",surfinpy,36,1,0,1,59,0,1618,,1608,7,0,0,0.26249999999999996,0.0,2,0,"",0,0,0,0,0,0,push:1608d release:1618d commits:0 active_maint:0 closed:0 merged:0,https://science.ecosyste.ms/projects/1591
1188,LightLogR,https://github.com/tscnlab/lightlogr,active,95.0,9.665737848832556,0,Scientific Software,Peer-reviewed,HTML,tscnlab,MPI-BC Translational Sensory & Circadian Neuroscience Lab & TUM Chronobiology & Health,organization,,https://www.tscnlab.org/,cran,LightLogR,218,0,0,1,20,0,415,,3,4,70,1,0.12083333333333335,0.0,3,1,JZauner,8,12,1,9,0,0,push:3d release:415d commits:70 active_maint:1 closed:11 merged:9,https://science.ecosyste.ms/projects/257
1189,City2BA,https://github.com/tkonolige/city2ba,dead,93.0,11.664083098671798,0,Scientific Software,Peer-reviewed,Rust,tkonolige,Tristan Konolige,user,OctoML,,cargo,city2ba,0,0,0,1,21,0,2344,,1296,2,0,0,0.012048192771084376,0.0,0,0,"",0,1,0,0,0,0,push:1296d release:2344d commits:0 active_maint:0 closed:0 merged:0,https://science.ecosyste.ms/projects/1279
1190,Spiral,https://github.com/casics/spiral,dead,100.0,4.663439094112067,0,Scientific Software,Peer-reviewed,Python,casics,CASICS,organization,,https://casics.github.io/overview,,,0,,,,48,1,,,1295,2,0,0,0.002096436058700246,0.0,1,0,"",0,0,0,0,0,0,archived push:1295d commits:0 active_maint:0 closed:0 merged:0,https://science.ecosyste.ms/projects/2876
1191,SGMCMCJax,https://github.com/jeremiecoullon/sgmcmcjax,unknown,93.0,11.660344969754918,0,Scientific Software,Peer-reviewed,Python,jeremiecoullon,Jeremie Coullon,user,,https://www.jeremiecoullon.com/,pypi,sgmcmcjax,109,1,0,1,105,0,1088,,1011,9,0,0,0.09790209790209792,0.0,1,0,"",0,0,0,0,0,0,push:1011d release:1088d commits:0 active_maint:0 closed:0 merged:0,https://science.ecosyste.ms/projects/1545
1192,Chaste,https://github.com/chaste/chaste,active,95.0,9.660013734748667,0,Scientific Software,Peer-reviewed,C++,Chaste,Chaste - Cancer Heart and Soft Tissue Environment,organization,,https://chaste.github.io/,,,0,,,,149,0,,,7,81,220,10,0.854840969595068,0.6545454545454545,6,6,"fcooper8472,kwabenantim,mirams,AlexFletcher,jmosborne,bdevans",51,37,13,18,0,0,push:7d commits:208 active_maint:6 closed:33 merged:18,https://science.ecosyste.ms/projects/2277
1193,SmartEDA,https://github.com/daya6489/smarteda,unknown,93.0,11.653487087515952,0,Scientific Software,Peer-reviewed,HTML,,,,,,"cran,conda","SmartEDA,r-smarteda",831,1,1,1,44,0,912,,912,3,0,0,0.18181818181818177,0.0,0,0,"",0,0,0,0,0,0,push:912d release:912d commits:0 active_maint:0 closed:0 merged:0,https://science.ecosyste.ms/projects/2461
1194,shmem4py,https://github.com/mpi4py/shmem4py,dormant,100.0,4.6443908991413725,0,Scientific Software,Peer-reviewed,Python,mpi4py,MPI for Python,organization,,,,,0,,,,27,0,,,38,4,24,3,0.4567307692307693,0.33333333333333337,2,1,dalcinl,0,21,0,14,0,0,push:38d commits:8 active_maint:1 closed:20 merged:14,https://science.ecosyste.ms/projects/1059
1195,ExoRad 2.0,https://github.com/exobssim/exorad2-public,unknown,98.0,6.643789733147672,0,Scientific Software,Peer-reviewed,Python,ExObsSim,ExObsSim,organization,,,pypi,exorad,30,1,0,1,13,0,668,,626,2,0,0,0.011627906976744207,0.0,0,0,"",0,0,0,0,0,0,push:626d release:668d commits:0 active_maint:0 closed:0 merged:0,https://science.ecosyste.ms/projects/984
1196,shar,https://github.com/r-spatialecology/shar,dormant,93.0,11.643664211786827,0,Scientific Software,Peer-reviewed,R,r-spatialecology,r-spatialecology,organization,,,cran,shar,602,0,0,1,22,0,566,,532,9,0,0,0.0816,0.0,1,0,"",0,3,0,3,0,0,push:532d release:566d commits:0 active_maint:0 closed:3 merged:3,https://science.ecosyste.ms/projects/1672
1197,The Pulsar Signal Simulator,https://github.com/psrsigsim/psrsigsim,unknown,95.0,9.640498092674719,0,Scientific Software,Peer-reviewed,Python,,,,,,pypi,psrsigsim,23,1,0,1,26,0,1998,,1994,15,0,0,0.5257903494176372,0.0,0,0,"",0,0,0,0,0,0,push:1994d release:1998d commits:0 active_maint:0 closed:0 merged:0,https://science.ecosyste.ms/projects/1981
1198,ipc,https://github.com/fellstat/ipc,dead,93.0,11.639699075131372,0,Scientific Software,Peer-reviewed,R,fellstat,Fellows Statistics,organization,,http://www.fellstat.com,cran,ipc,457,5,1,1,54,0,1281,,1266,4,0,0,0.3382352941176471,0.0,1,0,"",3,0,0,0,0,0,push:1266d release:1281d commits:0 active_maint:0 closed:0 merged:0,https://science.ecosyste.ms/projects/2727
1199,BoboCEP,https://github.com/r3w0p/bobocep,unknown,95.0,9.634823485920109,0,Scientific Software,Peer-reviewed,Python,r3w0p,Dr Power,user,,https://r3w0p.github.io/,pypi,bobocep,362,1,0,1,20,0,764,,385,2,0,0,0.0033112582781457123,0.0,1,0,"",0,0,0,0,0,0,push:385d release:764d commits:0 active_maint:0 closed:0 merged:0,https://science.ecosyste.ms/projects/912
1200,infotheory,https://github.com/madvn/infotheory,unknown,95.0,9.630497028827337,0,Scientific Software,Peer-reviewed,C++,madvn,Madhavun,user,,https://mcandadai.com/,pypi,infotheory,116,1,0,1,43,0,2560,,1176,3,0,0,0.19753086419753085,0.0,0,0,"",0,0,0,0,0,0,push:1176d release:2560d commits:0 active_maint:0 closed:0 merged:0,https://science.ecosyste.ms/projects/2280
1201,humanleague,https://github.com/virgesmith/humanleague,active,95.0,9.626547576616248,0,Scientific Software,Peer-reviewed,C++,virgesmith,Andrew Smith,user,,virgesmith.github.io,"conda,pypi",humanleague,130,2,0,1,19,0,331,,8,6,8,1,0.4054545454545454,0.0,1,1,virgesmith,0,7,0,5,0,0,push:8d release:331d commits:8 active_maint:1 closed:6 merged:5,https://science.ecosyste.ms/projects/2859
1202,FeenoX,https://github.com/seamplex/feenox,active,98.0,6.6120410348330925,0,Scientific Software,Peer-reviewed,C,seamplex,Seamplex,organization,,www.seamplex.com,,,0,,,,97,0,,,106,8,55,3,0.021723896285914535,0.036363636363636376,0,0,"",1,5,0,4,0,0,push:106d commits:55 active_maint:0 closed:4 merged:4,https://science.ecosyste.ms/projects/782
1203,CeRULEo,https://github.com/lucianolorenti/ceruleo,unknown,95.0,9.609384912281424,0,Scientific Software,Peer-reviewed,Python,lucianolorenti,Luciano Lorenti,user,,,pypi,ceruleo,68,0,0,1,30,0,773,,771,6,0,0,0.015151515151515138,0.0,1,0,"",0,0,0,0,0,0,push:771d release:773d commits:0 active_maint:0 closed:0 merged:0,https://science.ecosyste.ms/projects/1040
1204,CutePeaks,https://github.com/labsquare/cutepeaks,dormant,98.0,6.606650186198216,0,Scientific Software,Peer-reviewed,C++,labsquare,Labsquare,organization,,http://www.labsquare.org,,,0,,,,48,0,,,86,10,1,1,0.16408668730650156,0.0,5,0,"",0,2,0,2,0,0,push:86d commits:1 active_maint:0 closed:2 merged:2,https://science.ecosyste.ms/projects/1809
1205,primerForge,https://github.com/dr-joe-wirth/primerforge,dormant,100.0,4.605170185988091,0,Scientific Software,Peer-reviewed,Python,dr-joe-wirth,Joe Wirth,user,,,,,0,,,,20,0,,,188,4,0,0,0.04112149532710285,0.0,2,0,"",4,1,0,1,0,0,push:188d commits:0 active_maint:0 closed:1 merged:1,https://science.ecosyste.ms/projects/495
1206,fairmetrics: An R package for group fairness evaluation,https://github.com/jianhuig/fairmetrics,active,95.0,9.602382459752207,0,,,R,jianhuig,Jianhui Gao,user,University of Toronto,https://sites.google.com/view/jianhuigao,cran,fairmetrics,369,0,0,1,4,0,322,,105,6,166,4,0.5426356589147288,0.1807228915662651,1,1,benyamindsmith,15,1,9,0,0,0,push:105d release:322d commits:166 active_maint:1 closed:9 merged:0,https://science.ecosyste.ms/projects/373748
1207,Powering single-cell analyses in the browser with WebAssembly,https://github.com/kanaverse/kana,dormant,98.0,6.590301048196686,0,Scientific Software,Peer-reviewed,JavaScript,kanaverse,kanaverse,organization,,,,,0,,,,156,0,,,126,4,1,1,0.2948717948717948,0.0,2,2,"jkanche,LTLA",4,5,0,4,0,0,push:126d commits:1 active_maint:2 closed:4 merged:4,https://science.ecosyste.ms/projects/1018
1208,delfies,https://github.com/bricoletc/delfies,dormant,98.0,6.579251212010101,0,Scientific Software,Peer-reviewed,Python,bricoletc,Brice Letcher,user,EMBL-EBI,,pypi,delfies,71,0,0,1,4,0,421,,220,2,10,1,0.006451612903225823,0.0,1,0,"",1,0,0,0,0,0,push:220d release:421d commits:10 active_maint:0 closed:0 merged:0,https://science.ecosyste.ms/projects/322
1209,CoPro,https://github.com/jannishoch/copro,dormant,98.0,6.579251212010101,0,Scientific Software,Peer-reviewed,Jupyter Notebook,JannisHoch,Jannis Hoch,user,,,pypi,copro,14,0,0,1,9,0,1233,,20,3,7,1,0.02070063694267521,0.0,2,0,"",0,5,0,1,0,0,push:20d release:1233d commits:0 active_maint:0 closed:1 merged:1,https://science.ecosyste.ms/projects/1977
1210,PupillometryR,https://github.com/samhforbes/pupillometryr,dormant,93.0,11.57770145790914,0,Scientific Software,Peer-reviewed,R,samhforbes,Sam Forbes,user,,samforbes.me,cran,PupillometryR,517,3,2,1,48,0,1049,,227,4,4,1,0.03472222222222221,0.0,0,0,"",1,3,0,1,0,0,push:227d release:1049d commits:4 active_maint:0 closed:1 merged:1,https://science.ecosyste.ms/projects/2218
1211,txshift,https://github.com/nhejazi/txshift,unknown,95.0,9.57373270366244,0,Scientific Software,Peer-reviewed,R,nhejazi,nima hejazi,user,Harvard Chan School of Public Health,https://nimahejazi.org,cran,txshift,274,7,0,1,13,0,1632,,677,3,0,0,0.02564102564102566,0.0,3,0,"",0,0,0,0,0,0,push:677d release:1632d commits:0 active_maint:0 closed:0 merged:0,https://science.ecosyste.ms/projects/2106
1212,PyBADS,https://github.com/acerbilab/pybads,dormant,93.0,11.573531263080087,0,Scientific Software,Peer-reviewed,Python,acerbilab,acerbilab,organization,,www.helsinki.fi/machine-and-human-intelligence,pypi,pybads,464,0,0,2,89,0,761,,287,3,2,1,0.15000000000000002,0.0,2,0,"",0,2,0,2,0,0,push:287d release:761d commits:2 active_maint:0 closed:2 merged:2,https://science.ecosyste.ms/projects/809
1213,ATHENA,https://github.com/nedtaylor/athena,active,100.0,4.564348191467836,0,Scientific Software,Peer-reviewed,Fortran,nedtaylor,Ned Taylor,user,University of Exeter,,,,0,,,,38,0,,,76,3,395,1,0.4678780012978585,0.0,1,1,nedtaylor,0,7,0,6,0,0,push:76d commits:395 active_maint:1 closed:6 merged:6,https://science.ecosyste.ms/projects/613
1214,GridFormat,https://github.com/dglaeser/gridformat,dormant,100.0,4.564348191467836,0,Scientific Software,Peer-reviewed,C++,dglaeser,Dennis Gläser,user,,,,,0,,,,23,0,,,182,2,3,1,0.03275862068965518,0.0,2,2,"dglaeser,timokoch",6,60,4,42,0,0,push:182d commits:3 active_maint:2 closed:58 merged:42,https://science.ecosyste.ms/projects/951
1215,DCISolver.jl,https://github.com/juliasmoothoptimizers/dcisolver.jl,active,98.0,6.553933404025812,0,Scientific Software,Peer-reviewed,Julia,JuliaSmoothOptimizers,JuliaSmoothOptimizers,organization,,https://juliasmoothoptimizers.github.io,julia,DCISolver,0,0,0,0,18,0,332,,31,10,26,5,0.23291925465838514,0.5,4,2,"amontoison,tmigot",1,39,1,20,0,0,push:31d release:332d commits:4 active_maint:2 closed:24 merged:20,https://science.ecosyste.ms/projects/1607
1216,Mobilkit,https://github.com/mindearth/mobilkit,unknown,95.0,9.544309478379278,0,Scientific Software,Peer-reviewed,Python,mindearth,MindEarth,organization,,mindearth.ai,pypi,mobilkit,33,1,0,1,60,0,906,,877,7,0,0,0.4821428571428571,0.0,2,0,"",0,0,0,0,0,0,push:877d release:906d commits:0 active_maint:0 closed:0 merged:0,https://science.ecosyste.ms/projects/804
1217,GATree,https://github.com/lahovniktadej/gatree,dormant,98.0,6.541029999189903,0,Scientific Software,Peer-reviewed,Python,lahovniktadej,Tadej Lahovnik,user,UM FERI,,pypi,gatree,20,0,0,1,11,0,626,,409,3,0,0,0.08280254777070062,0.0,2,0,"",2,4,2,4,0,0,push:409d release:626d commits:0 active_maint:0 closed:6 merged:4,https://science.ecosyste.ms/projects/545
1218,TDEP,https://github.com/tdep-developers/tdep,active,98.0,6.529418838262226,0,Scientific Software,Peer-reviewed,Fortran,tdep-developers,tdep-developers,organization,,,,,0,,,,123,0,,,28,8,24,4,0.5668449197860963,0.16666666666666663,1,1,OrbitalC,18,7,1,4,0,0,push:28d commits:24 active_maint:1 closed:6 merged:4,https://science.ecosyste.ms/projects/843
1219,Terragon: A Unified Framework for Earth Observation Data Cube Generation,https://github.com/drnhhl/terragon,active,95.0,9.525151111816216,0,,,Python,drnhhl,Adrian Höhl,user,,,pypi,terragon-downloader,136,0,0,1,24,0,314,,238,3,7,1,0.2564102564102564,0.0,3,1,drnhhl,13,20,9,17,0,0,push:238d release:314d commits:7 active_maint:1 closed:27 merged:17,https://science.ecosyste.ms/projects/475051
1220,Imagedata,https://github.com/erling6232/imagedata,active,93.0,11.520258512337021,0,Scientific Software,Peer-reviewed,Python,erling6232,Erling Andersen,user,Haukeland University Hospital,https://www.helse-bergen.no,pypi,imagedata,1567,2,4,1,11,0,336,,7,4,360,1,0.006681514476614692,0.0,2,2,"erling6232,ehodneland",8,12,6,12,0,0,push:7d release:336d commits:360 active_maint:2 closed:18 merged:12,https://science.ecosyste.ms/projects/1509
1221,DiffCapAnalyzer,https://github.com/nicolet5/diffcapanalyzer,dead,95.0,9.515764125904122,0,Scientific Software,Peer-reviewed,Python,,,,,,pypi,diffcapanalyzer,27,1,0,1,51,0,2248,,867,9,0,0,0.5901287553648069,0.0,0,0,"",1,0,0,0,0,0,push:867d release:2248d commits:0 active_maint:0 closed:0 merged:0,https://science.ecosyste.ms/projects/2090
1222,abspy,https://github.com/chenzhaiyu/abspy,dormant,93.0,11.501055292399741,0,Scientific Software,Peer-reviewed,Python,chenzhaiyu,Zhaiyu Chen,user,Technical University of Munich,chenzhaiyu.com,pypi,abspy,364,1,0,1,97,0,419,,87,2,1,1,0.0071428571428571175,0.0,1,0,"",12,0,7,0,0,0,push:87d release:419d commits:1 active_maint:0 closed:7 merged:0,https://science.ecosyste.ms/projects/128
1223,SATLLA0,https://github.com/kcglab/satllazero,unknown,100.0,4.499809670330265,0,Scientific Software,Peer-reviewed,C++,,,,,,,,0,,,,14,0,,,925,6,0,0,0.42622950819672134,0.0,3,0,"",0,0,0,0,0,0,push:925d commits:0 active_maint:0 closed:0 merged:0,https://science.ecosyste.ms/projects/1088
1224,Ethical Smart Grid,https://github.com/ethicsai/ethical-smart-grid,dormant,100.0,4.499809670330265,0,Scientific Software,Peer-reviewed,Python,ethicsai,ETHICS.ai,organization,,,pypi,ethical-smart-grid,14,0,0,1,3,0,742,,741,3,0,0,0.23404255319148937,0.0,0,0,"",0,2,0,2,0,0,push:741d release:742d commits:0 active_maint:0 closed:2 merged:2,https://science.ecosyste.ms/projects/1025
1225,PyNM,https://github.com/ppsp-team/pynm,dormant,95.0,9.490242257109001,0,Scientific Software,Peer-reviewed,Jupyter Notebook,ppsp-team,PPSP,organization,,www.ppsp.team,pypi,pynm,46,1,0,2,53,0,1334,,245,7,2,2,0.23364485981308414,0.5,1,1,harveyaa,0,1,0,1,0,0,push:245d release:1334d commits:2 active_maint:1 closed:1 merged:1,https://science.ecosyste.ms/projects/1310
1226,buildH,https://github.com/patrickfuchs/buildh,unknown,95.0,9.486152271857476,0,Scientific Software,Peer-reviewed,Python,patrickfuchs,Patrick Fuchs,user,Université Paris Cité,https://www.dsimb.inserm.fr/~fuchs/,pypi,buildh,118,1,0,3,16,0,1652,,1318,6,0,0,0.6433962264150943,0.0,3,0,"",0,0,0,0,0,0,push:1318d release:1652d commits:0 active_maint:0 closed:0 merged:0,https://science.ecosyste.ms/projects/1763
1227,PIVA: Photoemission Interface for Visualization and Analysis,https://github.com/pudeiko/piva,active,95.0,9.483416292038601,0,,,Python,pudeIko,Wojtek Pudelko,user,University of Zürich,,pypi,piva,145,0,0,1,9,0,358,,284,6,48,1,0.2086330935251799,0.0,2,1,pudeIko,1,13,0,12,0,0,push:284d release:358d commits:48 active_maint:1 closed:12 merged:12,https://science.ecosyste.ms/projects/373738
1228,ExpFamilyPCA.jl,https://github.com/sisl/expfamilypca.jl,dormant,100.0,4.477336814478207,0,Scientific Software,Peer-reviewed,Julia,sisl,Stanford Intelligent Systems Laboratory,organization,,sisl.stanford.edu,julia,ExpFamilyPCA,0,0,0,0,10,0,575,,143,6,11,3,0.07086614173228345,0.2727272727272727,1,0,"",0,3,0,1,0,0,push:143d release:575d commits:9 active_maint:0 closed:1 merged:1,https://science.ecosyste.ms/projects/321
1229,LATTE,https://github.com/noraeisner/latte,unknown,95.0,9.47654341275084,0,Scientific Software,Peer-reviewed,Jupyter Notebook,noraeisner,Nora Eisner,user,,,pypi,tesslatte,56,1,0,1,42,0,1745,,769,3,0,0,0.016759776536312887,0.0,1,0,"",0,0,0,0,0,0,push:769d release:1745d commits:0 active_maint:0 closed:0 merged:0,https://science.ecosyste.ms/projects/2241
1230,Comrade,https://github.com/ptiede/comrade.jl,active,95.0,9.47424191576256,0,Scientific Software,Peer-reviewed,Julia,ptiede,Paul Tiede,user,,,julia,"ComradeDynesty,ComradeOptimization,Comrade,ComradeGalactic,ComradeNested,ComradeAdaptMCMC,ComradeAHMC",0,0,6,0,57,0,394,,19,7,173,4,0.060293318848451904,0.06936416184971095,2,1,ptiede,3,32,1,20,0,0,push:19d release:394d commits:163 active_maint:1 closed:24 merged:20,https://science.ecosyste.ms/projects/1437
1231,ExoTETHyS,https://github.com/ucl-exoplanets/exotethys,dormant,95.0,9.466531777336593,0,Scientific Software,Peer-reviewed,Python,ucl-exoplanets,ucl-exoplanets,organization,,,pypi,exotethys,167,1,1,1,18,0,633,,633,4,0,0,0.012121212121212088,0.0,0,0,"",1,0,1,0,0,0,push:633d release:633d commits:0 active_maint:0 closed:1 merged:0,https://science.ecosyste.ms/projects/2306
1232,OpenRepGrid.ic,https://github.com/markheckmann/openrepgrid.ic,unknown,98.0,6.455198563340122,0,Scientific Software,Peer-reviewed,HTML,markheckmann,Mark Heckmann,user,Deutsche Bahn,markheckmann.de,cran,OpenRepGrid.ic,317,0,0,1,2,0,892,,854,1,0,0,0.0,0.0,1,0,"",0,0,0,0,0,0,push:854d release:892d commits:0 active_maint:0 closed:0 merged:0,https://science.ecosyste.ms/projects/1233
1233,MIRP,https://github.com/oncoray/mirp,active,93.0,11.453599998885414,0,Scientific Software,Peer-reviewed,Python,oncoray,OncoRay – National Center for Radiation Research in Oncology,organization,,https://www.oncoray.de/,pypi,mirp,308,0,1,1,87,0,363,,16,4,221,1,0.030266343825665842,0.0,1,1,alexzwanenburg,25,9,15,9,0,0,push:16d release:363d commits:221 active_maint:1 closed:24 merged:9,https://science.ecosyste.ms/projects/586
1234,Volume Segmantics,https://github.com/diamondlightsource/volume-segmantics,dead,98.0,6.4457198193855785,0,Scientific Software,Peer-reviewed,Python,DiamondLightSource,Diamond Light Source,organization,,https://www.diamond.ac.uk,pypi,"volume-segmantics,volume-segmantics-vsui",67,1,0,1,10,1,1168,,1020,1,0,0,0.0,0.0,2,0,"",0,0,0,0,0,0,archived push:1020d release:1168d commits:0 active_maint:0 closed:0 merged:0,https://science.ecosyste.ms/projects/1383
1235,nicegui,https://github.com/zauberzeug/nicegui,active,77.0,27.437263285913435,0,,,Python,zauberzeug,Zauberzeug GmbH,organization,,www.zauberzeug.com,"pypi,go","nicegui,github.com/zauberzeug/nicegui",349006,24,44,1,13502,0,338,,332,221,663,60,0.4765169694892012,0.5248868778280543,3,2,"evnchn,rodja",69,137,33,64,17,0,push:332d release:338d commits:636 active_maint:2 closed:108 merged:64 adv:17/0,https://science.ecosyste.ms/projects/42806
1236,Mango.jl,https://github.com/offis-dai/mango.jl,active,100.0,4.430816798843313,0,Scientific Software,Peer-reviewed,Julia,OFFIS-DAI,OFFIS-DAI,organization,,,julia,Mango,0,0,0,0,11,0,697,,155,7,32,1,0.2966101694915254,0.0,1,1,rcschrg,1,12,0,9,0,0,push:155d release:697d commits:32 active_maint:1 closed:9 merged:9,https://science.ecosyste.ms/projects/468
1237,PyLithics,https://github.com/alan-turing-institute/palaeoanalytics,active,100.0,4.430816798843313,0,Scientific Software,Peer-reviewed,Python,alan-turing-institute,The Alan Turing Institute,organization,,https://turing.ac.uk,,,0,,,,18,0,,,35,3,89,1,0.4034810126582279,0.0,3,0,"",0,0,0,0,0,0,push:35d commits:89 active_maint:0 closed:0 merged:0,https://science.ecosyste.ms/projects/1623
1238,SarcGraph,https://github.com/sarc-graph/sarcgraph,unknown,100.0,4.430816798843313,0,Scientific Software,Peer-reviewed,Jupyter Notebook,Sarc-Graph,Sarc-Graph,organization,,,pypi,sarcgraph,40,0,0,2,3,0,374,,416,1,0,0,0.0,0.0,1,0,"",0,0,0,0,0,0,push:416d release:374d commits:0 active_maint:0 closed:0 merged:0,https://science.ecosyste.ms/projects/1123
1239,CHAMP is a HPC Access and Metadata Portal,https://github.com/imperialcollegelondon/champ,unknown,100.0,4.430816798843313,0,Scientific Software,Peer-reviewed,Python,ImperialCollegeLondon,Imperial College London,organization,,,,,0,,,,4,0,,,651,2,0,0,0.03105590062111796,0.0,2,0,"",0,0,0,0,0,0,push:651d commits:0 active_maint:0 closed:0 merged:0,https://science.ecosyste.ms/projects/1613
1240,diffsol: Rust crate for solving differential equations,https://github.com/martinjrobins/diffsol,active,87.0,17.42715037213704,0,,,Rust,martinjrobins,Martin Robinson,user,University of Oxford,www.rse.ox.ac.uk,cargo,diffsol,0,0,2,1,129,0,198,,6,10,158,7,0.15132924335378328,0.05696202531645567,1,1,martinjrobins,13,55,2,41,0,0,push:6d release:198d commits:158 active_maint:1 closed:45 merged:41,https://science.ecosyste.ms/projects/805341
1241,Geodata-Harvester,https://github.com/sydney-informatics-hub/geodata-harvester,unknown,98.0,6.423246963533519,0,Scientific Software,Peer-reviewed,Jupyter Notebook,Sydney-Informatics-Hub,Sydney Informatics Hub,organization,,https://sydney.edu.au/sydney-informatics-hub,pypi,geodata-harvester,13,0,0,1,8,0,1074,,1046,4,0,0,0.03404255319148941,0.0,2,0,"",0,0,0,0,0,0,push:1046d release:1074d commits:0 active_maint:0 closed:0 merged:0,https://science.ecosyste.ms/projects/998
1242,splithalf,https://github.com/sdparsons/splithalf,dead,95.0,9.409191230721348,0,Scientific Software,Peer-reviewed,R,sdparsons,Sam Parsons,user,,https://sdparsons.github.io/,cran,splithalf,304,0,0,1,11,0,1449,,1449,2,0,0,0.0078125,0.0,1,0,"",2,0,0,0,0,0,push:1449d release:1449d commits:0 active_maint:0 closed:0 merged:0,https://science.ecosyste.ms/projects/1911
1243,Octopus Sensing,https://github.com/octopus-sensing/octopus-sensing,active,95.0,9.405249044275608,0,Scientific Software,Peer-reviewed,Python,octopus-sensing,octopus-sensing,organization,,,pypi,octopus-sensing,54,1,0,1,17,0,374,,165,7,29,2,0.4057507987220448,0.2068965517241379,1,0,"",0,3,0,3,0,0,push:165d release:374d commits:29 active_maint:0 closed:3 merged:3,https://science.ecosyste.ms/projects/1563
1244,Pynteny,https://github.com/robaina/pynteny,active,98.0,6.396929655216146,0,Scientific Software,Peer-reviewed,Python,Robaina,Semidán Robaina,user,Hapdera,https://www.linkedin.com/in/semidan-robaina/,pypi,pynteny,20,0,0,0,20,0,1386,,37,2,16,1,0.009693053311793265,0.0,1,1,Robaina,4,8,4,8,0,0,push:37d release:1386d commits:16 active_maint:1 closed:12 merged:8,https://science.ecosyste.ms/projects/1202
1245,simcardems,https://github.com/computationalphysiology/simcardems,dormant,95.0,9.393661429103222,0,Scientific Software,Peer-reviewed,Python,ComputationalPhysiology,Computational Physiology at Simula Research Laboratory,organization,,https://computationalphysiology.github.io,pypi,simcardems,40,1,0,1,15,0,1008,,10,11,67,3,0.4978021978021978,0.4328358208955224,1,0,"",0,40,0,34,0,0,push:10d release:1008d commits:1 active_maint:0 closed:34 merged:34,https://science.ecosyste.ms/projects/1282
1246,hdme,https://github.com/osorensen/hdme,unknown,95.0,9.388653907372598,0,Scientific Software,Peer-reviewed,R,osorensen,Øystein Sørensen,user,@LCBC-UiO ,https://osorensen.rbind.io,cran,hdme,331,0,0,1,9,0,1171,,1168,4,0,0,0.42131979695431476,0.0,1,0,"",0,0,0,0,0,0,push:1168d release:1171d commits:0 active_maint:0 closed:0 merged:0,https://science.ecosyste.ms/projects/2569
1247,Shekar: A Python Toolkit for Persian Natural Language Processing,https://github.com/amirivojdan/shekar,active,93.0,11.384023340729367,0,,,Python,amirivojdan,Ahmad Amirivojdan,user,,amirivojdan.io,pypi,shekar,1126,0,0,1,68,0,282,,37,3,281,3,0.009090909090909038,0.010676156583629859,1,0,"",3,8,2,8,0,0,push:37d release:282d commits:281 active_maint:0 closed:10 merged:8,https://science.ecosyste.ms/projects/545662
1248,A reproducible Snakemake pipeline to analyse Illumina paired-end data from ChiP-Seq experiments,https://github.com/koesgroup/snakemake_chipseq_pe,unknown,100.0,4.382026634673881,0,Scientific Software,Peer-reviewed,Python,KoesGroup,KoesGroup,organization,,http://sils.uva.nl/content/research-groups/plant-development--epigenetics/plant-development--epigenetics.html,,,0,,,,15,0,,,2201,4,0,0,0.2543859649122807,0.0,1,0,"",0,0,0,0,0,0,push:2201d commits:0 active_maint:0 closed:0 merged:0,https://science.ecosyste.ms/projects/2555
1249,pyCeterisParibus,https://github.com/modeloriented/pyceterisparibus,unknown,95.0,9.380589347535869,0,Scientific Software,Peer-reviewed,Python,ModelOriented,Model Oriented,organization,,https://mi2.ai/,pypi,pyceterisparibus,112,1,0,1,29,0,2644,,1924,4,0,0,0.05142857142857138,0.0,1,0,"",0,0,0,0,0,0,push:1924d release:2644d commits:0 active_maint:0 closed:0 merged:0,https://science.ecosyste.ms/projects/2584
1250,clustertools,https://github.com/webbjj/clustertools,dormant,95.0,9.347926034928745,0,Scientific Software,Peer-reviewed,Python,webbjj,,user,,,pypi,clustertools,71,3,0,1,16,0,1171,,27,9,6,1,0.14311594202898548,0.0,1,0,"",1,0,0,0,0,0,push:27d release:1171d commits:6 active_maint:0 closed:0 merged:0,https://science.ecosyste.ms/projects/1131
1251,Districtgenerator,https://github.com/rwth-ebc/districtgenerator,active,98.0,6.345636360828596,0,Scientific Software,Peer-reviewed,Python,RWTH-EBC,RWTH Aachen University - E.ON Energy Research Center - Institute for Energy Efficient Buildings and Indoor Climate,organization,,http://www.ebc.eonerc.rwth-aachen.de/,,,0,,,,34,0,,,5,14,74,7,0.7438423645320197,0.5945945945945945,4,3,"marvin-kluge,carlawueller,JoelSchoelzel",25,21,18,13,0,0,push:5d commits:74 active_maint:3 closed:35 merged:13,https://science.ecosyste.ms/projects/70
1252,robot_collision_checking,https://github.com/philip-long/robot_collision_checking,dormant,100.0,4.330733340286331,0,Scientific Software,Peer-reviewed,C++,philip-long,philip long,user,,,,,0,,,,24,0,,,548,4,0,0,0.5192307692307692,0.0,1,0,"",6,0,6,0,0,0,push:548d commits:0 active_maint:0 closed:6 merged:0,https://science.ecosyste.ms/projects/307
1253,QuantizedSystemSolver,https://github.com/mongibellili/quantizedsystemsolver.jl,active,100.0,4.330733340286331,0,Scientific Software,Peer-reviewed,Julia,mongibellili,Mongi Bellili,user,,,julia,QuantizedSystemSolver,0,0,0,0,8,0,363,,166,4,11,1,0.024630541871921152,0.0,1,1,mongibellili,19,0,10,0,0,0,push:166d release:363d commits:11 active_maint:1 closed:10 merged:0,https://science.ecosyste.ms/projects/311
1254,rgugik,https://github.com/kadyb/rgugik,dormant,93.0,11.328521741971949,0,Scientific Software,Peer-reviewed,R,kadyb,Krzysztof Dyba,user,Adam Mickiewicz University,,cran,rgugik,395,0,0,1,34,0,513,,460,5,0,0,0.18890814558058922,0.0,2,0,"",9,1,8,1,0,0,push:460d release:513d commits:0 active_maint:0 closed:9 merged:1,https://science.ecosyste.ms/projects/1954
1255,WaveletsExt.jl,https://github.com/ucd4ids/waveletsext.jl,dormant,98.0,6.327936783729195,0,Scientific Software,Peer-reviewed,Julia,UCD4IDS,UC Davis TETRAPODS Institute of Data Science (UCD4IDS),organization,,https://ucd4ids.ucdavis.edu,julia,WaveletsExt,0,0,1,0,24,0,667,,226,4,11,1,0.19758064516129037,0.0,2,0,"",0,0,0,0,0,0,push:226d release:667d commits:11 active_maint:0 closed:0 merged:0,https://science.ecosyste.ms/projects/1627
1256,R-Opitools – An Opinion Analytical Tool for Big Digital Text Document (DTD),https://github.com/manalytics/opitools,unknown,95.0,9.325453179076687,0,Scientific Software,Peer-reviewed,HTML,MAnalytics,Monsuru Adepeju,user,Manchester Metropolitan University,https://mnalytics.com/,cran,opitools,186,0,0,1,12,0,1827,,1235,5,0,0,0.15463917525773196,0.0,1,0,"",0,0,0,0,0,0,push:1235d release:1827d commits:0 active_maint:0 closed:0 merged:0,https://science.ecosyste.ms/projects/1781
1257,ropenblas,https://github.com/prdm0/ropenblas,dead,93.0,11.311127467675398,0,Scientific Software,Peer-reviewed,R,prdm0,Pedro Rafael,user,UFPB,https://prdm0.rbind.io,cran,ropenblas,513,0,0,1,51,0,397,,397,3,0,0,0.004987531172069848,0.0,1,0,"",1,0,0,0,0,0,push:397d release:397d commits:0 active_maint:0 closed:0 merged:0,https://science.ecosyste.ms/projects/1945
1258,cirq,https://github.com/quantumlib/cirq,active,77.0,27.30696986004545,0,,,Python,quantumlib,quantumlib,organization,,quantumai.google,"pypi,conda,go","cirq-rigetti,cirq-pasqal,cirq-google,cirq-unstable,cirq-ionq,cirq-web,cirq-aqt,cirq-core,cirq,github.com/quantumlib/Cirq,alphaclops1,github.com/quantumlib/cirq,alphaclops,cirq-ft,cirq-dev",601713,315,29,10,5024,0,345,,3,277,404,47,0.8883312421580929,0.599009900990099,43,12,"pavoljuhas,dstrain115,daxfohl,BichengYing,eliottrosenberg,NoureldinYosri,hoisinberg,ddddddanni,jkalsi1,andbe91,babacry,zlatko-minev",38,140,12,63,0,0,push:3d release:345d commits:385 active_maint:12 closed:86 merged:63,https://science.ecosyste.ms/projects/55735
1259,Grama,https://github.com/zdelrosario/py_grama,dormant,95.0,9.305650551780507,0,Scientific Software,Peer-reviewed,Jupyter Notebook,zdelrosario,Zachary del Rosario,user,Olin College,www.zdelrosario.com,pypi,py-grama,17,2,0,1,19,0,959,,136,10,2,1,0.1403985507246377,0.0,3,1,zdelrosario,0,1,0,1,0,0,push:136d release:959d commits:2 active_maint:1 closed:1 merged:1,https://science.ecosyste.ms/projects/2181
1260,scida,https://github.com/cbyrohl/scida,active,95.0,9.298351249298896,0,Scientific Software,Peer-reviewed,Python,cbyrohl,,user,Institute for Theoretical Astrophysics,https://cbyrohl.de,pypi,scida,41,0,0,1,43,0,560,,13,5,37,2,0.047306176084099816,0.027027027027026973,2,1,cbyrohl,0,11,0,5,0,0,push:13d release:560d commits:37 active_maint:1 closed:6 merged:5,https://science.ecosyste.ms/projects/814
1261,pykoop,https://github.com/decargroup/pykoop,dormant,95.0,9.292657414465396,0,,,Python,decargroup,DECAR,organization,,decar.ca,pypi,pykoop,57,2,0,2,107,0,672,,311,2,0,0,0.0015822784810126667,0.0,2,0,"",6,14,4,13,0,0,push:311d release:672d commits:0 active_maint:0 closed:17 merged:13,https://science.ecosyste.ms/projects/41118
1262,rsudp,https://github.com/raspishake/rsudp,dormant,93.0,11.287278783437902,0,Scientific Software,Peer-reviewed,Python,raspishake,raspishake,organization,,https://raspberryshake.org,pypi,rsudp,111,2,0,1,72,0,463,,461,10,0,0,0.05423728813559325,0.0,3,0,"",1,3,1,0,0,0,push:461d release:463d commits:0 active_maint:0 closed:1 merged:0,https://science.ecosyste.ms/projects/1667
1263,TDAstats,https://github.com/rrrlw/tdastats,dormant,93.0,11.284266732967907,0,Scientific Software,Peer-reviewed,R,rrrlw,Raoul,user,,,"go,cran","github.com/rrrlw/tdastats,github.com/rrrlw/TDAstats,TDAstats",433,4,4,1,41,0,2422,,1710,5,8,2,0.07389162561576357,0.5,2,0,"",0,0,0,0,0,0,push:1710d release:2422d commits:8 active_maint:0 closed:0 merged:0,https://science.ecosyste.ms/projects/2796
1264,interflow,https://github.com/pnnl/interflow,unknown,100.0,4.276666119016055,0,Scientific Software,Peer-reviewed,Python,pnnl,Pacific Northwest National Laboratory (Public),organization,,http://www.pnnl.gov/,pypi,interflow,10,1,0,1,4,0,1067,,1065,2,0,0,0.03559127439724452,0.0,0,0,"",0,0,0,0,0,0,push:1065d release:1067d commits:0 active_maint:0 closed:0 merged:0,https://science.ecosyste.ms/projects/1490
1265,lidarwind,https://github.com/jdiasn/lidarsuit,unknown,100.0,4.276666119016055,0,Scientific Software,Peer-reviewed,Python,jdiasn,Dias Neto,user,Delft University of Technology,,pypi,lidarsuit,11,0,0,1,3,0,1380,,1303,3,0,0,0.06716417910447758,0.0,0,0,"",0,0,0,0,0,0,push:1303d release:1380d commits:0 active_maint:0 closed:0 merged:0,https://science.ecosyste.ms/projects/1240
1266,Caffeine,https://github.com/berkeleylab/caffeine,active,98.0,6.269096283706261,0,Scientific Software,Peer-reviewed,Fortran,BerkeleyLab,Berkeley Lab,organization,,https://www.lbl.gov,,,0,,,,60,0,,,4,8,307,3,0.5587155963302752,0.08143322475570036,5,3,"bonachea,ktras,rouson",4,52,3,39,0,0,push:4d commits:307 active_maint:3 closed:43 merged:39,https://science.ecosyste.ms/projects/238
1267,Bruker2nifti,https://github.com/sebastianof/bruker2nifti,dead,93.0,11.264156366017046,0,Scientific Software,Peer-reviewed,Python,SebastianoF,Sebastiano Ferraris,user,,,pypi,bruker2nifti,339,1,1,1,32,0,2390,,942,6,0,0,0.05245901639344264,0.0,2,0,"",1,0,0,0,0,0,push:942d release:2390d commits:0 active_maint:0 closed:0 merged:0,https://science.ecosyste.ms/projects/2997
1268,deepface,https://github.com/serengil/deepface,active,77.0,27.262876097355424,0,,,Python,serengil,Sefik Ilkin Serengil,user,,https://sefiks.com,"pypi,go,conda","deepfacey,github.com/serengil/deepface,deepfacesnap,deepface-fork,deepface,nvface",381416,144,18,1,20318,0,359,,347,101,90,7,0.29694323144104806,0.07777777777777772,2,1,serengil,31,38,22,19,0,0,push:347d release:359d commits:90 active_maint:1 closed:54 merged:19,https://science.ecosyste.ms/projects/40243
1269,GeoBO,https://github.com/sebhaan/geobo,unknown,95.0,9.249561085129464,0,Scientific Software,Peer-reviewed,Python,sebhaan,Seb Haan,user,The University of Sydney,,pypi,geobo,30,1,0,1,64,0,2018,,1120,5,0,0,0.06451612903225812,0.0,0,0,"",0,0,0,0,0,0,push:1120d release:2018d commits:0 active_maint:0 closed:0 merged:0,https://science.ecosyste.ms/projects/1992
1270,eixport,https://github.com/atmoschem/eixport,dormant,93.0,11.246365410473755,0,Scientific Software,Peer-reviewed,R,atmoschem,ATMOSCHEM,organization,,,"go,cran","github.com/atmoschem/eixport,eixport",349,1,2,1,29,0,675,,142,7,10,2,0.5033407572383073,0.09999999999999998,2,0,"",0,0,0,0,0,0,push:142d release:675d commits:10 active_maint:0 closed:0 merged:0,https://science.ecosyste.ms/projects/2863
1271,stemflow,https://github.com/chenyangkang/stemflow,active,95.0,9.24454854330592,0,Scientific Software,Peer-reviewed,Python,chenyangkang,,user,,,"pypi,go","stemflow,github.com/chenyangkang/stemflow",198,0,0,1,26,0,331,,161,2,59,1,0.0019267822736031004,0.0,1,1,chenyangkang,8,6,8,6,0,0,push:161d release:331d commits:59 active_maint:1 closed:14 merged:6,https://science.ecosyste.ms/projects/820
1272,SpmImage Tycoon,https://github.com/alexriss/spmimagetycoon.jl,dormant,98.0,6.240275845170769,0,Scientific Software,Peer-reviewed,Julia,alexriss,Alex Riss,user,Technical University of Munich,http://alex.lifecocktail.org,julia,SpmImageTycoon,0,0,0,0,18,0,939,,249,3,7,1,0.00830564784053156,0.0,1,0,"",2,0,2,0,0,0,push:249d release:939d commits:7 active_maint:0 closed:2 merged:0,https://science.ecosyste.ms/projects/1412
1273,DTW-C++,https://github.com/battery-intelligence-lab/dtw-cpp,dormant,100.0,4.219507705176107,0,Scientific Software,Peer-reviewed,C++,Battery-Intelligence-Lab,Battery Intelligence Lab,organization,,https://howey.eng.ox.ac.uk,,,0,,,,16,0,,,24,4,6,1,0.3666666666666667,0.0,1,0,"",2,6,0,5,0,0,push:24d commits:0 active_maint:0 closed:5 merged:5,https://science.ecosyste.ms/projects/507
1274,snSMART,https://github.com/sidiwang/snsmart,dormant,95.0,9.21830854162536,0,Scientific Software,Peer-reviewed,R,sidiwang,,user,University of Michigan,https://sidiwang.net,cran,snSMART,239,0,0,1,2,0,652,,661,14,0,0,0.4897959183673469,0.0,2,0,"",2,14,0,13,0,0,push:661d release:652d commits:0 active_maint:0 closed:14 merged:13,https://science.ecosyste.ms/projects/500
1275,ImagingReso,https://github.com/ornlneutronimaging/imagingreso,unknown,95.0,9.21830854162536,0,Scientific Software,Peer-reviewed,Jupyter Notebook,ornlneutronimaging,ornlneutronimaging,organization,,,"conda,pypi",imagingreso,311,1,1,2,5,0,532,,532,4,0,0,0.3846153846153846,0.0,1,0,"",0,0,0,0,0,0,push:532d release:532d commits:0 active_maint:0 closed:0 merged:0,https://science.ecosyste.ms/projects/2957
1276,Sentiment Analysis of Twitter Data (saotd),https://github.com/evan-l-munson/saotd,unknown,95.0,9.208739090609209,0,Scientific Software,Peer-reviewed,R,evan-l-munson,Evan Munson,user,U.S. Army,,cran,saotd,207,0,0,1,12,0,1060,,719,4,0,0,0.008733624454148492,0.0,1,0,"",0,0,0,0,0,0,pkg:removed push:719d release:1060d commits:0 active_maint:0 closed:0 merged:0,https://science.ecosyste.ms/projects/2641
1277,omni-fig,https://github.com/felixludos/omni-fig,dormant,95.0,9.20391980417326,0,Scientific Software,Peer-reviewed,Python,felixludos,Felix Leeb,user,,,pypi,omnifig,133,4,0,1,10,0,452,,351,8,1,1,0.5530546623794212,0.0,1,0,"",0,0,0,0,0,0,push:351d release:452d commits:1 active_maint:0 closed:0 merged:0,https://science.ecosyste.ms/projects/664
1278,MARTINI,https://github.com/ajohnson-uoregon/llvm-project,unknown,95.0,9.203919804173259,0,Scientific Software,Peer-reviewed,,ajohnson-uoregon,,user,,,,,0,,,,4,0,,,1038,3312,0,0,0.925085608427986,0.0,0,0,"",0,0,0,0,0,0,push:1038d commits:0 active_maint:0 closed:0 merged:0,https://science.ecosyste.ms/projects/1438
1279,,https://github.com/finsberg/fenicsx-beat,active,95.0,9.20230820027892,0,,,Python,finsberg,Henrik Finsberg,user,Simula Research Laboratoy,https://finsberg.github.io,pypi,fenicsx-beat,247,0,0,1,13,0,316,,22,5,58,4,0.16279069767441856,0.3275862068965517,1,1,finsberg,1,24,1,16,0,0,push:22d release:316d commits:41 active_maint:1 closed:17 merged:16,https://science.ecosyste.ms/projects/256281
1280,pydynpd,https://github.com/dazhwu/pydynpd,dormant,93.0,11.201770036332805,0,Scientific Software,Peer-reviewed,Jupyter Notebook,dazhwu,,user,,,pypi,pydynpd,738,1,0,1,37,0,862,,227,4,2,2,0.014409221902017322,0.5,0,0,"",2,1,0,0,0,0,push:227d release:862d commits:2 active_maint:0 closed:0 merged:0,https://science.ecosyste.ms/projects/1217
1281,Moead-framework,https://github.com/moead-framework/framework,unknown,95.0,9.198267790741914,0,Scientific Software,Peer-reviewed,Python,moead-framework,Moead Framework,organization,,,pypi,moead-framework,74,1,0,1,31,0,1996,,1382,5,0,0,0.07075471698113212,0.0,0,0,"",0,0,0,0,0,0,push:1382d release:1996d commits:0 active_maint:0 closed:0 merged:0,https://science.ecosyste.ms/projects/1365
1282,The Kestrel software for simulations of morphodynamic Earth-surface flows,https://github.com/jakelangham/kestrel,dormant,100.0,4.189654742026425,0,Scientific Software,Peer-reviewed,Fortran,jakelangham,,user,,,,,0,,,,7,0,,,36,7,2,2,0.2678571428571429,0.5,2,1,markwoodhouse,2,6,0,1,0,0,push:36d commits:2 active_maint:1 closed:2 merged:1,https://science.ecosyste.ms/projects/856
1283,Rosalution,https://github.com/uab-cgds-worthey/rosalution,active,100.0,4.189654742026425,0,Scientific Software,Peer-reviewed,JavaScript,uab-cgds-worthey,Center for Computational Genomics and Data Science (CGDS),organization,,https://sites.uab.edu/cgds/,,,0,,,,9,0,,,10,6,17,2,0.575858250276855,0.2941176470588235,3,2,"SeriousHorncat,fatimarabab",0,16,0,13,0,0,push:10d commits:17 active_maint:2 closed:13 merged:13,https://science.ecosyste.ms/projects/975
1284,General binary file parser.,https://github.com/jfjlaros/bin-parser,unknown,95.0,9.185022563991893,0,Scientific Software,Peer-reviewed,Python,jfjlaros,Jeroen F.J. Laros,user,@RIVM-syso @LUMC,,"npm,pypi",bin-parser,72,2,2,1,25,0,2961,,1968,5,0,0,0.04867256637168138,0.0,1,0,"",0,0,0,0,0,0,push:1968d release:2961d commits:0 active_maint:0 closed:0 merged:0,https://science.ecosyste.ms/projects/2826
1285,JavaPermutationTools,https://github.com/cicirello/javapermutationtools,dormant,98.0,6.173786103901937,0,Scientific Software,Peer-reviewed,Java,cicirello,Vincent A. Cicirello,user,Stockton University,https://www.cicirello.org/,maven,org.cicirello:jpt,0,5,3,0,22,0,441,,16,3,49,2,0.20452708164915112,0.08163265306122447,1,1,cicirello,1,47,1,33,0,0,push:16d release:441d commits:4 active_maint:1 closed:37 merged:33,https://science.ecosyste.ms/projects/2728
1286,Metrics As Scores,https://github.com/mrshoenel/metrics-as-scores,dormant,98.0,6.173786103901937,0,Scientific Software,Peer-reviewed,Jupyter Notebook,MrShoenel,Sebastian Hönel,user,,,pypi,metrics-as-scores,31,0,0,1,4,0,825,,7,3,0,0,0.07582938388625593,0.0,0,0,"",0,12,0,0,0,0,push:7d release:825d commits:0 active_maint:0 closed:2 merged:0,https://science.ecosyste.ms/projects/1023
1287,cstag and cstag-cli,https://github.com/akikuno/cstag,unknown,93.0,11.171279869575018,0,Scientific Software,Peer-reviewed,Python,akikuno,Akihiro Kuno,user,University of Tsukuba,https://researchmap.jp/7000027584/?lang=en,pypi,cstag,3226,1,2,1,11,0,732,,732,2,0,0,0.0766129032258065,0.0,1,0,"",0,0,0,0,0,0,push:732d release:732d commits:0 active_maint:0 closed:0 merged:0,https://science.ecosyste.ms/projects/857
1288,PySLSQP,https://github.com/anugrahjo/pyslsqp,dormant,95.0,9.159468041602427,0,Scientific Software,Peer-reviewed,Python,anugrahjo,,user,,,pypi,pyslsqp,431,0,0,1,12,0,538,,538,2,0,0,0.02083333333333337,0.0,0,0,"",2,1,2,1,0,0,push:538d release:538d commits:0 active_maint:0 closed:3 merged:1,https://science.ecosyste.ms/projects/373
1289,WhaleConnect,https://github.com/whaleconnect/whaleconnect,dead,100.0,4.1588830833596715,0,Scientific Software,Peer-reviewed,C++,WhaleConnect,WhaleConnect,organization,,,,,0,,,,31,1,,,415,2,0,0,0.0008110300081103361,0.0,0,0,"",2,1,2,1,0,0,archived push:415d commits:0 active_maint:0 closed:3 merged:1,https://science.ecosyste.ms/projects/520
1290,pyprop8,https://github.com/valentineap/pyprop8,dormant,95.0,9.151014905891367,0,Scientific Software,Peer-reviewed,Python,valentineap,Andrew Valentine,user,"Department of Earth Sciences, Durham University",https://valentineap.github.io,pypi,pyprop8,35,2,0,1,27,0,806,,806,8,0,0,0.03864734299516903,0.0,2,0,"",2,0,1,0,0,0,push:806d release:806d commits:0 active_maint:0 closed:1 merged:0,https://science.ecosyste.ms/projects/1425
1291,QUIT,https://github.com/spinicist/quit,active,95.0,9.14633504200027,0,Scientific Software,Peer-reviewed,C++,spinicist,Tobias Wood,user,King's College London,,pypi,qipype,8,1,0,1,63,0,1954,,36,15,12,2,0.04063745019920317,0.41666666666666663,0,0,"",1,0,1,0,0,0,push:36d release:1954d commits:12 active_maint:0 closed:1 merged:0,https://science.ecosyste.ms/projects/2828
1292,Sync Toolbox,https://github.com/meinardmueller/synctoolbox,active,93.0,11.145810498870537,0,Scientific Software,Peer-reviewed,Python,meinardmueller,Meinard Mueller,user,International Audio Laboratories Erlangen,https://www.audiolabs-erlangen.de/fau/professor/mueller,pypi,synctoolbox,175,2,0,2,128,0,510,,510,5,18,3,0.2551724137931034,0.38888888888888884,2,1,yiitozer,0,8,0,5,0,0,push:510d release:510d commits:18 active_maint:1 closed:6 merged:5,https://science.ecosyste.ms/projects/1787
1293,Fundus Image Toolbox,https://github.com/berenslab/fundus_image_toolbox,active,95.0,9.144200569471638,0,Scientific Software,Peer-reviewed,Jupyter Notebook,berenslab,Berens Lab @ University of Tübingen,organization,,https://hertie.ai/data-science,pypi,fundus-image-toolbox,207,0,0,1,24,0,499,,62,4,38,3,0.15873015873015872,0.26315789473684215,0,0,"",3,6,2,6,0,0,push:62d release:499d commits:38 active_maint:0 closed:8 merged:6,https://science.ecosyste.ms/projects/226
1294,Python Active-subspaces Utility Library,https://github.com/paulcon/active_subspaces,unknown,95.0,9.144200569471638,0,Scientific Software,Peer-reviewed,Jupyter Notebook,paulcon,Paul Constantine,user,University of Colorado,http://paulconstantine.net/,pypi,active-subspaces,11,1,0,1,80,0,1068,,2217,9,0,0,0.3890675241157556,0.0,2,0,"",0,0,0,0,0,0,push:2217d release:1068d commits:0 active_maint:0 closed:0 merged:0,https://science.ecosyste.ms/projects/3104
1295,LINFA,https://github.com/desreslab/linfa,unknown,95.0,9.135616825780247,0,Scientific Software,Peer-reviewed,Python,desResLab,desResLab,organization,,,pypi,linfa-vi,115,0,0,1,15,0,847,,504,5,0,0,0.16000000000000003,0.0,1,0,"",0,0,0,0,0,0,push:504d release:847d commits:0 active_maint:0 closed:0 merged:0,https://science.ecosyste.ms/projects/750
1296,A tool for qualitative data analysis designed to support computational thinking,https://github.com/cproctor/qualitative-coding,active,93.0,11.12298915847969,0,Scientific Software,Peer-reviewed,Python,cproctor,Chris,user,University at Buffalo,chrisproctor.net,pypi,qualitative-coding,364,1,0,1,27,0,336,,35,5,6,2,0.25951557093425603,0.33333333333333337,1,1,cproctor,9,7,3,0,0,0,push:35d release:336d commits:6 active_maint:1 closed:4 merged:0,https://science.ecosyste.ms/projects/450
1297,nnTensor,https://github.com/rikenbit/nntensor,dormant,93.0,11.117450290891412,0,Scientific Software,Peer-reviewed,R,rikenbit,RIKEN BiT,organization,,https://bit.riken.jp/,"cran,conda","nnTensor,r-nntensor",441,5,4,1,22,0,808,,83,2,4,1,0.01449275362318836,0.0,0,0,"",0,0,0,0,0,0,push:83d release:808d commits:4 active_maint:0 closed:0 merged:0,https://science.ecosyste.ms/projects/1161
1298,ViMMS 2.0,https://github.com/glasgowcompbio/vimms,dormant,95.0,9.11217612318895,0,Scientific Software,Peer-reviewed,Python,glasgowcompbio,glasgowcompbio,organization,,,pypi,vimms,33,1,0,1,25,0,421,,27,8,6,2,0.558659217877095,0.16666666666666663,5,1,joewandy,1,22,0,5,0,0,push:27d release:421d commits:6 active_maint:1 closed:22 merged:5,https://science.ecosyste.ms/projects/1559
1299,spectrapepper,https://github.com/spectrapepper/spectrapepper,dormant,95.0,9.106090350602384,0,Scientific Software,Peer-reviewed,Python,,,,,,"conda,pypi",spectrapepper,50,1,1,1,18,0,854,,691,10,0,0,0.4154589371980676,0.0,3,0,"",0,3,0,3,0,0,push:691d release:854d commits:0 active_maint:0 closed:3 merged:3,https://science.ecosyste.ms/projects/1688
1300,EMD,https://gitlab.com/emd-dev/emd,unknown,89.0,15.098492305043639,0,Scientific Software,Peer-reviewed,,,,,,,"pypi,conda",emd,7340,15,6,1,26,0,509,,,10,0,0,0.041876046901172526,0.0,0,0,"",,,,,0,0,release:509d commits:0 active_maint:0 closed:0 merged:0,https://science.ecosyste.ms/projects/1947
1301,Council Data Project,https://github.com/councildataproject/cookiecutter-cdp-deployment,dead,98.0,6.095824562432225,0,Scientific Software,Peer-reviewed,Python,CouncilDataProject,CouncilDataProject,organization,,https://councildataproject.org,,,0,,,,28,0,,,297,12,0,0,0.48275862068965514,0.0,1,0,"",1,0,0,0,0,0,push:297d commits:0 active_maint:0 closed:0 merged:0,https://science.ecosyste.ms/projects/1675
1302,statemodify,https://github.com/immm-sfa/statemodify,dead,100.0,4.0943445622221,0,Scientific Software,Peer-reviewed,Jupyter Notebook,IMMM-SFA,Integrated Multisector Multiscale Modeling,organization,,https://im3.pnnl.gov/,pypi,statemodify,4,0,0,1,3,0,937,,826,4,0,0,0.049261083743842415,0.0,1,0,"",1,0,0,0,0,0,push:826d release:937d commits:0 active_maint:0 closed:0 merged:0,https://science.ecosyste.ms/projects/729
1303,predictNMB,https://github.com/ropensci/predictnmb,dormant,100.0,4.094344562222101,0,Scientific Software,Peer-reviewed,R,ropensci,rOpenSci,organization,,https://ropensci.org/,,,0,,,,10,0,,,739,6,0,0,0.07792207792207795,0.0,2,0,"",0,1,0,1,0,0,push:739d commits:0 active_maint:0 closed:1 merged:1,https://science.ecosyste.ms/projects/1191
1304,lattice_mc,https://github.com/bjmorgan/lattice_mc,active,93.0,11.078860244930077,0,Scientific Software,Peer-reviewed,Python,bjmorgan,Benjamin Morgan,user,University of Bath,,pypi,lattice-mc,1749,1,0,1,36,0,2891,,147,1,35,1,0.0,0.0,1,1,bjmorgan,1,5,0,3,0,0,push:147d release:2891d commits:35 active_maint:1 closed:3 merged:3,https://science.ecosyste.ms/projects/3027
1305,IKPLS,https://github.com/sm00thix/ikpls,active,95.0,9.071078304642676,0,Scientific Software,Peer-reviewed,Python,Sm00thix,Ole-Christian Galbo Engstrøm,user,University of Copenhagen and FOSS Analytical A/S,,pypi,ikpls,74,0,0,1,33,0,384,,7,4,17,2,0.19248826291079812,0.2941176470588235,2,1,sm00thix,0,7,0,7,0,0,push:7d release:384d commits:17 active_maint:1 closed:7 merged:7,https://science.ecosyste.ms/projects/578
1306,RNAsik,https://github.com/monashbioinformaticsplatform/rnasik-pipe,unknown,98.0,6.061456918928017,0,Scientific Software,Peer-reviewed,TeX,MonashBioinformaticsPlatform,Monash Bioinformatics Platform,organization,,https://platforms.monash.edu/bioinformatics/,,,0,,,,13,0,,,905,11,0,0,0.18353344768439106,0.0,1,0,"",0,0,0,0,0,0,push:905d commits:0 active_maint:0 closed:0 merged:0,https://science.ecosyste.ms/projects/2782
1307,iharm3D,https://github.com/afd-illinois/iharm3d,dormant,98.0,6.052089168924416,0,Scientific Software,Peer-reviewed,C,AFD-Illinois,AFD Group at UIUC,organization,,http://rainman.astro.illinois.edu,,,0,,,,20,0,,,6,17,1,1,0.10613598673300162,0.0,1,0,"",0,1,0,0,0,0,push:6d commits:1 active_maint:0 closed:0 merged:0,https://science.ecosyste.ms/projects/1729
1308,ASGarD,https://github.com/project-asgard/asgard,active,95.0,9.050758302151717,0,Scientific Software,Peer-reviewed,C++,project-asgard,project-asgard,organization,,,pypi,ornl-asgard,10,0,0,1,31,0,427,,16,26,49,2,0.5129399585921325,0.04081632653061229,9,1,mkstoyanov,1,39,1,33,0,0,push:16d release:427d commits:49 active_maint:1 closed:35 merged:33,https://science.ecosyste.ms/projects/530
1309,nimbleHMC,https://github.com/nimble-dev/nimblehmc,dormant,100.0,4.04305126783455,0,Scientific Software,Peer-reviewed,R,nimble-dev,nimble-dev,organization,,,,,0,,,,13,0,,,28,3,7,3,0.11467889908256879,0.2857142857142857,1,1,danielturek,2,3,2,1,0,0,push:28d commits:7 active_maint:1 closed:4 merged:1,https://science.ecosyste.ms/projects/606
1310,jaxDecomp: JAX Library for 3D Domain Decomposition and Parallel FFTs,https://github.com/differentiableuniverseinitiative/jaxdecomp,active,92.0,12.037511971986255,0,,,Python,DifferentiableUniverseInitiative,Differentiable Universe Initiative,organization,,,pypi,jaxdecomp,715,0,0,1,56,0,173,,42,6,33,4,0.30747126436781613,0.09090909090909094,2,1,ASKabalan,3,11,2,8,0,0,push:42d release:173d commits:33 active_maint:1 closed:10 merged:8,https://science.ecosyste.ms/projects/808534
1311,py-opc,https://github.com/dhhagan/py-opc,unknown,95.0,9.035986984831405,0,Scientific Software,Peer-reviewed,Python,dhhagan,David H Hagan,user,Massachusetts Institute of Technology,https://www.davidhagan.me,pypi,py-opc,21,3,0,1,31,0,2955,,2540,8,0,0,0.059523809523809534,0.0,1,0,"",0,0,0,0,0,0,push:2540d release:2955d commits:0 active_maint:0 closed:0 merged:0,https://science.ecosyste.ms/projects/2820
1312,The fqar package,https://github.com/equitable-equations/fqar,active,95.0,9.033603193476129,0,Scientific Software,Peer-reviewed,R,equitable-equations,Andrew Gard,user,,https://www.youtube.com/c/EquitableEquations,"go,cran","github.com/equitable-equations/fqar,fqar",418,0,0,1,5,0,344,,344,4,6,1,0.012077294685990392,0.0,0,0,"",1,0,1,0,0,0,push:344d release:344d commits:6 active_maint:0 closed:1 merged:0,https://science.ecosyste.ms/projects/730
1313,excitingtools,https://github.com/exciting/excitingtools,unknown,98.0,6.030685260261263,0,Scientific Software,Peer-reviewed,Python,exciting,exciting,organization,,http://exciting-code.org/,pypi,excitingtools,101,1,0,2,5,0,366,,826,1,0,0,0.0,0.0,2,0,"",0,0,0,0,0,0,push:826d release:366d commits:0 active_maint:0 closed:0 merged:0,https://science.ecosyste.ms/projects/1151
1314,Analysis of Prehistoric Iconography with the R package iconr,https://github.com/zoometh/iconr,unknown,95.0,9.026417533815254,0,Scientific Software,Peer-reviewed,R,zoometh,Thomas Huet,user,University of Oxford,https://tinyurl.com/zoometh,cran,iconr,159,0,0,1,12,0,1990,,998,4,0,0,0.12959719789842383,0.0,1,0,"",0,0,0,0,0,0,pkg:removed push:998d release:1990d commits:0 active_maint:0 closed:0 merged:0,https://science.ecosyste.ms/projects/1890
1315,PatchView,https://github.com/zeitgeberh/patchview,dormant,95.0,9.017968479328726,0,Scientific Software,Peer-reviewed,Python,ZeitgeberH,Ming Hu,user,,,pypi,patchview,74,0,0,1,24,0,729,,312,5,2,2,0.12295081967213117,0.5,1,1,ZeitgeberH,3,1,3,1,0,0,push:312d release:729d commits:2 active_maint:1 closed:4 merged:1,https://science.ecosyste.ms/projects/1385
1316,restez,https://github.com/ropensci/restez,dormant,93.0,11.01718547862228,0,Scientific Software,Peer-reviewed,R,ropensci,rOpenSci,organization,,https://ropensci.org/,cran,restez,280,1,0,1,28,0,510,,511,6,0,0,0.367816091954023,0.0,3,0,"",4,4,2,3,0,0,push:511d release:510d commits:0 active_maint:0 closed:5 merged:3,https://science.ecosyste.ms/projects/2710
1317,statConfR,https://github.com/manuelrausch/statconfr,active,95.0,9.016755622903517,0,Scientific Software,Peer-reviewed,HTML,ManuelRausch,Manuel Rausch ,user,Rhine-Waal-University of Applied Science,https://orcid.org/0000-0002-5805-5544,cran,statConfR,205,0,0,1,13,0,532,,103,6,16,3,0.5282051282051282,0.5,0,0,"",1,4,0,4,0,0,push:103d release:532d commits:16 active_maint:0 closed:4 merged:4,https://science.ecosyste.ms/projects/276
1318,teiphy,https://github.com/jjmccollum/teiphy,dormant,95.0,9.010669176847115,0,Scientific Software,Peer-reviewed,Python,jjmccollum,Joey McCollum,user,Australian Catholic University,https://acu-au.academia.edu/JoeyMcCollum,pypi,teiphy,103,0,0,2,22,0,380,,11,6,7,1,0.11153846153846159,0.0,2,1,jjmccollum,5,1,1,1,0,0,push:11d release:380d commits:7 active_maint:1 closed:2 merged:1,https://science.ecosyste.ms/projects/1294
1319,hectorui,https://github.com/jgcri/hectorui,dead,100.0,4.007333185232471,0,Scientific Software,Peer-reviewed,HTML,JGCRI,Joint Global Change Research Institute,organization,,https://www.pnnl.gov/projects/jgcri,,,0,,,,5,0,,,667,5,0,0,0.5903954802259888,0.0,4,0,"",2,0,0,0,0,0,push:667d commits:0 active_maint:0 closed:0 merged:0,https://science.ecosyste.ms/projects/2028
1320,VisualTorch,https://github.com/willyfh/visualtorch,active,93.0,11.004962406817715,0,Scientific Software,Peer-reviewed,Python,willyfh,Willy Fitra Hendria,user,,willyfh.github.io,pypi,visualtorch,613,0,0,1,311,0,402,,3,2,66,2,0.03053435114503822,0.06060606060606055,1,1,willyfh,7,33,0,29,0,0,push:3d release:402d commits:62 active_maint:1 closed:32 merged:29,https://science.ecosyste.ms/projects/462
1321,MPIFiles.jl,https://github.com/magneticparticleimaging/mpifiles.jl,active,95.0,9.001099725830965,0,Scientific Software,Peer-reviewed,Julia,MagneticParticleImaging,MagneticParticleImaging,organization,,,julia,MPIFiles,0,1,3,0,1,0,363,,35,24,102,5,0.5398587285570131,0.2941176470588235,7,3,"jusack,nHackel,jonschumacher",8,27,2,12,0,0,push:35d release:363d commits:94 active_maint:3 closed:16 merged:12,https://science.ecosyste.ms/projects/2551
1322,archeoViz,https://github.com/sebastien-plutniak/archeoviz,dormant,93.0,10.995276615856113,0,Scientific Software,Peer-reviewed,R,sebastien-plutniak,Sébastien Plutniak,user,"CNRS, CITERES",https://orcid.org/0000-0002-6674-3806,cran,archeoViz,381,0,0,1,20,0,412,,406,6,3,1,0.13120567375886527,0.0,3,0,"",1,0,0,0,0,0,push:406d release:412d commits:3 active_maint:0 closed:0 merged:0,https://science.ecosyste.ms/projects/901
1323,hoggorm,https://github.com/olivertomic/hoggorm,unknown,93.0,10.993866036277135,0,Scientific Software,Peer-reviewed,Python,olivertomic,Oliver Tomic,user,Norwegian University of Life Sciences,https://olivertomic.wordpress.com/,"pypi,conda",hoggorm,165,3,1,2,81,0,2124,,1800,4,0,0,0.2887931034482759,0.0,3,0,"",0,0,0,0,0,0,push:1800d release:2124d commits:0 active_maint:0 closed:0 merged:0,https://science.ecosyste.ms/projects/2512
1324,SBArchOpt,https://github.com/jbussemaker/sbarchopt,active,100.0,3.9889840465642745,0,Scientific Software,Peer-reviewed,Python,jbussemaker,,user,,https://www.linkedin.com/in/jbussemaker/,,,0,,,,20,0,,,8,4,30,2,0.0778032036613272,0.09999999999999998,1,1,jbussemaker,0,9,0,6,0,0,push:8d commits:27 active_maint:1 closed:6 merged:6,https://science.ecosyste.ms/projects/1015
1325,PAPRECA,https://github.com/sntioudis/papreca,active,100.0,3.9889840465642745,0,Scientific Software,Peer-reviewed,C++,sntioudis,Stavros Ntioudis,user,,,,,0,,,,19,0,,,14,3,81,1,0.013483146067415741,0.0,1,1,sntioudis,9,0,1,0,0,0,push:14d commits:81 active_maint:1 closed:1 merged:0,https://science.ecosyste.ms/projects/640
1326,Spikeometric,https://github.com/bioai-oslo/spikeometric,unknown,98.0,5.981414211254481,0,Scientific Software,Peer-reviewed,Python,bioAI-Oslo,bioAI,organization,,,pypi,spikeometric,8,0,0,1,9,0,1045,,1033,4,0,0,0.43065693430656937,0.0,2,0,"",0,0,0,0,0,0,push:1033d release:1045d commits:0 active_maint:0 closed:0 merged:0,https://science.ecosyste.ms/projects/994
1327,JaxLayerLumos: A JAX-based Differentiable Optical and Radio Frequency Simulator for Multilayer Structures,https://github.com/jaxlayerlumos/jaxlayerlumos,active,95.0,8.974618038455112,0,,,Python,JaxLayerLumos,JaxLayerLumos,organization,,,pypi,jaxlayerlumos,78,0,0,1,26,0,478,,59,3,180,3,0.20321931589537223,0.23888888888888893,2,1,jungtaekkim,10,4,6,4,0,0,push:59d release:478d commits:180 active_maint:1 closed:10 merged:4,https://science.ecosyste.ms/projects/496614
1328,Hypothesize,https://github.com/alcampopiano/hypothesize,unknown,93.0,10.973443131954433,0,Scientific Software,Peer-reviewed,Python,Alcampopiano,Allan Campopiano,user,,,"conda,pypi","hypothesize,robust-statistics-simulator",166,1,0,1,68,0,417,,417,5,0,0,0.11695906432748537,0.0,1,0,"",0,0,0,0,0,0,push:417d release:417d commits:0 active_maint:0 closed:0 merged:0,https://science.ecosyste.ms/projects/2219
1329,Museo ToolBox,https://github.com/nkarasiak/museotoolbox,unknown,93.0,10.964709451985678,0,Scientific Software,Peer-reviewed,Python,nkarasiak,Nicolas Karasiak,user,EarthDaily Agro,,"conda,pypi,go","museotoolbox,github.com/nkarasiak/MuseoToolBox,github.com/nkarasiak/museotoolbox",166,2,0,1,37,0,2202,,2187,9,0,0,0.1938997821350763,0.0,1,0,"",0,0,0,0,0,0,push:2187d release:2202d commits:0 active_maint:0 closed:0 merged:0,https://science.ecosyste.ms/projects/2252
1330,stella,https://github.com/afeinstein20/stella,dead,95.0,8.950014029534257,0,Scientific Software,Peer-reviewed,Python,afeinstein20,Adina Feinstein,user,University of Chicago,adina.feinste.in,pypi,stella,45,1,0,1,28,0,2187,,505,4,0,0,0.006085192697768749,0.0,1,0,"",0,1,0,0,0,0,push:505d release:2187d commits:0 active_maint:0 closed:0 merged:0,https://science.ecosyste.ms/projects/2167
1331,TessPy,https://github.com/siavash-saki/tesspy,active,93.0,10.948699064477122,0,Scientific Software,Peer-reviewed,Python,,,,,,"conda,pypi",tesspy,314,1,0,1,42,0,1437,,130,6,48,2,0.4885057471264368,0.16666666666666663,2,1,siavash-saki,0,2,0,1,0,0,push:130d release:1437d commits:48 active_maint:1 closed:1 merged:1,https://science.ecosyste.ms/projects/1421
1332,scqubits,https://github.com/scqubits/scqubits,active,85.0,18.94184223216469,0,,,Python,scqubits,scqubits,organization,,http://sites.northwestern.edu/koch/,"go,conda,pypi","github.com/scqubits/scqubits,scqubits",23030,6,4,2,282,0,439,,34,38,246,3,0.6201790633608815,0.09756097560975607,13,1,ZhaoTianPu,5,2,1,0,0,0,push:34d release:439d commits:246 active_maint:1 closed:1 merged:0,https://science.ecosyste.ms/projects/32590
1333,Project RACCOON,https://github.com/moritzobenauer/projectraccoon,unknown,98.0,5.934894195619588,0,Scientific Software,Peer-reviewed,Jupyter Notebook,moritzobenauer,,user,,,pypi,project-raccoon,17,0,0,1,7,0,872,,777,3,0,0,0.3595890410958904,0.0,2,0,"",0,0,0,0,0,0,push:777d release:872d commits:0 active_maint:0 closed:0 merged:0,https://science.ecosyste.ms/projects/789
1334,lintegrate,https://github.com/mattpitkin/lintegrate,dormant,95.0,8.933796043934858,0,Scientific Software,Peer-reviewed,C,mattpitkin,Matt Pitkin,user,,https://ma.ttpitk.in,"pypi,conda",lintegrate,153,1,1,1,12,0,799,,694,4,0,0,0.12365591397849462,0.0,1,0,"",1,1,1,1,0,0,push:694d release:799d commits:0 active_maint:0 closed:2 merged:1,https://science.ecosyste.ms/projects/1508
1335,QMCPy: A Python Framework for (Quasi-)Monte Carlo Algorithms,https://github.com/qmcsoftware/qmcsoftware,active,89.0,14.93333085273197,0,,,Python,QMCSoftware,QMCSoftware,organization,,,pypi,qmcpy,823,2,3,1,86,0,520,,6,39,587,19,0.46089049338146815,0.6507666098807496,18,8,"alegresor,sou-cheng-choi,fjhickernell,nmkirk,aaditj1962161,JimmyNguyenUCI,Karm-Dave,sanjana-3002",7,26,0,13,0,0,push:6d release:520d commits:584 active_maint:8 closed:16 merged:13,https://science.ecosyste.ms/projects/804795
1336,TREvoSim v3,https://github.com/palaeoware/trevosim,active,100.0,3.931825632724326,0,Scientific Software,Peer-reviewed,C++,palaeoware,palaeoware,organization,,,,,0,,,,7,0,,,27,3,111,3,0.08431372549019611,0.05405405405405406,0,0,"",7,2,2,1,0,0,push:27d commits:111 active_maint:0 closed:3 merged:1,https://science.ecosyste.ms/projects/499
1337,AutoBZ.jl,https://github.com/lxvm/autobz.jl,dead,100.0,3.931825632724326,0,Scientific Software,Peer-reviewed,Julia,lxvm,Lorenzo Van Munoz,user,,,,,0,,,,10,0,,,336,3,0,0,0.004008016032064132,0.0,2,0,"",0,1,0,0,0,0,push:336d commits:0 active_maint:0 closed:0 merged:0,https://science.ecosyste.ms/projects/441
1338,Pyoints,https://github.com/laempy/pyoints,unknown,95.0,8.930626469173578,0,Scientific Software,Peer-reviewed,Python,,,,,,pypi,pyoints,40,1,0,1,41,0,2820,,1115,4,0,0,0.482496194824962,0.0,1,0,"",0,0,0,0,0,0,push:1115d release:2820d commits:0 active_maint:0 closed:0 merged:0,https://science.ecosyste.ms/projects/2610
1339,GraphNeT,https://github.com/graphnet-team/graphnet,active,95.0,8.924656302187074,0,Scientific Software,Peer-reviewed,Python,graphnet-team,GraphNeT,organization,,,,,0,,,,115,0,,,29,56,181,13,0.5330875899596279,0.5524861878453038,17,5,"sevmag,RasmusOrsoe,kaareendrup,carlosm-silva,niklasmei",16,18,4,8,0,0,push:29d commits:181 active_maint:5 closed:12 merged:8,https://science.ecosyste.ms/projects/1137
1340,LaplaceInterpolation.jl,https://github.com/vishwas1984/laplaceinterpolation.jl,dead,100.0,3.9120230054281464,0,Scientific Software,Peer-reviewed,Jupyter Notebook,vishwas1984,,user,,,,,0,,,,2,0,,,1637,10,0,0,0.5311653116531165,0.0,2,0,"",1,0,0,0,0,0,push:1637d commits:0 active_maint:0 closed:0 merged:0,https://science.ecosyste.ms/projects/1617
1341,CLEAVING,https://github.com/demonico85/cleaving,dormant,100.0,3.9120230054281464,0,Scientific Software,Peer-reviewed,C++,demonico85,,user,,,,,0,,,,7,0,,,135,5,6,1,0.2151162790697675,0.0,2,0,"",0,0,0,0,0,0,push:135d commits:6 active_maint:0 closed:0 merged:0,https://science.ecosyste.ms/projects/838
1342,daiR,https://github.com/hegghammer/dair,dormant,93.0,10.869253927870808,0,Scientific Software,Peer-reviewed,R,Hegghammer,Thomas Hegghammer,user,,hegghammer.net,cran,daiR,596,0,0,1,44,0,624,,28,2,7,1,0.014218009478673022,0.0,0,0,"",0,0,0,0,0,0,push:28d release:624d commits:7 active_maint:0 closed:0 merged:0,https://science.ecosyste.ms/projects/1653
1343,py2lispIDyOM,https://github.com/xinyiguan/py2lispidyom,unknown,95.0,8.865735152124781,0,Scientific Software,Peer-reviewed,Jupyter Notebook,xinyiguan,Xinyi Guan,user,EPFL,,pypi,py2lispidyom,107,1,0,1,14,0,1367,,1217,5,0,0,0.22697368421052633,0.0,1,0,"",0,0,0,0,0,0,push:1217d release:1367d commits:0 active_maint:0 closed:0 merged:0,https://science.ecosyste.ms/projects/1337
1344,Ethome,https://github.com/benlansdell/ethome,unknown,98.0,5.863631175598098,0,Scientific Software,Peer-reviewed,HTML,benlansdell,Ben Lansdell,user,Health stealth,benlansdell.github.io,pypi,ethome-ml,21,0,0,1,15,0,903,,874,1,0,0,0.0,0.0,1,0,"",0,0,0,0,0,0,push:874d release:903d commits:0 active_maint:0 closed:0 merged:0,https://science.ecosyste.ms/projects/795
1345,PyTeNet,https://github.com/cmendl/pytenet,active,95.0,8.837826364007704,0,Scientific Software,Peer-reviewed,Python,cmendl,Christian B. Mendl,user,Technische Universität München,http://christian.mendl.net,pypi,pytenet,51,1,0,1,67,0,839,,17,2,16,1,0.006211180124223614,0.0,0,0,"",1,0,0,0,0,0,push:17d release:839d commits:16 active_maint:0 closed:0 merged:0,https://science.ecosyste.ms/projects/2745
1346,epimargin,https://github.com/covid-iwg/epimargin,unknown,95.0,8.834045641167798,0,Scientific Software,Peer-reviewed,Python,COVID-IWG,COVID International Working Group,organization,,,pypi,epimargin,20,1,0,1,9,0,1790,,1101,6,0,0,0.12427745664739887,0.0,1,0,"",0,0,0,0,0,0,push:1101d release:1790d commits:0 active_maint:0 closed:0 merged:0,https://science.ecosyste.ms/projects/1774
1347,yam,https://github.com/trichter/yam,dormant,95.0,8.81996090128606,0,Scientific Software,Peer-reviewed,Python,trichter,Tom Eulenfeld,user,,https://trichter.github.io/,pypi,yam,280,1,0,1,25,0,1184,,52,1,9,1,0.0,0.0,1,0,"",3,0,3,0,0,0,push:52d release:1184d commits:9 active_maint:0 closed:3 merged:0,https://science.ecosyste.ms/projects/1142
1348,h5fortran,https://github.com/geospace-code/h5fortran,active,98.0,5.817111159963204,0,Scientific Software,Peer-reviewed,Fortran,geospace-code,Geospace code,organization,,https://geospace-code.github.io,,,0,,,,121,0,,,29,3,107,1,0.0031274433150899617,0.0,1,0,"",1,3,0,1,0,0,push:29d commits:107 active_maint:0 closed:2 merged:1,https://science.ecosyste.ms/projects/1844
1349,ReLax,https://github.com/birkhoffg/jax-relax,dormant,95.0,8.812843433517195,0,Scientific Software,Peer-reviewed,Jupyter Notebook,BirkhoffG,Hangzhi Guo,user,Penn State University,https://birkhoffg.github.io,pypi,jax-relax,79,0,0,1,6,0,534,,534,7,0,0,0.14692982456140347,0.0,3,0,"",1,4,0,4,0,0,push:534d release:534d commits:0 active_maint:0 closed:4 merged:4,https://science.ecosyste.ms/projects/406
1350,Stresslog: A Python package for modeling wellbore stability in inclined stress states,https://github.com/geoarkadeep/stresslog,active,93.0,10.812632816249412,0,,,Python,GeoArkadeep,,user,,,"pypi,go","stresslog,github.com/geoarkadeep/stresslog",1378,0,0,1,14,0,307,,305,1,69,1,0.0,0.0,1,0,"",9,3,6,2,0,0,push:305d release:307d commits:69 active_maint:0 closed:8 merged:2,https://science.ecosyste.ms/projects/373743
1351,cofad,https://github.com/johannes-titz/cofad,active,95.0,8.80926561216931,0,Scientific Software,Peer-reviewed,R,johannes-titz,Johannes Titz,user,,rlernen.de,cran,cofad,556,1,0,1,2,0,441,,365,4,0,0,0.1076115485564304,0.0,1,0,"",0,0,0,0,0,0,push:365d release:441d commits:0 active_maint:0 closed:0 merged:0,https://science.ecosyste.ms/projects/1691
1352,DeepOF,https://github.com/mlfpm/deepof,active,93.0,10.808029537375734,0,Scientific Software,Peer-reviewed,Jupyter Notebook,mlfpm,MLFPM,organization,,https://mlfpm.eu,pypi,deepof,282,1,0,1,54,0,334,,6,5,628,2,0.31051136363636367,0.0859872611464968,0,0,"",2,1,0,0,0,0,push:6d release:334d commits:628 active_maint:0 closed:1 merged:0,https://science.ecosyste.ms/projects/1108
1353,cifkit,https://github.com/bobleesj/cifkit,dormant,95.0,8.8023721336499,0,Scientific Software,Peer-reviewed,Python,bobleesj,Sangjoon Bob Lee,user,Columbia University,boblee.io,pypi,cifkit,94,0,0,1,6,0,392,,19,5,8,3,0.18556701030927836,0.25,1,1,bobleesj,3,6,1,5,0,0,push:19d release:392d commits:7 active_maint:1 closed:6 merged:5,https://science.ecosyste.ms/projects/394
1354,FlowerMD,https://github.com/cmelab/flowermd,active,98.0,5.799092654460527,0,Scientific Software,Peer-reviewed,Python,cmelab,Computational Materials Engineering Laboratory,organization,,https://coen.boisestate.edu/cmelab/,,,0,,,,22,0,,,31,10,83,4,0.6084745762711865,0.4698795180722891,3,1,chrisjonesBSU,2,37,2,26,0,0,push:31d commits:39 active_maint:1 closed:28 merged:26,https://science.ecosyste.ms/projects/893
1355,OpenTera,https://github.com/introlab/opentera,active,93.0,10.785186839640664,0,Scientific Software,Peer-reviewed,Python,introlab,IntRoLab,organization,,https://introlab.3it.usherbrooke.ca,pypi,opentera,101,3,0,1,23,0,555,,104,10,15,1,0.47258364312267653,0.0,3,2,"SBriere,doumdi",10,5,0,0,0,0,push:104d release:555d commits:15 active_maint:2 closed:3 merged:0,https://science.ecosyste.ms/projects/914
1356,HiPart,https://github.com/panagiotisanagnostou/hipart,dormant,93.0,10.7793312195951,0,Scientific Software,Peer-reviewed,Python,panagiotisanagnostou,Panagiotis Anagnostou,user,,,pypi,hipart,149,1,0,1,54,0,394,,143,6,7,1,0.07453416149068326,0.0,1,0,"",0,2,0,1,0,0,push:143d release:394d commits:7 active_maint:0 closed:1 merged:1,https://science.ecosyste.ms/projects/1174
1357,The jagstargets R package,https://github.com/ropensci/jagstargets,unknown,93.0,10.771679880919251,0,Scientific Software,Peer-reviewed,R,ropensci,rOpenSci,organization,,https://ropensci.org/,cran,jagstargets,721,0,0,1,11,0,619,,604,6,0,0,0.06172839506172845,0.0,4,0,"",0,0,0,0,0,0,push:604d release:619d commits:0 active_maint:0 closed:0 merged:0,https://science.ecosyste.ms/projects/1680
1358,PyHOPE: A Python Toolkit for Three-Dimensional Unstructured High-Order Meshes,https://github.com/hopr-framework/pyhope,active,95.0,8.761550139129644,0,,,Python,hopr-framework,hopr-framework,organization,,,pypi,pyhope,149,0,0,3,11,0,281,,35,13,363,11,0.22967189728958626,0.15702479338842978,3,3,"kopperp,scopplestone,AppelDaniel",7,29,2,17,0,0,push:35d release:281d commits:354 active_maint:3 closed:19 merged:17,https://science.ecosyste.ms/projects/657095
1359,WRF-CMake,https://github.com/wrf-cmake/wrf,unknown,95.0,8.760139370026627,0,Scientific Software,Peer-reviewed,Fortran,WRF-CMake,WRF-CMake,organization,,,,,0,,,,44,0,,,1612,125,0,0,0.7324581965932178,0.0,0,0,"",0,0,0,0,0,0,push:1612d commits:0 active_maint:0 closed:0 merged:0,https://science.ecosyste.ms/projects/2455
1360,CausalTables.jl,https://github.com/salbalkus/causaltables.jl,active,98.0,5.752572638825633,0,Scientific Software,Peer-reviewed,Julia,salbalkus,Salvador Balkus,user,Harvard University,https://salbalkus.github.io/,julia,CausalTables,0,0,0,0,17,0,363,,149,3,4,1,0.02997275204359673,0.0,1,0,"",8,30,6,28,0,0,push:149d release:363d commits:4 active_maint:0 closed:34 merged:28,https://science.ecosyste.ms/projects/273
1361,PyNeuroTrace - Python code for neural activity time series,https://github.com/padster/pyneurotrace,dead,98.0,5.752572638825633,0,Scientific Software,Peer-reviewed,Python,padster,Pat Coleman,user,,http://padsterprogramming.blogspot.ch/,pypi,pyneurotrace,33,0,0,2,2,0,716,,695,3,0,0,0.49246231155778897,0.0,2,0,"",0,1,0,0,0,0,push:695d release:716d commits:0 active_maint:0 closed:0 merged:0,https://science.ecosyste.ms/projects/539
1362,SubsetTools,https://github.com/hydroframe/subsettools,dormant,100.0,3.737669618283368,0,Scientific Software,Peer-reviewed,Python,hydroframe,HydroFrame,organization,,https://www.hydroframe.org/,,,0,,,,2,0,,,89,6,1,1,0.38292011019283745,0.0,1,0,"",0,17,0,14,0,0,push:89d commits:1 active_maint:0 closed:15 merged:14,https://science.ecosyste.ms/projects/590
1363,High-performance neural population dynamics modeling enabled by scalable computational infrastructure,https://github.com/tnel-ucsd/autolfads-deploy,unknown,100.0,3.737669618283368,0,Scientific Software,Peer-reviewed,Python,TNEL-UCSD,TNEL UCSD,organization,,https://tnel.ucsd.edu,,,0,,,,14,0,,,873,3,0,0,0.06666666666666665,0.0,4,0,"",0,0,0,0,0,0,push:873d commits:0 active_maint:0 closed:0 merged:0,https://science.ecosyste.ms/projects/1204
1364,OpenFEPOPS,https://github.com/justinykc/fepops,unknown,98.0,5.730099782973575,0,Scientific Software,Peer-reviewed,Python,JustinYKC,Yan-Kai Chen,user,,,pypi,fepops,21,0,0,1,9,0,790,,790,2,0,0,0.3911111111111111,0.0,2,0,"",0,0,0,0,0,0,push:790d release:790d commits:0 active_maint:0 closed:0 merged:0,https://science.ecosyste.ms/projects/924
1365,Scikit-Longitudinal,https://github.com/simonprovost/scikit-longitudinal,active,93.0,10.729372060534267,0,Scientific Software,Peer-reviewed,Python,simonprovost,Provost Simon,user,@UniversityOfKent,https://bento.me/simon-provost,pypi,"scikit-longitudinal,scikit-lexicographical-trees",330,0,0,1,85,0,350,,55,3,118,2,0.06040268456375841,0.008474576271186418,1,1,simonprovost,6,12,4,10,0,0,push:55d release:350d commits:118 active_maint:1 closed:15 merged:10,https://science.ecosyste.ms/projects/42
1366,RADWave,https://github.com/pyreef-model/radwave,dormant,95.0,8.726643415598446,0,Scientific Software,Peer-reviewed,Jupyter Notebook,pyReef-model,pyReef-model,organization,,www.earthcolab.org,pypi,radwave,11,2,0,1,13,0,1666,,144,3,2,1,0.022222222222222254,0.0,0,0,"",0,2,0,2,0,0,push:144d release:1666d commits:2 active_maint:0 closed:2 merged:2,https://science.ecosyste.ms/projects/2264
1367,NAIF PDS4 Bundler,https://github.com/nasa-pds/naif-pds4-bundler,active,95.0,8.70748291785937,0,Scientific Software,Peer-reviewed,Python,NASA-PDS,NASA Planetary Data System Software,organization,,https://nasa-pds.github.io/,pypi,naif-pds4-bundler,17,1,0,6,5,0,925,,14,17,464,7,0.5075862068965518,0.3900862068965517,4,1,jordanpadams,61,64,36,52,0,0,push:14d release:925d commits:464 active_maint:1 closed:88 merged:52,https://science.ecosyste.ms/projects/1463
1368,RHEIA,https://github.com/rheia-framework/rheia,dormant,95.0,8.70748291785937,0,Scientific Software,Peer-reviewed,Python,rheia-framework,rheia-framework,organization,,,pypi,"rheia,rheia-meca2675",46,1,0,1,25,0,588,,34,6,6,1,0.160427807486631,0.0,1,0,"",0,0,0,0,0,0,push:34d release:588d commits:6 active_maint:0 closed:0 merged:0,https://science.ecosyste.ms/projects/1473
1369,A Library of Lower Fidelity Dynamics Models (LFDMs) For On-Road Vehicle Dynamics Targeting Faster Than Real-Time Applications,https://github.com/uwsbel/low-fidelity-dynamic-models,unknown,100.0,3.6888794541139367,0,Scientific Software,Peer-reviewed,C++,uwsbel,Simulation-Based Engineering Laboratory,organization,,http://sbel.wisc.edu,,,0,,,,14,0,,,748,4,0,0,0.1657142857142857,0.0,2,0,"",0,0,0,0,0,0,push:748d commits:0 active_maint:0 closed:0 merged:0,https://science.ecosyste.ms/projects/603
1370,cgeniepy,https://github.com/ruiying-ocean/cgeniepy,active,100.0,3.6888794541139367,0,Scientific Software,Peer-reviewed,ReScript,ruiying-ocean,,user,University of Bristol,www.ruiying.online,,,0,,,,9,0,,,15,4,47,2,0.06679035250463827,0.3191489361702128,1,1,ruiying-ocean,13,2,6,2,0,0,push:15d commits:47 active_maint:1 closed:8 merged:2,https://science.ecosyste.ms/projects/472
1371,Django Remote Submission,https://github.com/ornl-ndav/django-remote-submission,unknown,95.0,8.674538762140015,0,Scientific Software,Peer-reviewed,Python,ornl-ndav,ORNL Neutron Data Analysis & Visualization Division,organization,,,pypi,django-remote-submission,35,1,0,2,20,0,2995,,1715,7,0,0,0.5336538461538461,0.0,3,0,"",0,0,0,0,0,0,push:1715d release:2995d commits:0 active_maint:0 closed:0 merged:0,https://science.ecosyste.ms/projects/2998
1372,Metagenomic classification with KrakenUniq on low-memory computers,https://github.com/fbreitwieser/krakenuniq,dormant,95.0,8.669742589876522,0,Scientific Software,Peer-reviewed,C++,fbreitwieser,Florian Breitwieser,user,,http://www.ccb.jhu.edu/people/florian/,,,0,,,,252,0,,,924,16,0,0,0.4466800804828974,0.0,1,0,"",4,0,1,0,0,0,push:924d commits:0 active_maint:0 closed:1 merged:0,https://science.ecosyste.ms/projects/1285
1373,Hypercomplex,https://github.com/angrymaciek/hypercomplex,dormant,100.0,3.6635616461296463,0,Scientific Software,Peer-reviewed,C++,AngryMaciek,Maciek Bąk,user,"City, University of London",https://angrymaciek.github.io,,,0,,,,3,0,,,707,3,0,0,0.006578947368421018,0.0,1,0,"",0,1,0,1,0,0,push:707d commits:0 active_maint:0 closed:1 merged:1,https://science.ecosyste.ms/projects/1134
1374,sierra-local,https://github.com/poonlab/sierra-local,active,93.0,10.654243045716386,0,Scientific Software,Peer-reviewed,Python,PoonLab,PoonLab,organization,,,pypi,sierralocal,180,1,0,3,14,0,351,,33,12,28,3,0.6433121019108281,0.2142857142857143,4,1,WilliamZekaiWang,4,11,2,8,0,0,push:33d release:351d commits:28 active_maint:1 closed:11 merged:8,https://science.ecosyste.ms/projects/2673
1375,A Short Introduction to PF,https://github.com/tbrown122387/pf,unknown,98.0,5.648974238161206,0,Scientific Software,Peer-reviewed,HTML,tbrown122387,Taylor R. Brown,user,University of Virginia,tbrown122387.github.io/,,,0,,,,60,0,,,541,4,0,0,0.014634146341463428,0.0,1,0,"",0,0,0,0,0,0,push:541d commits:0 active_maint:0 closed:0 merged:0,https://science.ecosyste.ms/projects/2104
1376,DeepBench,https://github.com/deepskies/deepbench,dormant,95.0,8.64135583403666,0,Scientific Software,Peer-reviewed,HTML,deepskies,Deep Skies Lab,organization,,www.deepskieslab.com,pypi,deepbench,34,1,0,2,6,0,776,,478,9,0,0,0.6657534246575343,0.0,1,0,"",7,9,5,7,0,0,push:478d release:776d commits:0 active_maint:0 closed:14 merged:7,https://science.ecosyste.ms/projects/284
1377,DTCC Builder,https://github.com/dtcc-platform/dtcc-builder,dead,98.0,5.616771097666572,0,Scientific Software,Peer-reviewed,C++,dtcc-platform,DTCC Platform,organization,,https://dtcc.chalmers.se/,,,0,,,,6,1,,,666,25,0,0,0.6942098914354644,0.0,1,0,"",0,0,0,0,0,0,archived push:666d commits:0 active_maint:0 closed:0 merged:0,https://science.ecosyste.ms/projects/1113
1378,Psifr,https://github.com/mortonne/psifr,active,93.0,10.616412850287961,0,Scientific Software,Peer-reviewed,Python,mortonne,Neal W Morton,user,The University of Texas at Austin,https://nealwmorton.com,pypi,psifr,3706,2,0,1,12,0,395,,282,1,13,1,0.0,0.0,1,0,"",0,0,0,0,0,0,push:282d release:395d commits:13 active_maint:0 closed:0 merged:0,https://science.ecosyste.ms/projects/2095
1379,COINr,https://github.com/bluefoxr/coinr,dormant,93.0,10.603709646768035,0,Scientific Software,Peer-reviewed,HTML,bluefoxr,Will Becker,user,,www.willbecker.me,cran,COINr,371,1,0,1,31,0,800,,111,3,1,1,0.01067235859124871,0.0,1,0,"",2,2,0,0,0,0,push:111d release:800d commits:1 active_maint:0 closed:0 merged:0,https://science.ecosyste.ms/projects/1376
1380,Moran Pycess,https://github.com/angrymaciek/angry-moran-simulator,dead,98.0,5.598421958998375,0,Scientific Software,Peer-reviewed,Python,AngryMaciek,Maciek Bąk,user,"City, University of London",https://angrymaciek.github.io,pypi,moranpycess,13,1,0,1,6,1,1095,,914,3,0,0,0.15521628498727735,0.0,1,0,"",0,0,0,0,0,0,archived push:914d release:1095d commits:0 active_maint:0 closed:0 merged:0,https://science.ecosyste.ms/projects/2079
1381,pycellga,https://github.com/sevgiakten/pycellga,dormant,98.0,5.598421958998375,0,Scientific Software,Peer-reviewed,Python,SevgiAkten,Sevgi Akten,user,,,pypi,pycellga,43,0,0,2,3,0,586,,499,2,0,0,0.15873015873015872,0.0,2,0,"",18,0,18,0,0,0,push:499d release:586d commits:0 active_maint:0 closed:18 merged:0,https://science.ecosyste.ms/projects/334
1382,Pakman,https://github.com/thomaspak/pakman,unknown,100.0,3.58351893845611,0,Scientific Software,Peer-reviewed,C++,ThomasPak,Thomas Pak,user,,,,,0,,,,18,0,,,1986,2,0,0,0.0023980815347721673,0.0,0,0,"",0,0,0,0,0,0,push:1986d commits:0 active_maint:0 closed:0 merged:0,https://science.ecosyste.ms/projects/2282
1383,AdOpT-NET0,https://github.com/uu-er/adopt-net0,dormant,93.0,10.566020874478237,0,Scientific Software,Peer-reviewed,Python,UU-ER,UU - Energy & Resources,organization,,,pypi,adopt_net0,161,0,0,2,6,0,469,,0,7,0,0,0.3555355535553555,0.0,0,0,"",4,12,0,7,0,0,push:0d release:469d commits:0 active_maint:0 closed:8 merged:7,https://science.ecosyste.ms/projects/281
1384,Lcopt - An interactive tool for creating fully parameterised Life Cycle Assessment (LCA) foreground models,https://github.com/pjamesjoyce/lcopt,unknown,95.0,8.565602330623925,0,Scientific Software,Peer-reviewed,JavaScript,pjamesjoyce,James Joyce,user,,,pypi,"lcopt-dev,lcopt",29,1,0,1,24,0,2849,,2310,4,0,0,0.04888888888888887,0.0,1,0,"",0,0,0,0,0,0,push:2310d release:2849d commits:0 active_maint:0 closed:0 merged:0,https://science.ecosyste.ms/projects/2995
1385,orbitize! v3,https://github.com/sblunt/orbitize,active,95.0,8.56522116042682,0,Scientific Software,Peer-reviewed,Python,sblunt,Sarah Blunt,user,@California-Planet-Search ,sites.google.com/g.harvard.edu/sarah,,,0,,,,93,0,,,10,45,69,4,0.48032407407407407,0.1159420289855072,20,6,"sblunt,manduhmia,ell-bogat,eshelDror,clarissardoo,wbalmer",12,10,2,4,0,0,push:10d commits:69 active_maint:6 closed:8 merged:4,https://science.ecosyste.ms/projects/490
1386,Neuropsydia.py,https://github.com/neuropsychology/neuropsydia.py,unknown,95.0,8.559102594493448,0,Scientific Software,Peer-reviewed,Python,neuropsychology,École de Neuropsychologie,organization,,,pypi,neuropsydia,9,1,0,1,64,0,3375,,2415,6,0,0,0.06417112299465244,0.0,3,0,"",0,0,0,0,0,0,push:2415d release:3375d commits:0 active_maint:0 closed:0 merged:0,https://science.ecosyste.ms/projects/2953
1387,GAMA,https://github.com/pgijsbers/gama,dormant,100.0,3.5553480614894135,0,Scientific Software,Peer-reviewed,Python,PGijsbers,Pieter Gijsbers,user,Eindhoven University of Technology,pgijsbers.github.io,,,0,,,,6,0,,,1222,7,0,0,0.01279317697228144,0.0,1,0,"",0,1,0,0,0,0,push:1222d commits:0 active_maint:0 closed:1 merged:0,https://science.ecosyste.ms/projects/2671
1388,Lerche,https://github.com/jamesrhester/lerche.jl,active,93.0,10.55268284556689,0,Scientific Software,Peer-reviewed,Julia,jamesrhester,James Hester,user,,,"julia,go","Lerche,github.com/jamesrhester/lerche.jl,github.com/jamesrhester/Lerche.jl",0,0,8,0,50,0,345,,127,6,9,4,0.296875,0.4444444444444444,1,0,"",2,2,0,2,0,0,push:127d release:345d commits:9 active_maint:0 closed:2 merged:2,https://science.ecosyste.ms/projects/1794
1389,perccalc,https://github.com/cimentadaj/perccalc,unknown,95.0,8.548691858475609,0,Scientific Software,Peer-reviewed,R,cimentadaj,Jorge Cimentada,user,Senior Data Scientist,https://cimentadaj.github.io/,cran,perccalc,257,0,0,1,5,0,2417,,2088,5,0,0,0.05882352941176472,0.0,0,0,"",0,0,0,0,0,0,push:2088d release:2417d commits:0 active_maint:0 closed:0 merged:0,https://science.ecosyste.ms/projects/2363
1390,PulPy,https://github.com/jonbmartin/pulpy,dead,95.0,8.548691858475609,0,Scientific Software,Peer-reviewed,Python,jonbmartin,Jonathan Martin,user,,,pypi,pulpy,85,0,0,1,15,0,647,,644,4,0,0,0.015923566878980888,0.0,1,0,"",0,3,0,0,0,0,push:644d release:647d commits:0 active_maint:0 closed:0 merged:0,https://science.ecosyste.ms/projects/422
1391,survPen,https://github.com/fauvernierma/survpen,dormant,93.0,10.537919225261291,0,Scientific Software,Peer-reviewed,R,fauvernierma,,user,,,cran,survPen,1140,1,1,1,12,0,509,,127,3,1,1,0.01680672268907568,0.0,1,0,"",0,0,0,0,0,0,push:127d release:509d commits:1 active_maint:0 closed:0 merged:0,https://science.ecosyste.ms/projects/2473
1392,Spruceup,https://github.com/marekborowiec/spruceup,dormant,95.0,8.525161361065415,0,Scientific Software,Peer-reviewed,Python,marekborowiec,Marek,user,Colorado State University,https://www.phylohacks.org/,pypi,spruceup,40,1,0,1,25,0,716,,349,4,1,1,0.014423076923076872,0.0,0,0,"",1,0,0,0,0,0,push:349d release:716d commits:1 active_maint:0 closed:0 merged:0,https://science.ecosyste.ms/projects/2431
1393,gobbli,https://github.com/rtiinternational/gobbli,unknown,93.0,10.522772884497618,0,Scientific Software,Peer-reviewed,Python,RTIInternational,RTI International,organization,,https://www.rti.org/,pypi,gobbli,41,1,0,1,274,0,1863,,1311,3,0,0,0.04385964912280704,0.0,1,0,"",0,0,0,0,0,0,push:1311d release:1863d commits:0 active_maint:0 closed:0 merged:0,https://science.ecosyste.ms/projects/1848
1394,Wakeflow,https://github.com/tomhilder/wakeflow,unknown,95.0,8.516793111394898,0,Scientific Software,Peer-reviewed,Python,TomHilder,Tom Hilder,user,Monash University,,pypi,wakeflow,33,0,0,1,11,0,1154,,660,7,0,0,0.10062893081761004,0.0,1,0,"",0,0,0,0,0,0,push:660d release:1154d commits:0 active_maint:0 closed:0 merged:0,https://science.ecosyste.ms/projects/1229
1395,TDApplied,https://github.com/shaelebrown/tdapplied,unknown,93.0,10.499903544136302,0,Scientific Software,Peer-reviewed,R,shaelebrown,,user,,,cran,TDApplied,533,0,0,1,18,0,639,,640,4,0,0,0.6748878923766817,0.0,0,0,"",0,0,0,0,0,0,push:640d release:639d commits:0 active_maint:0 closed:0 merged:0,https://science.ecosyste.ms/projects/762
1396,PWSpy,https://github.com/backmanlab/pwspy,unknown,95.0,8.496990484098719,0,Scientific Software,Peer-reviewed,Python,BackmanLab,Backman Lab,organization,,,pypi,pwspy,242,1,1,1,4,0,965,,965,4,0,0,0.1024702653247942,0.0,1,0,"",0,0,0,0,0,0,push:965d release:965d commits:0 active_maint:0 closed:0 merged:0,https://science.ecosyste.ms/projects/1555
1397,bmm,https://github.com/samduffield/bmm,unknown,95.0,8.496173824192162,0,Scientific Software,Peer-reviewed,Python,SamDuffield,,user,,,pypi,bmm,46,1,0,1,16,0,1758,,1472,6,0,0,0.107981220657277,0.0,1,0,"",0,0,0,0,0,0,push:1472d release:1758d commits:0 active_maint:0 closed:0 merged:0,https://science.ecosyste.ms/projects/1609
1398,tidyqpcr,https://github.com/ropensci/tidyqpcr,unknown,98.0,5.480638923341991,0,Scientific Software,Peer-reviewed,R,ropensci,rOpenSci,organization,,https://ropensci.org/,,,0,,,,57,0,,,790,3,0,0,0.4017094017094017,0.0,4,0,"",0,0,0,0,0,0,push:790d commits:0 active_maint:0 closed:0 merged:0,https://science.ecosyste.ms/projects/1478
1399,kdensity,https://github.com/jonasmoss/kdensity,active,93.0,10.475144835508363,0,Scientific Software,Peer-reviewed,R,JonasMoss,Jonas Moss,user,BI Norwegian Business School,blog.jonasmoss.com,cran,kdensity,649,3,3,1,17,0,513,,87,3,13,1,0.04016064257028118,0.0,2,0,"",0,0,0,0,0,0,push:87d release:513d commits:13 active_maint:0 closed:0 merged:0,https://science.ecosyste.ms/projects/2434
1400,ChebTools,https://github.com/usnistgov/chebtools,dormant,98.0,5.472270673671475,0,Scientific Software,Peer-reviewed,C++,usnistgov,National Institute of Standards and Technology,organization,,https://www.nist.gov,,,0,,,,33,0,,,393,7,0,0,0.3005780346820809,0.0,2,0,"",0,3,0,1,0,0,push:393d commits:0 active_maint:0 closed:1 merged:1,https://science.ecosyste.ms/projects/2904
1401,checkr,https://github.com/poissonconsulting/checkr,dormant,93.0,10.453658881643552,0,Scientific Software,Peer-reviewed,R,poissonconsulting,Poisson Consulting Ltd.,organization,,http://www.poissonconsulting.ca,cran,checkr,330,4,11,1,13,0,2653,,16,8,7,2,0.22605363984674332,0.1428571428571429,4,1,joethorley,1,5,0,5,0,0,pkg:removed push:16d release:2653d commits:6 active_maint:1 closed:5 merged:5,https://science.ecosyste.ms/projects/2883
1402,RT-utils,https://github.com/qurit/rt-utils,dead,95.0,8.452761331256848,0,Scientific Software,Peer-reviewed,Python,qurit,Qurit,organization,,https://qurit.ca,,,0,,,,256,0,,,375,16,0,0,0.5673758865248226,0.0,4,0,"",1,5,0,0,0,0,push:375d commits:0 active_maint:0 closed:0 merged:0,https://science.ecosyste.ms/projects/248
1403,yaml2sbml,https://github.com/yaml2sbml-dev/yaml2sbml,unknown,95.0,8.42507790250843,0,Scientific Software,Peer-reviewed,Python,,,,,,pypi,yaml2sbml,35,1,1,1,13,0,1826,,1143,6,0,0,0.6413502109704641,0.0,4,0,"",0,0,0,0,0,0,push:1143d release:1826d commits:0 active_maint:0 closed:0 merged:0,https://science.ecosyste.ms/projects/1878
1404,jaxKAN,https://github.com/srigas/jaxkan,active,93.0,10.416460868359577,0,Scientific Software,Peer-reviewed,Python,srigas,Spyros Rigas,user,SeaQuest Marine Technologies,https://srigas.net,pypi,jaxkan,130,0,0,1,108,0,476,,127,3,55,1,0.05820105820105825,0.0,1,1,srigas,2,3,1,3,0,0,push:127d release:476d commits:55 active_maint:1 closed:4 merged:3,https://science.ecosyste.ms/projects/221
1405,AMAT,https://github.com/athulpg007/amat,dormant,93.0,10.4069259578681,0,Scientific Software,Peer-reviewed,Jupyter Notebook,athulpg007,Athul Pradeepkumar Girija,user,LeoLabs,athulpg007.github.io,pypi,amat,515,1,0,1,17,0,943,,25,4,41,2,0.10141509433962259,0.19512195121951215,1,1,athulpg007,0,34,0,32,0,0,push:25d release:943d commits:8 active_maint:1 closed:34 merged:32,https://science.ecosyste.ms/projects/1701
1406,MoSDeF-dihedral-fit,https://github.com/gomc-wsu/mosdef-dihedral-fit,dormant,100.0,3.401197381662155,0,Scientific Software,Peer-reviewed,Python,GOMC-WSU,GOMC,user,Wayne State University,http://gomc.eng.wayne.edu,,,0,,,,3,0,,,17,6,23,2,0.3715953307392996,0.34782608695652173,4,1,bc118,1,14,0,11,0,0,push:17d commits:8 active_maint:1 closed:11 merged:11,https://science.ecosyste.ms/projects/360
1407,The plebeian Graph Library,https://github.com/range-et/pgl,active,100.0,3.4011973816621555,0,Scientific Software,Peer-reviewed,HTML,range-et,Indrajeet Haldar,user,,indrajeethaldar.com,npm,"plebeiangraphlibrary,plebiangraphlibrary",1,0,0,1,5,0,906,,78,3,32,1,0.038461538461538436,0.0,0,0,"",0,0,0,0,0,0,push:78d release:906d commits:32 active_maint:0 closed:0 merged:0,https://science.ecosyste.ms/projects/728
1408,Sapsan,https://github.com/pikarpov-lanl/sapsan,unknown,95.0,8.392989587956931,0,Scientific Software,Peer-reviewed,Python,pikarpov-LANL,Platon I. Karpov,user,Los Alamos National Laboratory,https://people.ucsc.edu/~plkarpov/,pypi,sapsan,90,1,0,1,14,0,1078,,1077,3,0,0,0.3679245283018868,0.0,3,0,"",0,0,0,0,0,0,push:1077d release:1078d commits:0 active_maint:0 closed:0 merged:0,https://science.ecosyste.ms/projects/1685
1409,ldaPrototype,https://github.com/jonasrieger/ldaprototype,dormant,95.0,8.389359819906353,0,Scientific Software,Peer-reviewed,R,JonasRieger,Jonas Rieger,user,TU Dortmund University,https://jonasrieger.github.io/,cran,ldaPrototype,380,1,1,1,8,0,1792,,164,1,4,1,0.0,0.0,1,0,"",1,0,1,0,0,0,push:164d release:1792d commits:4 active_maint:0 closed:1 merged:0,https://science.ecosyste.ms/projects/2190
1410,VaMPy,https://github.com/kvslab/vampy,unknown,98.0,5.375278407684165,0,Scientific Software,Peer-reviewed,Python,KVSlab,KVSlab,organization,,,,,0,,,,18,0,,,492,8,0,0,0.11802232854864436,0.0,4,0,"",0,0,0,0,0,0,push:492d commits:0 active_maint:0 closed:0 merged:0,https://science.ecosyste.ms/projects/1126
1411,Spiner,https://github.com/lanl/spiner,active,98.0,5.347107530717469,0,Scientific Software,Peer-reviewed,C++,lanl,Los Alamos National Laboratory,organization,,https://www.lanl.gov/,spack,spiner,0,0,0,1,9,0,1577,,2,10,35,5,0.578397212543554,0.5142857142857142,6,1,rbberger,0,22,0,16,0,0,push:2d release:1577d commits:34 active_maint:1 closed:16 merged:16,https://science.ecosyste.ms/projects/1468
1412,ungroup,https://github.com/mpascariu/ungroup,dormant,93.0,10.33345013224468,0,Scientific Software,Peer-reviewed,R,mpascariu,Marius D. Pascariu,user,,https://www.linkedin.com/in/mpascariu,cran,ungroup,424,2,0,1,16,0,911,,88,4,1,1,0.2065217391304348,0.0,1,0,"",1,0,0,0,0,0,push:88d release:911d commits:1 active_maint:0 closed:0 merged:0,https://science.ecosyste.ms/projects/2767
1413,OpenGeoSysUncertaintyQuantification.jl,https://github.com/baxmittens/opengeosysuncertaintyquantification.jl,dormant,100.0,3.332204510175204,0,Scientific Software,Peer-reviewed,Julia,baxmittens,Max Bittens,user,,,julia,OpenGeoSysUncertaintyQuantification,0,0,0,0,6,0,544,,53,4,4,1,0.14937759336099588,0.0,1,0,"",0,0,0,0,0,0,push:53d release:544d commits:4 active_maint:0 closed:0 merged:0,https://science.ecosyste.ms/projects/634
1414,IDTxl,https://github.com/pwollstadt/idtxl,dormant,95.0,8.329416783939319,0,Scientific Software,Peer-reviewed,Python,pwollstadt,Patricia Wollstadt,user,,http://patriciawollstadt.de/,,,0,,,,295,0,,,70,14,4,2,0.24647887323943662,0.5,6,2,"DrMichaelLindner,daehrlich",0,12,0,9,0,0,push:70d commits:4 active_maint:2 closed:10 merged:9,https://science.ecosyste.ms/projects/2651
1415,DAFSA,https://github.com/tresoldi/dafsa,dead,95.0,8.326032685955079,0,Scientific Software,Peer-reviewed,Python,tresoldi,Tiago Tresoldi,user,Uppsala universitet,http://www.tresoldi.org,pypi,dafsa,57,1,0,1,27,0,2422,,1258,2,0,0,0.011834319526627168,0.0,1,0,"",2,0,0,0,0,0,push:1258d release:2422d commits:0 active_maint:0 closed:0 merged:0,https://science.ecosyste.ms/projects/2298
1416,Python Implementation of Codon Adaptation Index,https://github.com/benjamin-lee/codonadaptationindex,dead,93.0,10.325416386674958,0,Scientific Software,Peer-reviewed,Jupyter Notebook,Benjamin-Lee,Benjamin Lee,user,,benjamindlee.com/about,pypi,cai,195,1,0,1,37,0,2849,,1275,3,0,0,0.15315315315315314,0.0,2,0,"",1,3,0,0,0,0,push:1275d release:2849d commits:0 active_maint:0 closed:0 merged:0,https://science.ecosyste.ms/projects/2756
1417,PySymmPol - Symmetric Polynomials,https://github.com/thraraujo/pysymmpol,dormant,98.0,5.318119993844216,0,Scientific Software,Peer-reviewed,Python,thraraujo,Thiago Araujo,user,,,pypi,pysymmpol,16,0,0,1,4,0,803,,296,2,4,1,0.010000000000000009,0.0,1,0,"",0,0,0,0,0,0,push:296d release:803d commits:4 active_maint:0 closed:0 merged:0,https://science.ecosyste.ms/projects/674
1418,fitgrid,https://github.com/kutaslab/fitgrid,unknown,95.0,8.313852267398207,0,Scientific Software,Peer-reviewed,Jupyter Notebook,kutaslab,Kutas Cognitive Electrophysiology Lab,organization,,kutaslab.github.io,pypi,fitgrid,48,1,0,2,8,0,1945,,1401,5,0,0,0.4867924528301887,0.0,2,0,"",0,0,0,0,0,0,push:1401d release:1945d commits:0 active_maint:0 closed:0 merged:0,https://science.ecosyste.ms/projects/1827
1419,ppdiag,https://github.com/owenward/ppdiag,unknown,95.0,8.31238059678675,0,Scientific Software,Peer-reviewed,R,OwenWard,Owen Ward,user,,owenward.github.io,cran,ppdiag,193,0,0,1,5,0,1813,,1260,3,0,0,0.47807933194154484,0.0,2,0,"",0,0,0,0,0,0,push:1260d release:1813d commits:0 active_maint:0 closed:0 merged:0,https://science.ecosyste.ms/projects/1879
1420,FDTDX: High-Performance Open-Source FDTD Simulation with Automatic Differentiation,https://github.com/ymahlau/fdtdx,active,89.0,14.311905356435963,0,,,Python,ymahlau,Yannik Mahlau,user,,,"go,pypi","github.com/ymahlau/fdtdx,fdtdx",476,0,0,1,324,0,240,,9,22,223,17,0.3215130023640662,0.452914798206278,3,2,"ymahlau,l-berg",43,111,22,75,0,0,push:9d release:240d commits:213 active_maint:2 closed:104 merged:75,https://science.ecosyste.ms/projects/804226
1421,Cocktail Shaker,https://github.com/sulstice/cocktail-shaker,dormant,93.0,10.304040616283272,0,Scientific Software,Peer-reviewed,Jupyter Notebook,Sulstice,Sul ,user,@mackerell-lab,https://twitter.com/SulimanSharif6,pypi,cocktail-shaker,30,0,0,1,12,0,2195,,599,9,0,0,0.16000000000000003,0.0,3,0,"",0,31,0,0,0,0,push:599d release:2195d commits:0 active_maint:0 closed:15 merged:0,https://science.ecosyste.ms/projects/2163
1422,pyomo,https://github.com/pyomo/pyomo,active,77.0,26.302335030045793,0,,,Python,Pyomo,Pyomo,organization,,,"conda,pypi",pyomo,621727,234,86,4,2491,0,336,,17,194,2375,41,0.7216523647974455,0.744,8,5,"jsiirola,blnicho,adowling2,mlight-lee,slilonfe5",27,105,12,47,0,0,push:17d release:336d commits:2359 active_maint:5 closed:67 merged:47,https://science.ecosyste.ms/projects/5906
1423,spatial-efd,https://github.com/sgrieve/spatial_efd,unknown,95.0,8.302017809751204,0,Scientific Software,Peer-reviewed,Python,sgrieve,Stuart Grieve,user,Queen Mary University of London,http://swdg.io,pypi,spatial-efd,93,1,1,1,22,0,2339,,1204,2,0,0,0.007352941176470562,0.0,1,0,"",0,0,0,0,0,0,push:1204d release:2339d commits:0 active_maint:0 closed:0 merged:0,https://science.ecosyste.ms/projects/3055
1424,AGNI,https://github.com/nichollsh/agni,active,100.0,3.295836866004329,0,Scientific Software,Peer-reviewed,Jupyter Notebook,nichollsh,Harrison Nicholls,user,University of Oxford,,,,0,,,,12,0,,,14,6,546,4,0.011980830670926479,0.020146520146520186,2,1,nichollsh,16,10,5,6,0,0,push:14d commits:540 active_maint:1 closed:12 merged:6,https://science.ecosyste.ms/projects/146
1425,FELINE,https://github.com/enthusi/feline,dormant,100.0,3.295836866004329,0,Scientific Software,Peer-reviewed,Python,enthusi,Martin Wendt,user,,http://martinwendt.de,,,0,,,,3,0,,,492,9,0,0,0.4738955823293173,0.0,2,0,"",10,30,10,30,0,0,push:492d commits:0 active_maint:0 closed:40 merged:30,https://science.ecosyste.ms/projects/249
1426,Statmanager-kr,https://github.com/ckdckd145/statmanager-kr,dormant,93.0,10.284659968075248,0,Scientific Software,Peer-reviewed,Python,ckdckd145,Changseok Lee,user,,,pypi,statmanager-kr,731,0,0,1,10,0,972,,650,4,0,0,0.29648241206030146,0.0,1,0,"",0,3,0,3,0,0,push:650d release:972d commits:0 active_maint:0 closed:3 merged:3,https://science.ecosyste.ms/projects/455
1427,Cardiotensor: A Python Library for Orientation Analysis and Tractography in 3D Cardiac Imaging,https://github.com/josephbrunet/cardiotensor,active,94.0,9.276128112514186,0,,,Python,JosephBrunet,Joseph Brunet,user,UCL,https://www.josephbrunet.fr/,pypi,cardiotensor,177,0,0,1,8,0,115,,6,6,239,4,0.0332681017612525,0.01673640167364021,3,2,"JosephBrunet,lchestnutt",5,8,2,7,0,0,push:6d release:115d commits:239 active_maint:2 closed:10 merged:7,https://science.ecosyste.ms/projects/808517
1428,pynguin,https://github.com/se2p/pynguin,active,85.0,18.265321814485404,0,,,Python,se2p,"Chair of Software Engineering II, Uni Passau",organization,,http://www.fim.uni-passau.de/lehrstuhl-fuer-software-engineering-ii/,"pypi,conda",pynguin,2770,13,0,1,1384,0,332,,2,29,895,8,0.7177365242675017,0.488268156424581,1,0,"",12,29,8,19,0,0,push:2d release:332d commits:895 active_maint:0 closed:31 merged:19,https://science.ecosyste.ms/projects/3482
1429,compareMCMCs,https://github.com/nimble-dev/comparemcmcs,dead,95.0,8.258422462458876,0,Scientific Software,Peer-reviewed,R,nimble-dev,nimble-dev,organization,,,cran,compareMCMCs,192,0,0,1,1,0,667,,666,4,0,0,0.2549019607843137,0.0,3,0,"",1,0,0,0,0,0,push:666d release:667d commits:0 active_maint:0 closed:0 merged:0,https://science.ecosyste.ms/projects/1632
1430,trafilatura,https://github.com/adbar/trafilatura,active,77.0,26.25568670851022,0,,,Python,adbar,Adrien Barbaresi,user,Berlin-Brg. Academy of Sciences (BBAW),adrien.barbaresi.eu,pypi,trafilatura,1365602,63,71,1,6351,0,604,,12,64,33,11,0.12262958280657399,0.48484848484848486,1,1,adbar,32,38,17,24,0,0,push:12d release:604d commits:33 active_maint:1 closed:45 merged:24,https://science.ecosyste.ms/projects/34428
1431,medrxivr,https://github.com/ropensci/medrxivr,active,93.0,10.254707645791896,0,Scientific Software,Peer-reviewed,R,ropensci,rOpenSci,organization,,https://ropensci.org/,"conda,cran","r-medrxivr,medrxivr",220,1,0,1,63,0,664,,5,2,27,1,0.017241379310344862,0.0,3,1,YaoxiangLi,3,2,3,2,0,0,pkg:removed push:5d release:664d commits:27 active_maint:1 closed:5 merged:2,https://science.ecosyste.ms/projects/2105
1432,AgriFoodPy,https://github.com/fixourfood/agrifoodpy,active,95.0,8.248529124800218,0,Scientific Software,Peer-reviewed,Python,FixOurFood,FixOurFood,organization,,https://fixourfood.org/,pypi,agrifoodpy,146,0,0,1,5,0,332,,23,2,12,1,0.10752688172043012,0.0,3,1,jucordero,7,14,4,12,0,0,push:23d release:332d commits:12 active_maint:1 closed:17 merged:12,https://science.ecosyste.ms/projects/685
1433,rrcf,https://github.com/klabum/rrcf,dormant,95.0,8.248529124800218,0,Scientific Software,Peer-reviewed,Python,kLabUM,Real-time water systems lab,organization,,,,,0,,,,523,0,,,887,7,0,0,0.1541850220264317,0.0,3,0,"",1,2,0,1,0,0,push:887d commits:0 active_maint:0 closed:1 merged:1,https://science.ecosyste.ms/projects/2616
1434,DUGseis,https://github.com/swiss-seismological-service/dugseis,dormant,98.0,5.247024072160486,0,Scientific Software,Peer-reviewed,Python,swiss-seismological-service,Swiss Seismological Service (SED),organization,,http://www.seismo.ethz.ch,,,0,,,,17,0,,,618,10,0,0,0.6987951807228916,0.0,2,0,"",6,0,6,0,0,0,push:618d commits:0 active_maint:0 closed:6 merged:0,https://science.ecosyste.ms/projects/384
1435,Taguette,https://gitlab.com/remram44/taguette,active,89.0,14.244043544863231,0,Scientific Software,Peer-reviewed,,remram44,Remi Rampin,user,,https://remi.rampin.org,pypi,taguette,463,1,0,2,80,0,1272,,,18,37,1,0.5891931902294596,0.0,0,0,"",,,,,3,0,release:1272d commits:37 active_maint:0 closed:0 merged:0 adv:3/0,https://science.ecosyste.ms/projects/1664
1436,Telewavesim,https://github.com/paudetseis/telewavesim,dormant,95.0,8.240648863374913,0,Scientific Software,Peer-reviewed,Jupyter Notebook,paudetseis,Pascal Audet,user,University of Ottawa,https://www.uogeophysics.com,pypi,telewavesim,13,1,0,2,83,0,1618,,443,3,0,0,0.39830508474576276,0.0,2,0,"",1,5,0,4,0,0,push:443d release:1618d commits:0 active_maint:0 closed:4 merged:4,https://science.ecosyste.ms/projects/2377
1437,Pyheartlib,https://github.com/devnums/pyheartlib,dead,98.0,5.225746673713202,0,Scientific Software,Peer-reviewed,Python,devnums,Sadegh,user,,,pypi,pyheartlib,30,0,0,1,3,0,915,,872,3,0,0,0.09283819628647216,0.0,1,0,"",0,1,0,0,0,0,push:872d release:915d commits:0 active_maint:0 closed:0 merged:0,https://science.ecosyste.ms/projects/791
1438,DiffOpt,https://github.com/alanpearl/diffopt,active,98.0,5.225746673713202,0,Scientific Software,Peer-reviewed,Python,AlanPearl,Alan Pearl,user,University of Pittsburgh,alanpearl.github.io,pypi,diffopt,61,0,0,1,3,0,396,,231,1,12,1,0.0,0.0,1,0,"",3,4,3,4,0,0,push:231d release:396d commits:12 active_maint:0 closed:7 merged:4,https://science.ecosyste.ms/projects/344
1439,Devicely,https://github.com/hpi-dhc/devicely,unknown,95.0,8.222553638396958,0,Scientific Software,Peer-reviewed,Python,hpi-dhc,Digital Health Center,organization,,https://hpi.de/digital-health-center/,"pypi,conda",devicely,23,3,0,2,16,0,1710,,887,6,0,0,0.46394984326018807,0.0,2,0,"",0,0,0,0,0,0,push:887d release:1710d commits:0 active_maint:0 closed:0 merged:0,https://science.ecosyste.ms/projects/1727
1440,hetGPy,https://github.com/davidogara/hetgpy,active,100.0,3.2188758248682006,0,Scientific Software,Peer-reviewed,Jupyter Notebook,davidogara,David O'Gara,user,,,,,0,,,,6,0,,,10,6,31,2,0.03525046382189234,0.12903225806451613,2,1,davidogara,5,11,3,10,0,0,push:10d commits:31 active_maint:1 closed:13 merged:10,https://science.ecosyste.ms/projects/294
1441,cogsworth,https://github.com/tomwagg/cogsworth,active,95.0,8.210668031162976,0,Scientific Software,Peer-reviewed,Python,TomWagg,Tom Wagg,user,University of Washington,tomwagg.com,pypi,cogsworth,79,0,0,1,27,0,401,,38,6,366,4,0.007211538461538436,0.008196721311475419,1,1,TomWagg,11,15,7,12,0,0,push:38d release:401d commits:366 active_maint:1 closed:19 merged:12,https://science.ecosyste.ms/projects/332
1442,PyDMD,https://github.com/mathlab/pydmd,unknown,95.0,8.20849175174038,0,Scientific Software,Peer-reviewed,Python,mathLab,SISSA mathLab,organization,,http://mathlab.sissa.it,,,0,,,,125,0,,,511,36,0,0,0.6741903827281649,0.0,0,0,"",0,0,0,0,0,0,push:511d commits:0 active_maint:0 closed:0 merged:0,https://science.ecosyste.ms/projects/2907
1443,Beiwe,https://github.com/onnela-lab/beiwe-backend,active,95.0,8.208491751740382,0,Scientific Software,Peer-reviewed,Python,onnela-lab,onnela-lab,organization,,,,,0,,,,75,0,,,30,27,321,1,0.6332899869960988,0.0,5,1,biblicabeebli,30,1,11,0,0,0,push:30d commits:321 active_maint:1 closed:11 merged:0,https://science.ecosyste.ms/projects/1661
1444,Brainchop,https://github.com/neuroneural/brainchop,dormant,95.0,8.201934351194222,0,Scientific Software,Peer-reviewed,JavaScript,neuroneural,neuroneural,organization,,,,,0,,,,532,0,,,156,8,11,2,0.16176470588235292,0.09090909090909094,1,0,"",4,7,0,3,0,0,push:156d commits:11 active_maint:0 closed:3 merged:3,https://science.ecosyste.ms/projects/1198
1445,UncertainData.jl,https://github.com/kahaaga/uncertaindata.jl,unknown,95.0,8.1886891244442,0,Scientific Software,Peer-reviewed,Julia,kahaaga,Kristian Agasøster Haaga,user,@earthsystemevolution ,,julia,UncertainData,0,7,3,0,18,0,1714,,1150,5,0,0,0.033434650455927084,0.0,0,0,"",0,0,0,0,0,0,push:1150d release:1714d commits:0 active_maint:0 closed:0 merged:0,https://science.ecosyste.ms/projects/2402
1446,neworder,https://github.com/virgesmith/neworder,active,95.0,8.1886891244442,0,Scientific Software,Peer-reviewed,Python,virgesmith,Andrew Smith,user,,virgesmith.github.io,pypi,neworder,27,2,0,1,20,0,411,,65,6,15,2,0.4274432379072063,0.06666666666666665,1,1,virgesmith,1,11,0,5,0,0,push:65d release:411d commits:14 active_maint:1 closed:11 merged:5,https://science.ecosyste.ms/projects/1837
1447,Simframe,https://github.com/stammler/simframe,dormant,93.0,10.188365697655176,0,Scientific Software,Peer-reviewed,Python,stammler,Sebastian Stammler,user,Ludwig Maximilian University Munich,https://stammler.github.io/,"alpine,pypi","py3-simframe-pyc,simframe,py3-simframe",504,1,2,1,13,0,760,,94,4,10,1,0.04290429042904287,0.0,1,0,"",0,1,0,0,0,0,push:94d release:760d commits:10 active_maint:0 closed:1 merged:0,https://science.ecosyste.ms/projects/1637
1448,bayes_spec,https://github.com/tvwenger/bayes_spec,dormant,95.0,8.187855443695623,0,Scientific Software,Peer-reviewed,Python,tvwenger,Trey Wenger,user,University of Wisconsin-Madison,https://www.treywenger.com,pypi,bayes-spec,108,0,0,1,12,0,387,,9,3,2,1,0.0461538461538461,0.0,1,1,tvwenger,1,2,1,2,0,0,push:9d release:387d commits:2 active_maint:1 closed:3 merged:2,https://science.ecosyste.ms/projects/419
1449,OpenCADD-KLIFS,https://github.com/volkamerlab/opencadd,dormant,95.0,8.186185994226083,0,Scientific Software,Peer-reviewed,Python,volkamerlab,Volkamer Lab,organization,,https://www.volkamerlab.org,"conda,go","opencadd,github.com/volkamerlab/opencadd",0,1,2,0,111,0,1663,,254,9,0,0,0.2602100350058343,0.0,5,0,"",1,2,0,1,0,0,push:254d release:1663d commits:0 active_maint:0 closed:1 merged:1,https://science.ecosyste.ms/projects/1598
1450,unfold,https://github.com/polca/unfold,active,100.0,3.1780538303479458,0,Scientific Software,Peer-reviewed,Jupyter Notebook,polca,POLCA,organization,,,,,0,,,,15,0,,,253,2,22,1,0.05882352941176472,0.0,0,0,"",6,1,2,0,0,0,push:253d commits:22 active_maint:0 closed:2 merged:0,https://science.ecosyste.ms/projects/1195
1451,cppTPSA/pyTPSA,https://github.com/zhanghe9704/tpsa,unknown,100.0,3.1780538303479453,0,Scientific Software,Peer-reviewed,C++,zhanghe9704,He Zhang,user,Jefferson Lab,www.hezhang.us,,,0,,,,9,0,,,387,3,0,0,0.05238095238095242,0.0,1,0,"",0,0,0,0,0,0,push:387d commits:0 active_maint:0 closed:0 merged:0,https://science.ecosyste.ms/projects/808
1452,osiris,https://github.com/jgcri/osiris,dead,100.0,3.1780538303479453,0,Scientific Software,Peer-reviewed,R,JGCRI,Joint Global Change Research Institute,organization,,https://www.pnnl.gov/projects/jgcri,,,0,,,,7,0,,,454,3,0,0,0.19090909090909092,0.0,2,0,"",1,0,0,0,0,0,push:454d commits:0 active_maint:0 closed:0 merged:0,https://science.ecosyste.ms/projects/1121
1453,ELK,https://github.com/tobin-wainer/elk,unknown,100.0,3.1780538303479453,0,Scientific Software,Peer-reviewed,Jupyter Notebook,tobin-wainer,Tobin Wainer,user,,,,,0,,,,5,0,,,513,3,0,0,0.4524361948955916,0.0,2,0,"",0,0,0,0,0,0,push:513d commits:0 active_maint:0 closed:0 merged:0,https://science.ecosyste.ms/projects/970
1454,DistriFS,https://github.com/jibsil/distrifs,unknown,100.0,3.1780538303479458,0,Scientific Software,Peer-reviewed,Go,JIBSIL,,user,,,,,0,,,,6,0,,,756,2,0,0,0.13636363636363635,0.0,0,0,"",0,0,0,0,0,0,push:756d commits:0 active_maint:0 closed:0 merged:0,https://science.ecosyste.ms/projects/616
1455,simChef,https://github.com/yu-group/simchef,dormant,98.0,5.170483995038151,0,Scientific Software,Peer-reviewed,R,Yu-Group,Yu-Group,organization,,https://www.stat.berkeley.edu/~yugroup/,,,0,,,,23,0,,,519,4,0,0,0.34698795180722897,0.0,2,0,"",6,21,3,17,0,0,push:519d commits:0 active_maint:0 closed:20 merged:17,https://science.ecosyste.ms/projects/761
1456,Simulating instrumental systematics of Cosmic Microwave Background experiments with s4cmb,https://github.com/julienpeloton/s4cmb,dead,95.0,8.168486417126681,0,Scientific Software,Peer-reviewed,Python,JulienPeloton,Julien,user,CNRS,https://github.com/astrolabsoftware,pypi,s4cmb,12,1,0,1,10,0,3163,,457,12,0,0,0.23838383838383836,0.0,2,0,"",0,2,0,0,0,0,push:457d release:3163d commits:0 active_maint:0 closed:0 merged:0,https://science.ecosyste.ms/projects/1939
1457,PDENLPModels.jl,https://github.com/juliasmoothoptimizers/pdenlpmodels.jl,dormant,98.0,5.164785973923514,0,Scientific Software,Peer-reviewed,Julia,JuliaSmoothOptimizers,JuliaSmoothOptimizers,organization,,https://juliasmoothoptimizers.github.io,julia,PDENLPModels,0,0,0,0,22,0,801,,593,5,0,0,0.03460207612456745,0.0,3,0,"",0,1,0,0,0,0,push:593d release:801d commits:0 active_maint:0 closed:1 merged:0,https://science.ecosyste.ms/projects/1295
1458,CRE,https://github.com/nsaph-software/cre,unknown,93.0,10.164697304656794,0,Scientific Software,Peer-reviewed,R,NSAPH-Software,National Studies on Air Pollution and Health Software,organization,,https://nsaph-software.github.io/intro.html,cran,CRE,370,0,0,1,15,0,649,,648,5,0,0,0.5010989010989011,0.0,1,0,"",0,0,0,0,0,0,push:648d release:649d commits:0 active_maint:0 closed:0 merged:0,https://science.ecosyste.ms/projects/892
1459,| SWEpy,https://github.com/wino6687/swepy,dead,95.0,8.133880887949207,0,Scientific Software,Peer-reviewed,Python,wino6687,Will Norris,user,@earthlab ,wino6687.github.io/will-portfolio,"pypi,conda",swepy,69,1,0,1,3,0,2358,,108,8,0,0,0.0733549083063646,0.0,2,0,"",0,1,0,0,0,0,push:108d release:2358d commits:0 active_maint:0 closed:0 merged:0,https://science.ecosyste.ms/projects/2701
1460,libsoni,https://github.com/groupmm/libsoni,dormant,95.0,8.127995055771946,0,Scientific Software,Peer-reviewed,Python,groupmm,GroupMM (International Audio Laboratories Erlangen),organization,,https://www.audiolabs-erlangen.de/fau/professor/mueller,pypi,libsoni,21,0,0,1,26,0,493,,493,7,0,0,0.6194225721784776,0.0,0,0,"",0,1,0,1,0,0,push:493d release:493d commits:0 active_maint:0 closed:1 merged:1,https://science.ecosyste.ms/projects/649
1461,dyPolyChord,https://github.com/ejhigson/dypolychord,dead,95.0,8.119100837637486,0,Scientific Software,Peer-reviewed,Python,,,,,,pypi,dypolychord,71,1,0,1,22,0,2539,,2279,2,0,0,0.004201680672268893,0.0,0,0,"",1,0,0,0,0,0,push:2279d release:2539d commits:0 active_maint:0 closed:0 merged:0,https://science.ecosyste.ms/projects/2762
1462,SleepPy,https://github.com/elyiorgos/sleeppy,unknown,95.0,8.09712193091871,0,Scientific Software,Peer-reviewed,Python,elyiorgos,Yiorgos Christakis,user,,,pypi,sleeppy,13,1,0,1,68,0,2425,,1120,3,0,0,0.390625,0.0,1,0,"",0,0,0,0,0,0,push:1120d release:2425d commits:0 active_maint:0 closed:0 merged:0,https://science.ecosyste.ms/projects/2355
1463,Reiz,https://github.com/reizio/reiz.io,active,98.0,5.0875963352323845,0,Scientific Software,Peer-reviewed,Python,reizio,Reiz,organization,,https://reiz.io,,,0,,,,46,0,,,52,3,0,0,0.025531914893617058,0.0,1,0,"",0,0,0,0,0,0,push:52d commits:0 active_maint:0 closed:0 merged:0,https://science.ecosyste.ms/projects/1843
1464,SaffronTree,https://github.com/sanger-pathogens/saffrontree,unknown,98.0,5.087596335232384,0,Scientific Software,Peer-reviewed,Python,sanger-pathogens,"Pathogen Informatics, Wellcome Sanger Institute",organization,,http://www.sanger.ac.uk/science/groups/pathogen-informatics,,,0,,,,25,0,,,2240,6,0,0,0.196078431372549,0.0,1,0,"",0,0,0,0,0,0,push:2240d commits:0 active_maint:0 closed:0 merged:0,https://science.ecosyste.ms/projects/3035
1465,Copper,https://github.com/pnnl/copper,active,98.0,5.087596335232384,0,Scientific Software,Peer-reviewed,Python,pnnl,Pacific Northwest National Laboratory (Public),organization,,http://www.pnnl.gov/,,,0,,,,14,0,,,63,9,21,2,0.2457627118644068,0.09523809523809523,5,3,"lymereJ,aowabinr,wanhanlong1130",3,9,2,5,0,0,push:63d commits:21 active_maint:3 closed:9 merged:5,https://science.ecosyste.ms/projects/1228
1466,CRNPy,https://github.com/soilwater/crnpy,unknown,95.0,8.083328608786376,0,Scientific Software,Peer-reviewed,HTML,soilwater,soilwater,organization,,,pypi,crnpy,89,0,0,1,10,0,821,,654,3,0,0,0.0703125,0.0,1,0,"",0,0,0,0,0,0,push:654d release:821d commits:0 active_maint:0 closed:0 merged:0,https://science.ecosyste.ms/projects/695
1467,TDAvec: Computing  Vector Summaries of Persistence Diagrams for Topological Data Analysis in R and Python,https://github.com/uislambekov/tdavec,active,95.0,8.075893630298857,0,,,TeX,,,,,,cran,TDAvec,218,0,0,1,1,0,484,,35,4,51,4,0.3917525773195877,0.3921568627450981,1,1,ALuchinsky,8,4,5,4,0,0,push:35d release:484d commits:51 active_maint:1 closed:9 merged:4,https://science.ecosyste.ms/projects/517113
1468,Off-resonance CorrecTion OPen soUrce Software (OCTOPUS),https://github.com/imr-framework/octopus,dead,95.0,8.070906088787817,0,Scientific Software,Peer-reviewed,Python,imr-framework,iMR Framework,user,,,pypi,mr-octopus,38,1,0,1,21,0,2102,,1120,4,0,0,0.07377049180327866,0.0,1,0,"",1,0,0,0,0,0,push:1120d release:2102d commits:0 active_maint:0 closed:0 merged:0,https://science.ecosyste.ms/projects/1963
1469,robnptests -- An R package for robust two-sample location and dispersion tests,https://github.com/s-abbas/robnptests,unknown,95.0,8.068402958569699,0,Scientific Software,Peer-reviewed,R,,,,,,cran,robnptests,227,0,0,1,2,0,1263,,1262,7,0,0,0.2602040816326531,0.0,1,0,"",0,0,0,0,0,0,push:1262d release:1263d commits:0 active_maint:0 closed:0 merged:0,https://science.ecosyste.ms/projects/1242
1470,excluder,https://github.com/ropensci/excluder,dormant,93.0,10.063563500382763,0,Scientific Software,Peer-reviewed,R,ropensci,rOpenSci,organization,,https://ropensci.org/,cran,excluder,651,0,0,1,9,0,441,,388,4,0,0,0.01384083044982698,0.0,3,0,"",1,1,1,1,0,0,push:388d release:441d commits:0 active_maint:0 closed:2 merged:1,https://science.ecosyste.ms/projects/1702
1471,DmpBbo,https://github.com/stulp/dmpbbo,unknown,95.0,8.053251153549096,0,Scientific Software,Peer-reviewed,Python,stulp,Freek Stulp,user,,,,,0,,,,259,0,,,929,12,0,0,0.292962356792144,0.0,3,0,"",0,0,0,0,0,0,push:929d commits:0 active_maint:0 closed:0 merged:0,https://science.ecosyste.ms/projects/2583
1472,Archeofrag,https://github.com/sebastien-plutniak/archeofrag,dormant,93.0,10.039765170828677,0,Scientific Software,Peer-reviewed,R,sebastien-plutniak,Sébastien Plutniak,user,"CNRS, CITERES",https://orcid.org/0000-0002-6674-3806,cran,archeofrag,381,0,0,1,22,0,490,,83,3,6,1,0.19819819819819817,0.0,0,0,"",1,0,1,0,0,0,push:83d release:490d commits:6 active_maint:0 closed:1 merged:0,https://science.ecosyste.ms/projects/1449
1473,Eureka!,https://github.com/kevin218/eureka,active,95.0,8.039157390473239,0,Scientific Software,Peer-reviewed,Python,kevin218,Kevin Stevenson,user,Johns Hopkins APL,,,,0,,,,83,0,,,29,33,233,6,0.41903914590747326,0.46351931330472107,12,5,"taylorbell57,arnav-agrawal,jbrande,kevin218,erinmmay",23,27,6,16,0,0,push:29d commits:226 active_maint:5 closed:22 merged:16,https://science.ecosyste.ms/projects/1353
1474,imager,https://github.com/dahtah/imager,dead,95.0,8.037220031133012,0,Scientific Software,Peer-reviewed,C++,dahtah,Simon Barthelmé,user,"CNRS, Gipsa-lab",https://barthesi.gricad-pages.univ-grenoble-alpes.fr/,conda,r-imager,0,1,0,0,186,1,1538,,1262,13,0,0,0.17718940936863548,0.0,0,0,"",0,0,0,0,0,0,archived push:1262d release:1538d commits:0 active_maint:0 closed:0 merged:0,https://science.ecosyste.ms/projects/2549
1475,ρμ,https://github.com/cicirello/rho-mu,dormant,98.0,5.0369526024136295,0,Scientific Software,Peer-reviewed,Java,cicirello,Vincent A. Cicirello,user,Stockton University,https://www.cicirello.org/,maven,org.cicirello:rho-mu,0,7,4,0,9,0,441,,24,2,68,2,0.37410071942446044,0.1029411764705882,1,0,"",0,44,0,28,0,0,push:24d release:441d commits:7 active_maint:0 closed:28 merged:28,https://science.ecosyste.ms/projects/1419
1476,lys,https://github.com/lys-devel/lys,dormant,95.0,8.014335737299422,0,Scientific Software,Peer-reviewed,Python,lys-devel,,user,,,pypi,lys-python,17,0,0,1,11,0,968,,192,13,8,2,0.4835616438356164,0.25,3,2,"a-tock,lys-devel",2,3,0,1,0,0,push:192d release:968d commits:8 active_maint:2 closed:1 merged:1,https://science.ecosyste.ms/projects/896
1477,UBayFS,https://github.com/annajenul/ubayfs,dead,95.0,8.013012110368916,0,Scientific Software,Peer-reviewed,R,annajenul,,user,Norwegian University of Life Sciences,,cran,UBayFS,150,0,0,1,5,0,1241,,1113,4,0,0,0.3293413173652695,0.0,2,0,"",1,0,0,0,0,0,push:1113d release:1241d commits:0 active_maint:0 closed:0 merged:0,https://science.ecosyste.ms/projects/1264
1478,PyHeatDemand - Processing Tool for Heat Demand Data,https://github.com/alexanderjuestel/pyheatdemand,unknown,98.0,5.0106352940962555,0,Scientific Software,Peer-reviewed,Python,AlexanderJuestel,,user,,,pypi,pyheatdemand,14,0,0,1,7,0,878,,876,2,0,0,0.022222222222222254,0.0,1,0,"",0,0,0,0,0,0,push:876d release:878d commits:0 active_maint:0 closed:0 merged:0,https://science.ecosyste.ms/projects/797
1479,MyQueue,https://gitlab.com/myqueue/myqueue,active,89.0,13.996708150013106,0,Scientific Software,Peer-reviewed,,,,,,,pypi,myqueue,2310,2,0,2,16,0,472,,,10,60,1,0.03331067301155677,0.0,0,0,"",,,,,0,0,release:472d commits:60 active_maint:0 closed:0 merged:0,https://science.ecosyste.ms/projects/2341
1480,ARCHES PiCar-X,https://github.com/cau-se/arches-picar-x,dormant,100.0,2.995732273553991,0,Scientific Software,Peer-reviewed,Python,cau-se,Kiel University - Software Engineering Group,organization,,https://www.se.informatik.uni-kiel.de/en/research/projects,,,0,,,,9,0,,,620,4,0,0,0.04123711340206182,0.0,1,0,"",0,2,0,2,0,0,push:620d commits:0 active_maint:0 closed:2 merged:2,https://science.ecosyste.ms/projects/446
1481,lczexplore,https://github.com/orbisgis/lczexplore,active,100.0,2.995732273553991,0,Scientific Software,Peer-reviewed,R,orbisgis,OrbisGIS,organization,,http://www.orbisgis.org,,,0,,,,5,0,,,451,5,69,2,0.21641791044776115,0.26086956521739135,2,0,"",0,5,0,5,0,0,push:451d commits:69 active_maint:0 closed:5 merged:5,https://science.ecosyste.ms/projects/919
1482,GaitPy,https://github.com/matt002/gaitpy,unknown,93.0,9.991498429858842,0,Scientific Software,Peer-reviewed,HTML,matt002,Matt,user,,,"conda,pypi",gaitpy,68,1,0,1,44,0,2331,,773,6,0,0,0.44999999999999996,0.0,2,0,"",0,0,0,0,0,0,push:773d release:2331d commits:0 active_maint:0 closed:0 merged:0,https://science.ecosyste.ms/projects/2399
1483,cartography,https://github.com/riatelab/cartography,dormant,85.0,17.9782417279326,0,Scientific Software,Peer-reviewed,R,riatelab,riatelab,organization,,https://riate.cnrs.fr,"conda,go,cran","r-cartography,github.com/riatelab/cartography,cartography",1614,18,12,1,401,0,372,,372,12,1,1,0.5702614379084967,0.0,1,0,"",1,0,1,0,0,0,push:372d release:372d commits:1 active_maint:0 closed:1 merged:0,https://science.ecosyste.ms/projects/3111
1484,The o80 C++ templated toolbox,https://github.com/intelligent-soft-robots/o80,dormant,98.0,4.969813299576,0,Scientific Software,Peer-reviewed,C++,intelligent-soft-robots,Intelligent Soft Robots,organization,,http://people.tuebingen.mpg.de/mpi-is-software/pam/,,,0,,,,10,0,,,262,9,1,1,0.33999999999999997,0.0,2,1,jan1854,0,1,0,1,0,0,push:262d commits:1 active_maint:1 closed:1 merged:1,https://science.ecosyste.ms/projects/1742
1485,nimCSO,https://github.com/amkrajewski/nimcso,dormant,98.0,4.969813299576001,0,Scientific Software,Peer-reviewed,Nim,amkrajewski,Adam Krajewski,user,Phases Research Lab,phaseslab.com/adam,,,0,,,,25,0,,,159,7,1,1,0.0488997555012225,0.0,2,0,"",0,1,0,1,0,0,push:159d commits:1 active_maint:0 closed:1 merged:1,https://science.ecosyste.ms/projects/401
1486,SSN2,https://github.com/usepa/ssn2,active,93.0,9.931199991102664,0,Scientific Software,Peer-reviewed,R,USEPA,U.S. Environmental Protection Agency,organization,,https://www.epa.gov,cran,SSN2,445,0,1,1,26,0,346,,259,2,43,1,0.14754098360655743,0.0,2,1,michaeldumelle,3,4,3,4,0,0,push:259d release:346d commits:43 active_maint:1 closed:7 merged:4,https://science.ecosyste.ms/projects/571
1487,The Babelizer,https://github.com/csdms/babelizer,active,98.0,4.927253685157205,0,Scientific Software,Peer-reviewed,Python,csdms,Community Surface Dynamics Modeling System,organization,,http://csdms.colorado.edu,conda,babelizer,0,2,0,0,5,0,1608,,66,3,0,0,0.17153284671532842,0.0,2,0,"",0,0,0,0,0,0,push:66d release:1608d commits:0 active_maint:0 closed:0 merged:0,https://science.ecosyste.ms/projects/1572
1488,Renard,https://github.com/compnet/renard,active,96.0,6.921658184151128,0,Scientific Software,Peer-reviewed,Python,CompNet,Complex Networks,organization,,http://lia.univ-avignon.fr,pypi,renard-pipeline,38,0,0,1,21,0,435,,71,2,34,1,0.006578947368421018,0.0,0,0,"",0,0,0,0,0,0,push:71d release:435d commits:34 active_maint:0 closed:0 merged:0,https://science.ecosyste.ms/projects/632
1489,pide,https://github.com/sinanozaydin/pide,active,95.0,7.914252278742441,0,Scientific Software,Peer-reviewed,Python,sinanozaydin,Sinan Özaydın,user,University of Sydney,https://sinanozaydin.github.io,pypi,pide,37,0,0,1,21,0,406,,7,4,28,2,0.020594965675057253,0.0357142857142857,1,1,sinanozaydin,1,1,0,1,0,0,push:7d release:406d commits:28 active_maint:1 closed:1 merged:1,https://science.ecosyste.ms/projects/326
1490,fuelcell,https://github.com/samaygarg/fuelcell,unknown,95.0,7.90100705199242,0,Scientific Software,Peer-reviewed,Python,samaygarg,Samay Garg,user,,,pypi,fuelcell,43,1,0,1,17,0,2158,,1870,3,0,0,0.03191489361702127,0.0,1,0,"",0,0,0,0,0,0,push:1870d release:2158d commits:0 active_maint:0 closed:0 merged:0,https://science.ecosyste.ms/projects/1955
1491,PyEI,https://github.com/mggg/ecological-inference,dormant,93.0,9.900633483553221,0,Scientific Software,Peer-reviewed,Jupyter Notebook,mggg,Metric Geometry and Gerrymandering Group,organization,,https://mggg.org,pypi,pyei,47,1,0,1,35,0,407,,73,12,1,1,0.28,0.0,6,0,"",1,15,0,13,0,0,push:73d release:407d commits:1 active_maint:0 closed:13 merged:13,https://science.ecosyste.ms/projects/1792
1492,OGRe,https://github.com/bshoshany/ogre,dormant,98.0,4.897839799950911,0,Scientific Software,Peer-reviewed,Wolfram Language,bshoshany,Barak Shoshany,user,Brock University,http://baraksh.com/,,,0,,,,143,0,,,89,1,1,1,0.0,0.0,0,0,"",2,0,2,0,0,0,push:89d commits:1 active_maint:0 closed:2 merged:0,https://science.ecosyste.ms/projects/1778
1493,ukpopulation,https://github.com/nismod/ukpopulation,unknown,95.0,7.89655270164304,0,Scientific Software,Peer-reviewed,Python,nismod,National Infrastructure Systems Model,organization,,www.itrc.org.uk,"conda,pypi",ukpopulation,26,1,0,1,13,0,2094,,1330,6,0,0,0.383177570093458,0.0,2,0,"",0,0,0,0,0,0,push:1330d release:2094d commits:0 active_maint:0 closed:0 merged:0,https://science.ecosyste.ms/projects/2805
1494,r2ogs6,https://github.com/joboog/r2ogs6,unknown,100.0,2.8903717578961645,0,Scientific Software,Peer-reviewed,R,joboog,,user,,https://joboog.github.io,,,0,,,,2,0,,,588,6,0,0,0.47657512116316636,0.0,0,0,"",0,0,0,0,0,0,push:588d commits:0 active_maint:0 closed:0 merged:0,https://science.ecosyste.ms/projects/346
1495,Akantu,https://gitlab.com/akantu/akantu,active,89.0,13.88185245204694,0,Scientific Software,Peer-reviewed,,,,,,,pypi,akantu,749,2,0,1,13,0,871,,,53,113,5,0.4409261824658619,0.24778761061946908,0,0,"",,,,,0,0,release:871d commits:113 active_maint:0 closed:0 merged:0,https://science.ecosyste.ms/projects/823
1496,GeneNetwork,https://github.com/genenetwork/genenetwork2,active,95.0,7.872836175025723,0,Scientific Software,Peer-reviewed,Python,genenetwork,GeneNetwork,organization,,http://www.genenetwork.org/,,,0,,,,39,0,,,15,36,196,5,0.6478660835469763,0.37755102040816324,2,1,BonfaceKilz,1,6,0,4,0,0,push:15d commits:196 active_maint:1 closed:4 merged:4,https://science.ecosyste.ms/projects/3123
1497,oxDNA,https://github.com/lorenzo-rovigatti/oxdna,active,95.0,7.871692664323645,0,Scientific Software,Peer-reviewed,C++,lorenzo-rovigatti,Lorenzo Rovigatti,user,Sapienza University of Rome,http://www.roma1.infn.it/~rovigatl/,,,0,,,,73,0,,,17,42,142,9,0.4637599093997735,0.4436619718309859,3,2,"lorenzo-rovigatti,ErikPoppleton",5,13,2,10,0,0,push:17d commits:142 active_maint:2 closed:12 merged:10,https://science.ecosyste.ms/projects/1271
1498,stable-baselines3,https://github.com/dlr-rm/stable-baselines3,active,75.0,27.864745365681436,0,,,Python,DLR-RM,DLR-RM,organization,,https://rm.dlr.de,"go,conda,pypi","github.com/DLR-RM/stable-baselines3,github.com/dlr-rm/stable-baselines3,stable-baselines3,rigged-sb3",678109,641,88,5,13602,0,370,,12,173,39,13,0.4006659267480577,0.5897435897435898,3,1,araffin,22,42,9,18,0,0,push:12d release:370d commits:39 active_maint:1 closed:38 merged:18,https://science.ecosyste.ms/projects/55098
1499,QMCTorch,https://github.com/nlesc-jcer/qmctorch,dormant,93.0,9.845858439699493,0,Scientific Software,Peer-reviewed,Python,NLESC-JCER,NLESC-JCER,organization,,,pypi,qmctorch,116,1,0,1,28,0,443,,443,4,0,0,0.038828337874659447,0.0,4,0,"",2,39,1,29,0,0,push:443d release:443d commits:0 active_maint:0 closed:35 merged:29,https://science.ecosyste.ms/projects/911
1500,EDP,https://github.com/ifilot/edp,dormant,98.0,4.836281906951478,0,Scientific Software,Peer-reviewed,C++,ifilot,Ivo Filot,user,Eindhoven University of Technology,http://www.ivofilot.nl,,,0,,,,39,0,,,539,3,0,0,0.303030303030303,0.0,1,0,"",2,1,0,1,0,0,push:539d commits:0 active_maint:0 closed:1 merged:1,https://science.ecosyste.ms/projects/1072
1501,hypr,https://github.com/mmrabe/hypr,unknown,100.0,2.833213344056216,0,Scientific Software,Peer-reviewed,R,mmrabe,Maximilian M. Rabe,user,University of Copenhagen,https://maxrabe.com,,,0,,,,17,0,,,994,1,0,0,0.0,0.0,1,0,"",0,0,0,0,0,0,push:994d commits:0 active_maint:0 closed:0 merged:0,https://science.ecosyste.ms/projects/2248
1502,CoSApp,https://gitlab.com/cosapp/cosapp,active,89.0,13.813203899672352,0,Scientific Software,Peer-reviewed,,,,,,,"conda,pypi",cosapp,1044,1,2,1,18,0,412,,,15,77,4,0.09464285714285714,0.16883116883116878,0,0,"",,,,,0,0,release:412d commits:77 active_maint:0 closed:0 merged:0,https://science.ecosyste.ms/projects/806
1503,Black-it,https://github.com/bancaditalia/black-it,active,93.0,9.813015649372051,0,Scientific Software,Peer-reviewed,Python,bancaditalia,Banca d'Italia,organization,,,pypi,black-it,56,1,0,1,60,0,481,,49,5,14,2,0.6272189349112426,0.3571428571428571,0,0,"",1,0,0,0,0,0,push:49d release:481d commits:14 active_maint:0 closed:0 merged:0,https://science.ecosyste.ms/projects/1354
1504,mmappickle,https://github.com/unine-chyn/mmappickle,unknown,93.0,9.809396629136533,0,Scientific Software,Peer-reviewed,Python,UniNE-CHYN,University of Neuchâtel (CHYN),organization,,https://www.unine.ch/chyn/,pypi,mmappickle,23,1,0,1,38,0,3069,,2964,3,0,0,0.03125,0.0,0,0,"",0,0,0,0,0,0,push:2964d release:3069d commits:0 active_maint:0 closed:0 merged:0,https://science.ecosyste.ms/projects/2833
1505,LinRegOutliers,https://github.com/jbytecode/linregoutliers,active,95.0,7.803843303538772,0,Scientific Software,Peer-reviewed,Julia,jbytecode,Mehmet Hakan Satman,user,Istanbul University,,julia,LinRegOutliers,0,0,0,0,52,0,424,,43,5,16,1,0.0573613766730402,0.0,1,0,"",0,0,0,0,0,0,push:43d release:424d commits:16 active_maint:0 closed:0 merged:0,https://science.ecosyste.ms/projects/2011
1506,Ecos,https://github.com/ecos-platform/ecos,active,95.0,7.798112628829787,0,Scientific Software,Peer-reviewed,C++,Ecos-platform,Ecos-platform,organization,,,pypi,ecospy,57,0,0,1,21,0,420,,113,2,27,1,0.026768642447418722,0.0,0,0,"",12,35,7,32,0,0,push:113d release:420d commits:27 active_maint:0 closed:39 merged:32,https://science.ecosyste.ms/projects/129
1507,CleanX,https://github.com/drcandacemakedamoore/cleanx,unknown,93.0,9.794788135612787,0,Scientific Software,Peer-reviewed,Jupyter Notebook,drcandacemakedamoore,"Candace Makeda Moore, MD",user,,cmhm.info,pypi,cleanx,113,1,0,1,25,0,1656,,1358,6,0,0,0.2753246753246753,0.0,3,0,"",0,0,0,0,0,0,push:1358d release:1656d commits:0 active_maint:0 closed:0 merged:0,https://science.ecosyste.ms/projects/1448
1508,geocmeans,https://github.com/jeremygelb/geocmeans,dormant,93.0,9.790542793519993,0,Scientific Software,Peer-reviewed,R,,,,,,"go,cran","github.com/JeremyGelb/geocmeans,geocmeans,github.com/jeremygelb/geocmeans",318,0,0,1,29,0,1052,,102,2,1,1,0.16666666666666663,0.0,1,0,"",1,0,0,0,0,0,push:102d release:1052d commits:1 active_maint:0 closed:0 merged:0,https://science.ecosyste.ms/projects/987
1509,Graph Transliterator,https://github.com/seanpue/graphtransliterator,active,95.0,7.788211557847076,0,Scientific Software,Peer-reviewed,Python,seanpue,A. Sean Pue,user,Michigan State University,https://seanpue.com,pypi,graphtransliterator,65,1,0,1,10,0,1018,,6,3,0,0,0.1333333333333333,0.0,1,0,"",0,0,0,0,0,0,push:6d release:1018d commits:0 active_maint:0 closed:0 merged:0,https://science.ecosyste.ms/projects/2379
1510,EchemFEM,https://github.com/llnl/echemfem,dormant,98.0,4.787491742782046,0,Scientific Software,Peer-reviewed,Python,LLNL,Lawrence Livermore National Laboratory,organization,,https://software.llnl.gov,,,0,,,,30,0,,,197,5,11,2,0.09859154929577463,0.09090909090909094,2,0,"",0,0,0,0,0,0,push:197d commits:11 active_maint:0 closed:0 merged:0,https://science.ecosyste.ms/projects/672
1511,kramersmoyal,https://github.com/lrydin/kramersmoyal,dead,93.0,9.784704016546161,0,Scientific Software,Peer-reviewed,Python,LRydin,Rydin,user,OsloMet,,pypi,kramersmoyal,46,1,0,1,77,0,1070,,147,5,0,0,0.20588235294117652,0.0,2,0,"",1,1,0,0,0,0,push:147d release:1070d commits:0 active_maint:0 closed:0 merged:0,https://science.ecosyste.ms/projects/2352
1512,pyhector,https://github.com/openclimatedata/pyhector,dead,93.0,9.781997654948418,0,Scientific Software,Peer-reviewed,Python,openclimatedata,Open Climate Data,organization,,https://openclimatedata.net,"pypi,go","pyhector,github.com/openclimatedata/pyhector",48,1,0,3,45,0,2870,,876,2,0,0,0.2992125984251969,0.0,2,0,"",0,1,0,0,0,0,push:876d release:2870d commits:0 active_maint:0 closed:0 merged:0,https://science.ecosyste.ms/projects/3040
1513,MembraneAnalysis.jl,https://github.com/amiralih/membraneanalysis.jl,active,100.0,2.772588722239781,0,Scientific Software,Peer-reviewed,Julia,amiralih,Amirali,user,,,julia,MembraneAnalysis,0,0,0,0,3,0,1150,,24,4,0,0,0.3257575757575758,0.0,0,0,"",0,0,0,0,0,0,push:24d release:1150d commits:0 active_maint:0 closed:0 merged:0,https://science.ecosyste.ms/projects/1071
1514,mrivis,https://github.com/raamana/mrivis,active,93.0,9.759905824058105,0,Scientific Software,Peer-reviewed,Python,raamana,Pradeep Reddy Raamana,user,University of Pittsburgh,crossinvalidation.com,pypi,mrivis,170,2,2,1,23,0,1220,,216,3,16,1,0.16287878787878785,0.0,1,0,"",0,0,0,0,0,0,push:216d release:1220d commits:16 active_maint:0 closed:0 merged:0,https://science.ecosyste.ms/projects/2750
1515,`hessQuik`,https://github.com/elizabethnewman/hessquik,unknown,95.0,7.731930721948486,0,Scientific Software,Peer-reviewed,Python,elizabethnewman,,user,Emory University,,pypi,hessquik,36,1,0,1,20,0,898,,897,3,0,0,0.01558441558441559,0.0,2,0,"",0,0,0,0,0,0,push:897d release:898d commits:0 active_maint:0 closed:0 merged:0,https://science.ecosyste.ms/projects/1534
1516,root_numpy,https://github.com/scikit-hep/root_numpy,dead,95.0,7.731053144007127,0,Scientific Software,Peer-reviewed,Python,scikit-hep,Scikit-HEP Project,organization,,https://scikit-hep.org,conda,root_numpy,0,0,1,0,134,1,2759,,1301,17,0,0,0.26815642458100564,0.0,6,0,"",0,0,0,0,0,0,archived push:1301d release:2759d commits:0 active_maint:0 closed:0 merged:0,https://science.ecosyste.ms/projects/3006
1517,Ngesh,https://github.com/tresoldi/ngesh,unknown,95.0,7.724004656676065,0,Scientific Software,Peer-reviewed,Python,tresoldi,Tiago Tresoldi,user,Uppsala universitet,http://www.tresoldi.org,pypi,ngesh,56,1,0,1,13,0,1487,,1487,3,0,0,0.042328042328042326,0.0,1,0,"",0,0,0,0,0,0,push:1487d release:1487d commits:0 active_maint:0 closed:0 merged:0,https://science.ecosyste.ms/projects/1737
1518,The nnlib2 library and nnlib2Rcpp R package for implementing neural networks,https://github.com/vnnikolaidis/nnlib2rcpp,unknown,93.0,9.722684841711443,0,Scientific Software,Peer-reviewed,C++,,,,,,cran,nnlib2Rcpp,427,0,0,1,13,0,658,,512,3,0,0,0.009852216748768461,0.0,1,0,"",0,0,0,0,0,0,push:512d release:658d commits:0 active_maint:0 closed:0 merged:0,https://science.ecosyste.ms/projects/1882
1519,OpenSCM Two Layer Model,https://github.com/openscm/openscm-twolayermodel,unknown,95.0,7.718685495198466,0,Scientific Software,Peer-reviewed,Python,openscm,OpenSCM,organization,,,"conda,pypi",openscm-twolayermodel,22,1,0,2,11,0,1871,,884,6,0,0,0.08287292817679559,0.0,2,0,"",0,0,0,0,0,0,push:884d release:1871d commits:0 active_maint:0 closed:0 merged:0,https://science.ecosyste.ms/projects/1858
1520,Olaf,https://github.com/jorensix/olaf,active,95.0,7.716015266642588,0,Scientific Software,Peer-reviewed,C,JorenSix,Joren Six,user,"IPEM, University Ghent",http://0110.be,,,0,,,,404,0,,,40,8,99,3,0.059374999999999956,0.07070707070707072,1,1,JorenSix,4,7,4,4,0,0,push:40d commits:99 active_maint:1 closed:10 merged:4,https://science.ecosyste.ms/projects/1076
1521,SPICY,https://github.com/mendezvki/spicy_vki,dormant,95.0,7.716015266642588,0,Scientific Software,Peer-reviewed,Jupyter Notebook,mendezVKI,,user,von Karman Institute for Fluid Dynamics,,pypi,spicy-vki,32,0,0,2,13,0,604,,246,6,3,2,0.5668789808917197,0.33333333333333337,0,0,"",0,0,0,0,0,0,push:246d release:604d commits:3 active_maint:0 closed:0 merged:0,https://science.ecosyste.ms/projects/863
1522,multimatch-gaze,https://github.com/adswa/multimatch_gaze,dead,93.0,9.71474542793925,0,Scientific Software,Peer-reviewed,Python,adswa,Adina Wagner,user, @psychoinformatics-de,www.adina-wagner.com,pypi,multimatch-gaze,67,1,0,1,41,0,2042,,2042,6,0,0,0.09792284866468848,0.0,3,0,"",1,0,0,0,0,0,push:2042d release:2042d commits:0 active_maint:0 closed:0 merged:0,https://science.ecosyste.ms/projects/2480
1523,SALSA,https://github.com/biboyd/salsa,active,95.0,7.7142311448490855,0,Scientific Software,Peer-reviewed,Python,biboyd,Brendan Boyd,user,,,pypi,astro-salsa,34,0,0,1,5,0,2027,,100,9,53,1,0.3947826086956522,0.0,1,0,"",0,0,0,0,0,0,push:100d release:2027d commits:53 active_maint:0 closed:0 merged:0,https://science.ecosyste.ms/projects/2149
1524,AirTrafficSim,https://github.com/hkust-octad-lab/airtrafficsim,active,93.0,9.71232704707497,0,Scientific Software,Peer-reviewed,Python,HKUST-OCTAD-LAB,HKUST-OCTAD-LAB,organization,,https://octadlab.ust.hk/,pypi,airtrafficsim,58,0,0,1,68,0,540,,142,4,0,0,0.04597701149425293,0.0,2,0,"",0,0,0,0,0,0,push:142d release:540d commits:0 active_maint:0 closed:0 merged:0,https://science.ecosyste.ms/projects/1095
1525,VineCopulas,https://github.com/vu-ivm/vinecopulas,dormant,98.0,4.709530201312334,0,Scientific Software,Peer-reviewed,Python,VU-IVM,VU-IVM,organization,,https://www.ivm.vu.nl/en/index.aspx,,,0,,,,39,0,,,119,3,7,1,0.07906976744186045,0.0,3,1,judithclaassen,1,5,0,4,0,0,push:119d commits:7 active_maint:1 closed:5 merged:4,https://science.ecosyste.ms/projects/501
1526,transformers,https://github.com/huggingface/transformers,active,64.0,38.70906296391504,0,,,Python,huggingface,Hugging Face,organization,,https://huggingface.co/,"pypi,conda,spack","transformers,divyanx-transformers,transformers-machinify,transformers-phobert,transformers-v4.55.0-glm-4.5v-preview,my-transformers,transformers-mcw,transformers-qwenomni,xmersawitransformers,mcwtransformers,py-transformers,in-transformers,mcwtimesformer,t-draft-123",95266422,31800,2589,4,163107,0,335,,1,3839,3701,731,0.9367193280236759,0.9232639827073764,86,37,"ydshieh,zucchini-nlp,Cyrilvallez,gante,qgallouedec,ArthurZucker,SunMarc,remi-or,3outeille,yonigozlan,stevhliu,tarekziade,IlyasMoutawwakil,Rocketknight1,hmellor,ivarflakstad,LysandreJik,eustlb,McPatate,molbap,michaelbenayoun,vasqu,BenjaminBossan,itazap,qubvel,Abdennacer-Badaoui,AmineDiro,albertvillanova,guarin,Isotr0py,tomaarsen,pcuenca,matthewdouglas,lewtun,Vaibhavs10,NielsRogge,winglian",486,1740,204,566,22,0,push:1d release:335d commits:3693 active_maint:37 closed:1021 merged:566 adv:22/0,https://science.ecosyste.ms/projects/59823
1527,anadrofish,https://github.com/danstich/anadrofish,dormant,100.0,2.70805020110221,0,Scientific Software,Peer-reviewed,R,danStich,,user,SUNY Oneonta,https://danstich.github.io/stich/,,,0,,,,5,0,,,139,3,10,2,0.012048192771084376,0.19999999999999996,1,0,"",13,1,11,0,0,0,push:139d commits:8 active_maint:0 closed:11 merged:0,https://science.ecosyste.ms/projects/37
1528,Evoke,https://github.com/signalling-games-org/evoke,dormant,100.0,2.70805020110221,0,Scientific Software,Peer-reviewed,Python,signalling-games-org,Signalling Games,organization,,,,,0,,,,6,0,,,99,3,6,1,0.4331065759637188,0.0,1,1,stephenfmann,1,0,1,0,0,0,push:99d commits:6 active_maint:1 closed:1 merged:0,https://science.ecosyste.ms/projects/385
1529,SurvivalVolume,https://github.com/genomematt/survivalvolume,active,100.0,2.70805020110221,0,Scientific Software,Peer-reviewed,Jupyter Notebook,genomematt,Matthew Wakefield,user,,,,,0,,,,2,0,,,122,5,0,0,0.5555555555555556,0.0,1,0,"",0,0,0,0,0,0,push:122d commits:0 active_maint:0 closed:0 merged:0,https://science.ecosyste.ms/projects/3080
1530,DREiMac,https://github.com/scikit-tda/dreimac,dormant,93.0,9.68439827154996,0,Scientific Software,Peer-reviewed,Python,scikit-tda,Scikit-TDA,organization,,scikit-tda.org,pypi,dreimac,47,0,0,4,41,0,688,,169,8,4,2,0.476,0.25,1,0,"",1,11,1,9,0,0,push:169d release:688d commits:4 active_maint:0 closed:10 merged:9,https://science.ecosyste.ms/projects/916
1531,HoverFast,https://github.com/choosehappy/hoverfast,dormant,98.0,4.68213122712422,0,Scientific Software,Peer-reviewed,Jupyter Notebook,choosehappy,,user,,,,,0,,,,39,0,,,174,3,0,0,0.2093023255813954,0.0,1,0,"",2,2,0,2,0,0,push:174d commits:0 active_maint:0 closed:2 merged:2,https://science.ecosyste.ms/projects/481
1532,RandomForestsGLS,https://github.com/arkajyotisaha/randomforestsgls,dead,93.0,9.680344001221918,0,Scientific Software,Peer-reviewed,C++,ArkajyotiSaha,Arkajyoti Saha,user,,,cran,RandomForestsGLS,319,0,0,1,23,0,666,,1617,2,0,0,0.010309278350515427,0.0,0,0,"",2,0,0,0,0,0,push:1617d release:666d commits:0 active_maint:0 closed:0 merged:0,https://science.ecosyste.ms/projects/1579
1533,IDESolver,https://github.com/joshkarpel/idesolver,dead,93.0,9.677840871003799,0,Scientific Software,Peer-reviewed,Python,JoshKarpel,Josh Karpel,user,@Workday,https://www.jtk.dev,pypi,idesolver,82,1,0,1,32,1,2079,,220,5,0,0,0.5517241379310345,0.0,1,0,"",0,0,0,0,0,0,archived push:220d release:2079d commits:0 active_maint:0 closed:0 merged:0,https://science.ecosyste.ms/projects/2921
1534,Osier,https://github.com/arfc/osier,dormant,95.0,7.66105638236183,0,Scientific Software,Peer-reviewed,Python,arfc,Advanced Reactors and Fuel Cycles,organization,,https://arfc.github.io,pypi,osier,58,0,0,1,8,0,379,,127,4,2,1,0.010443864229765065,0.0,1,1,samgdotson,0,5,0,5,0,0,push:127d release:379d commits:2 active_maint:1 closed:5 merged:5,https://science.ecosyste.ms/projects/361
1535,MMM,https://github.com/wtraylor/modular_megafauna_model,unknown,98.0,4.653960350157523,0,Scientific Software,Peer-reviewed,C++,wtraylor,Wolfgang Traylor,user,Senckenberg Nature Research Society,,,,0,,,,3,0,,,937,5,0,0,0.4,0.0,1,0,"",0,0,0,0,0,0,push:937d commits:0 active_maint:0 closed:0 merged:0,https://science.ecosyste.ms/projects/1660
1536,QuaC,https://github.com/uab-cgds-worthey/quac,active,98.0,4.653960350157523,0,Scientific Software,Peer-reviewed,Python,uab-cgds-worthey,Center for Computational Genomics and Data Science (CGDS),organization,,https://sites.uab.edu/cgds/,,,0,,,,7,0,,,45,5,59,2,0.25705794947994054,0.0847457627118644,2,2,"ManavalanG,wilkb777",2,6,1,5,0,0,push:45d commits:59 active_maint:2 closed:6 merged:5,https://science.ecosyste.ms/projects/945
1537,xinvert,https://github.com/miniufo/xinvert,dormant,93.0,9.651172623921639,0,Scientific Software,Peer-reviewed,Python,miniufo,Yu-Kun Qian,user,South China Sea Institute of Oceanography,https://github.com/miniufo/,pypi,xinvert,36,0,0,1,59,0,844,,0,7,2,1,0.46703296703296704,0.0,1,1,miniufo,2,2,1,2,0,0,push:0d release:844d commits:2 active_maint:1 closed:3 merged:2,https://science.ecosyste.ms/projects/1016
1538,Katsu,https://github.com/jashcraf/katsu,dormant,95.0,7.649692623711514,0,Scientific Software,Peer-reviewed,Python,Jashcraf,Jaren Ashcraft,user,,https://www.linkedin.com/in/jashcraf/,pypi,katsu,19,0,0,1,9,0,638,,30,7,3,1,0.4748603351955307,0.0,4,0,"",10,7,8,7,0,0,push:30d release:638d commits:3 active_maint:0 closed:15 merged:7,https://science.ecosyste.ms/projects/236
1539,kokkos-fft,https://github.com/kokkos/kokkos-fft,active,95.0,7.639642287858013,0,Scientific Software,Peer-reviewed,C++,kokkos,Kokkos,organization,,https://kokkos.org,spack,kokkos-fft,0,0,0,3,62,0,386,,6,14,181,8,0.6304062909567496,0.33149171270718236,8,2,"yasahi-hpc,tpadioleau",2,41,1,22,0,0,push:6d release:386d commits:131 active_maint:2 closed:23 merged:22,https://science.ecosyste.ms/projects/45
1540,Xponge,https://github.com/xia-yijie/xponge,unknown,95.0,7.632401126601453,0,Scientific Software,Peer-reviewed,Python,Xia-Yijie,Xia-Yijie,user,,,pypi,xponge,170,1,0,1,6,0,918,,1342,3,0,0,0.3584070796460177,0.0,1,0,"",0,0,0,0,0,0,push:1342d release:918d commits:0 active_maint:0 closed:0 merged:0,https://science.ecosyste.ms/projects/1399
1541,CLAIRE,https://github.com/andreasmang/claire,dead,95.0,7.615791072035833,0,Scientific Software,Peer-reviewed,C++,andreasmang,Andreas Mang,user,"Department of Mathematics, University of Houston",https://www.math.uh.edu/~andreas/,,,0,,,,53,0,,,516,35,0,0,0.2553011026293469,0.0,3,0,"",1,0,0,0,0,0,push:516d commits:0 active_maint:0 closed:0 merged:0,https://science.ecosyste.ms/projects/1876
1542,Spelunker,https://github.com/galagabits/jwst-fgs-spelunker,dormant,95.0,7.6128310304073565,0,Scientific Software,Peer-reviewed,Python,GalagaBits,Derod Deal,user,University of Florida,www.dlderod.weebly.com,pypi,spelunker,44,0,0,2,8,0,797,,150,5,5,1,0.17153284671532842,0.0,2,1,nespinoza,3,0,0,0,0,0,push:150d release:797d commits:5 active_maint:1 closed:0 merged:0,https://science.ecosyste.ms/projects/709
1543,umami,https://github.com/terrainbento/umami,unknown,95.0,7.60887062919126,0,Scientific Software,Peer-reviewed,Python,,,,,,"conda,pypi",umami,250,1,0,1,1,0,2270,,2271,4,0,0,0.03960396039603964,0.0,2,0,"",0,0,0,0,0,0,push:2271d release:2270d commits:0 active_maint:0 closed:0 merged:0,https://science.ecosyste.ms/projects/2406
1544,SONIC,https://github.com/opnavlab/sonic,dormant,98.0,4.605170185988091,0,Scientific Software,Peer-reviewed,MATLAB,opnavlab,opnavlab,organization,,https://seal.ae.gatech.edu,,,0,,,,32,0,,,162,5,3,2,0.16296296296296298,0.33333333333333337,3,0,"",0,4,0,1,0,0,push:162d commits:3 active_maint:0 closed:1 merged:1,https://science.ecosyste.ms/projects/512
1545,Stokesian Dynamics in Python,https://github.com/pecnut/stokesian-dynamics,unknown,98.0,4.59511985013459,0,Scientific Software,Peer-reviewed,Python,Pecnut,Adam Townsend,user,,https://adamtownsend.com,,,0,,,,38,0,,,490,3,0,0,0.019512195121951237,0.0,1,0,"",0,0,0,0,0,0,push:490d commits:0 active_maint:0 closed:0 merged:0,https://science.ecosyste.ms/projects/821
1546,Utopia,https://gitlab.com/utopia-project/utopia,unknown,94.0,8.589699882202986,0,Scientific Software,Peer-reviewed,,utopia-project,utopia,organization,,,,,0,,,,10,0,,,,56,0,0,0.7666666666666666,0.0,0,0,"",,,,,0,0,commits:0 active_maint:0 closed:0 merged:0,https://science.ecosyste.ms/projects/2140
1547,studentlife,https://github.com/frycast/studentlife,unknown,93.0,9.581214035314728,0,Scientific Software,Peer-reviewed,R,frycast,Daniel Vidali Fryer,user,The University of Queensland and La Trobe University ,www.danielvfryer.com,cran,studentlife,229,0,0,1,24,0,2097,,1925,3,0,0,0.03448275862068961,0.0,1,0,"",0,0,0,0,0,0,push:1925d release:2097d commits:0 active_maint:0 closed:0 merged:0,https://science.ecosyste.ms/projects/2475
1548,lazyllm-llamafactory,https://github.com/hiyouga/llama-factory,active,77.0,25.550764293133362,0,,,Python,hiyouga,hoshi-hiyouga,user,死んだ魚の目日照不足シャトルラン部,https://scholar.google.com/citations?user=QQtacXUAAAAJ&hl=en,"pypi,go","llamafactory-songlab,github.com/hiyouga/LLaMA-Factory,llamafactory,lazyllm-llamafactory,llmtuner,github.com/hiyouga/llama-factory",10124,1,0,1,56995,0,409,,335,291,337,93,0.30503491363469315,0.7537091988130564,6,3,"hiyouga,Kuangdd01,codemayq",1696,754,971,548,4,1,push:335d release:409d commits:337 active_maint:3 closed:1600 merged:548 adv:4/1,https://science.ecosyste.ms/projects/56663
1549,<code>biopixR</code>,https://github.com/brauckhoff/biopixr,dormant,93.0,9.539644119118783,0,Scientific Software,Peer-reviewed,HTML,Brauckhoff,,user,,,cran,biopixR,555,0,0,1,6,0,626,,39,5,3,1,0.5882352941176471,0.0,1,0,"",0,0,0,0,0,0,push:39d release:626d commits:3 active_maint:0 closed:0 merged:0,https://science.ecosyste.ms/projects/442
1550,astrosource,https://github.com/zemogle/astrosource,dormant,93.0,9.530683226667511,0,Scientific Software,Peer-reviewed,Python,zemogle,Edward Gomez,user,Las Cumbres Observatory,https://www.zemogle.net,pypi,astrosource,244,1,0,1,6,0,409,,387,4,0,0,0.4311688311688312,0.0,3,0,"",0,5,0,5,0,0,push:387d release:409d commits:0 active_maint:0 closed:5 merged:5,https://science.ecosyste.ms/projects/1969
1551,Persistable,https://github.com/luisscoccola/persistable,dormant,93.0,9.518413134075699,0,Scientific Software,Peer-reviewed,Python,LuisScoccola,,user,,,pypi,persistable-clustering,106,0,0,2,42,0,737,,375,3,0,0,0.04824561403508776,0.0,1,0,"",1,1,0,1,0,0,push:375d release:737d commits:0 active_maint:0 closed:1 merged:1,https://science.ecosyste.ms/projects/1216
1552,cytoscape-fcose,https://github.com/ivis-at-bilkent/cytoscape.js-fcose,dead,75.0,27.518003198177265,0,,,JavaScript,iVis-at-Bilkent,i-Vis at Bilkent,organization,,http://www.cs.bilkent.edu.tr/~ivis/,"npm,maven,bower","cytoscape-fcose,org.webjars.npm:cytoscape-fcose",4838204,10156,34,1,179,0,1260,,104,3,0,0,0.12935323383084574,0.0,1,0,"",1,0,0,0,0,0,push:104d release:1260d commits:0 active_maint:0 closed:0 merged:0,https://science.ecosyste.ms/projects/7044
1553,Logodetect,https://github.com/heldenkombinat/logodetect,dead,93.0,9.517825071724143,0,Scientific Software,Peer-reviewed,Jupyter Notebook,Heldenkombinat,Heldenkombinat Technologies GmbH,organization,,https://www.heldenkombinat.com/,pypi,logodetect,47,1,0,2,71,0,1556,,923,4,0,0,0.4550561797752809,0.0,1,0,"",2,0,0,0,0,0,push:923d release:1556d commits:0 active_maint:0 closed:0 merged:0,https://science.ecosyste.ms/projects/1531
1554,labjack-controller,https://github.com/university-of-southern-maine-physics/labjack-controller,unknown,98.0,4.51085950651685,0,Scientific Software,Peer-reviewed,Python,university-of-southern-maine-physics,"Department of Physics, University of Southern Maine",organization,,https://usm.maine.edu/phy,,,0,,,,12,0,,,2599,7,0,0,0.5941176470588235,0.0,1,0,"",0,0,0,0,0,0,push:2599d commits:0 active_maint:0 closed:0 merged:0,https://science.ecosyste.ms/projects/2538
1555,Reasons,https://github.com/davekinkead/reasons,unknown,98.0,4.499809670330265,0,Scientific Software,Peer-reviewed,JavaScript,davekinkead,Dave Kinkead,user,,http://davekinkead.com,,,0,,,,19,0,,,1109,3,0,0,0.12167300380228141,0.0,1,0,"",0,0,0,0,0,0,push:1109d commits:0 active_maint:0 closed:0 merged:0,https://science.ecosyste.ms/projects/2575
1556,ALUES,https://github.com/alstat/alues,unknown,93.0,9.492130118723125,0,Scientific Software,Peer-reviewed,R,alstat,Al Asaad,user,Johnson & Johnson,https://www.al-asaad.com/,cran,ALUES,240,0,0,1,16,0,1660,,1510,5,0,0,0.4744897959183674,0.0,1,0,"",0,0,0,0,0,0,push:1510d release:1660d commits:0 active_maint:0 closed:0 merged:0,https://science.ecosyste.ms/projects/1516
1557,ratesb_python: A Python Package for Analyzing Rate Laws in Biological Models,https://github.com/sys-bio/ratesb_python,dormant,95.0,7.485491608030754,0,,,Python,sys-bio,UW Sauro Lab,organization,,www.sys-bio.org,pypi,ratesb-python,32,0,0,1,1,0,424,,294,5,11,2,0.1428571428571429,0.4545454545454546,1,0,"",11,1,7,0,0,0,push:294d release:424d commits:11 active_maint:0 closed:8 merged:0,https://science.ecosyste.ms/projects/423434
1558,GECo,https://github.com/anderslogg/geco,unknown,100.0,2.4849066497880004,0,Scientific Software,Peer-reviewed,Python,anderslogg,Anders Logg,user,Chalmers University of Technology,https://anders.logg.org/,,,0,,,,4,0,,,961,3,0,0,0.36679536679536684,0.0,1,0,"",0,0,0,0,0,0,push:961d commits:0 active_maint:0 closed:0 merged:0,https://science.ecosyste.ms/projects/900
1559,WorldDynamics.jl,https://github.com/worlddynamics/worlddynamics.jl,dead,95.0,7.465082736399547,0,Scientific Software,Peer-reviewed,Julia,worlddynamics,World Dynamics,organization,,,"julia,go","WorldDynamics,github.com/worlddynamics/worlddynamics.jl,github.com/worlddynamics/WorldDynamics.jl",0,0,0,0,75,0,833,,796,6,0,0,0.5149384885764499,0.0,4,0,"",1,0,0,0,0,0,push:796d release:833d commits:0 active_maint:0 closed:0 merged:0,https://science.ecosyste.ms/projects/801
1560,RELSAD,https://github.com/stinefm/relsad,unknown,95.0,7.461640392208575,0,Scientific Software,Peer-reviewed,Python,,,,,,pypi,relsad,28,0,0,1,18,0,1384,,1384,4,0,0,0.6,0.0,0,0,"",0,0,0,0,0,0,push:1384d release:1384d commits:0 active_maint:0 closed:0 merged:0,https://science.ecosyste.ms/projects/1370
1561,PAS,https://github.com/bobaubouin/python_anesthesia_simulator,dormant,95.0,7.454719949364001,0,Scientific Software,Peer-reviewed,Python,BobAubouin,Bob Aubouin--Pairault,user,Gipsa-lab,,pypi,python-anesthesia-simulator,35,0,0,1,13,0,512,,269,3,1,1,0.4943820224719101,0.0,1,0,"",1,0,1,0,0,0,push:269d release:512d commits:1 active_maint:0 closed:1 merged:0,https://science.ecosyste.ms/projects/1036
1562,lmfit,https://github.com/lmfit/lmfit-py,active,77.0,25.45050689119026,0,,,Python,lmfit,lmfit,organization,,,"conda,pypi",lmfit,945719,661,256,1,1225,0,376,,8,101,47,6,0.48838141025641024,0.3829787234042553,1,1,newville,3,5,1,2,0,0,push:8d release:376d commits:47 active_maint:1 closed:3 merged:2,https://science.ecosyste.ms/projects/42671
1563,PETRARCH2,https://github.com/openeventdata/petrarch2,unknown,95.0,7.43307534889858,0,Scientific Software,Peer-reviewed,Python,openeventdata,Open Event Data Alliance,organization,,http://openeventdata.org/,,,0,,,,77,0,,,2691,19,0,0,0.4642857142857143,0.0,2,0,"",0,0,0,0,0,0,push:2691d commits:0 active_maint:0 closed:0 merged:0,https://science.ecosyste.ms/projects/3077
1564,vispy,https://github.com/vispy/vispy,active,77.0,25.42849638897343,0,,,Python,vispy,vispy,organization,,http://vispy.org,"go,conda,npm,pypi","github.com/vispy/vispy,vispy",141025,287,73,3,3579,0,437,,11,207,52,11,0.836565530184548,0.5576923076923077,6,2,"almarklein,brisvag",5,17,0,11,0,0,pkg:deprecated push:11d release:437d commits:29 active_maint:2 closed:12 merged:11,https://science.ecosyste.ms/projects/59479
1565,thresholdmodeling,https://github.com/iagolemos1/thresholdmodeling,unknown,95.0,7.426549072397305,0,Scientific Software,Peer-reviewed,Python,,,,,,pypi,thresholdmodeling,10,1,0,1,35,0,2407,,2044,4,0,0,0.021857923497267784,0.0,0,0,"",0,0,0,0,0,0,push:2044d release:2407d commits:0 active_maint:0 closed:0 merged:0,https://science.ecosyste.ms/projects/2307
1566,MDCraft,https://github.com/bbye98/mdcraft,dormant,95.0,7.422971251049421,0,Scientific Software,Peer-reviewed,Python,bbye98,,user,California Institute of Technology,,pypi,mdcraft,29,0,0,2,22,0,561,,344,3,2,1,0.3157894736842105,0.0,1,0,"",2,0,0,0,0,0,push:344d release:561d commits:2 active_maint:0 closed:0 merged:0,https://science.ecosyste.ms/projects/540
1567,BioSimSpace,https://github.com/michellab/biosimspace,active,95.0,7.4073177104694174,0,Scientific Software,Peer-reviewed,Python,michellab,michellab,organization,,,,,0,,,,78,0,,,332,16,0,0,0.08178559791463014,0.0,6,0,"",0,0,0,0,0,0,push:332d commits:0 active_maint:0 closed:0 merged:0,https://science.ecosyste.ms/projects/2383
1568,usearch,https://github.com/unum-cloud/usearch,active,77.0,25.40715757595975,0,,,C++,unum-cloud,Unum,organization,,https://unum.cloud,"go,pypi,cargo,npm,nuget,swiftpm","github.com/unum-cloud/usearch/golang,github.com/unum-cloud/usearch,usearch,cloud.unum.usearch,@sroussey/usearch",226087,2,6,1,4228,0,329,,20,101,275,28,0.3572916666666667,0.39636363636363636,1,1,ashvardanian,25,46,17,23,0,0,push:20d release:329d commits:275 active_maint:1 closed:44 merged:23,https://science.ecosyste.ms/projects/36903
1569,aion,https://github.com/tesselle/aion,active,100.0,2.3978952727983707,0,Scientific Software,Peer-reviewed,R,tesselle,tesselle,organization,,www.tesselle.org,,,0,,,,10,0,,,227,1,19,1,0.0,0.0,1,0,"",0,0,0,0,0,0,push:227d commits:19 active_maint:0 closed:0 merged:0,https://science.ecosyste.ms/projects/742
1570,Effluent,https://github.com/pnsaevik/effluent,dormant,98.0,4.394449154672439,0,Scientific Software,Peer-reviewed,Python,pnsaevik,Pål Næverlid Sævik,user,Institute of Marine Science,,pypi,effluent,25,1,0,1,3,0,652,,652,1,0,0,0.0,0.0,1,0,"",1,1,1,1,0,0,push:652d release:652d commits:0 active_maint:0 closed:2 merged:1,https://science.ecosyste.ms/projects/1002
1571,chombo-discharge,https://github.com/chombo-discharge/chombo-discharge,active,98.0,4.394449154672439,0,Scientific Software,Peer-reviewed,C++,chombo-discharge,chombo-discharge,organization,,,,,0,,,,21,0,,,28,3,64,1,0.001670146137787043,0.0,1,1,rmrsk,31,24,18,21,0,0,push:28d commits:64 active_maint:1 closed:39 merged:21,https://science.ecosyste.ms/projects/1125
1572,Viime,https://github.com/girder/viime,unknown,95.0,7.3926475207216225,0,Scientific Software,Peer-reviewed,Vue,girder,Girder,organization,,https://github.com/Kitware,,,0,,,,8,0,,,909,14,0,0,0.628990509059534,0.0,4,0,"",0,0,0,0,0,0,push:909d commits:0 active_maint:0 closed:0 merged:0,https://science.ecosyste.ms/projects/2091
1573,AutoEncoderToolkit.jl,https://github.com/mrazomej/autoencodertoolkit.jl,dormant,95.0,7.39018142822643,0,Scientific Software,Peer-reviewed,Julia,mrazomej,Manuel Razo-Mejia,user,Stanford,https://mrazo.notion.site/mrazo/Manuel-Razo-Mejia-6293ffa5e6174b3ab1b181efbd8cbca3,julia,AutoEncoderToolkit,0,0,0,0,25,0,759,,490,9,0,0,0.05343511450381677,0.0,1,0,"",1,15,1,2,0,0,push:490d release:759d commits:0 active_maint:0 closed:7 merged:2,https://science.ecosyste.ms/projects/563
1574,TLViz,https://github.com/tensorly/viz,dormant,98.0,4.382026634673881,0,Scientific Software,Peer-reviewed,Python,tensorly,TensorLy,organization,,http://tensorly.org,,,0,,,,16,0,,,88,5,11,3,0.403954802259887,0.4545454545454546,3,2,"MarieRoald,yngvem",0,3,0,3,0,0,push:88d commits:11 active_maint:2 closed:3 merged:3,https://science.ecosyste.ms/projects/1322
1575,Cellocity,https://github.com/oftatkofta/cellocity,dead,95.0,7.3777589082278725,0,Scientific Software,Peer-reviewed,Python,Oftatkofta,Jens Eriksson,user,Uppsala University,,pypi,cellocity,48,1,0,1,7,0,2101,,447,4,0,0,0.07241379310344831,0.0,1,0,"",1,0,0,0,0,0,push:447d release:2101d commits:0 active_maint:0 closed:0 merged:0,https://science.ecosyste.ms/projects/1993
1576,Torque-limited simple pendulum,https://github.com/dfki-ric-underactuated-lab/torque_limited_simple_pendulum,dormant,95.0,7.373374309910049,0,Scientific Software,Peer-reviewed,Python,dfki-ric-underactuated-lab,DFKI RIC Underactuated Lab,organization,,,,,0,,,,61,0,,,63,27,8,2,0.737516005121639,0.25,3,0,"",0,0,0,0,0,0,push:63d commits:8 active_maint:0 closed:0 merged:0,https://science.ecosyste.ms/projects/1499
1577,qtl2pleio,https://github.com/fboehm/qtl2pleio,active,93.0,9.372459221452619,0,Scientific Software,Peer-reviewed,R,fboehm,Frederick Boehm,user,University of Michigan,https://fboehm.us/,cran,qtl2pleio,244,0,0,1,6,0,2066,,62,4,12,3,0.021638330757341562,0.5,1,0,"",2,1,2,1,0,0,push:62d release:2066d commits:12 active_maint:0 closed:3 merged:1,https://science.ecosyste.ms/projects/2527
1578,Oceananigans.jl,https://github.com/clima/oceananigans.jl,active,85.0,17.362821839450874,0,Scientific Software,Peer-reviewed,Julia,CliMA,Climate Modeling Alliance,organization,,https://clima.caltech.edu,"go,julia","github.com/CliMA/Oceananigans.jl,Oceananigans,github.com/clima/oceananigans.jl",0,0,9,0,1373,0,330,,10,95,684,41,0.7029871011541073,0.7909356725146199,46,23,"glwagner,simone-silvestri,xkykai,tomchor,navidcy,giordano,taimoorsohail,jackdfranklin,ali-ramadhan,briochemc,jlk9,dkytezab,aklocker42,ewquon,bgroenks96,vopikamm,Pangoraw,romanlee,iuryt,lazarusA,Mikolaj-A-Kowalski,francispoulin,wsmoses",66,288,30,129,0,0,push:10d release:330d commits:671 active_maint:23 closed:175 merged:129,https://science.ecosyste.ms/projects/2122
1579,SAMBA,https://github.com/tldr-group/samba-web,dormant,98.0,4.356708826689592,0,Scientific Software,Peer-reviewed,TypeScript,tldr-group,tldr group,organization,,https://tldr-group.github.io/#/,,,0,,,,15,0,,,426,3,0,0,0.09787234042553195,0.0,2,0,"",3,6,0,6,0,0,push:426d commits:0 active_maint:0 closed:6 merged:6,https://science.ecosyste.ms/projects/660
1580,sbp-env,https://github.com/soraxas/sbp-env,dormant,95.0,7.336936913707618,0,Scientific Software,Peer-reviewed,Python,soraxas,Tin Lai,user,,https://cs.tinyiu.com,pypi,sbp-env,11,0,0,1,33,0,1386,,254,5,1,1,0.047272727272727244,0.0,1,0,"",0,1,0,1,0,0,push:254d release:1386d commits:1 active_maint:0 closed:1 merged:1,https://science.ecosyste.ms/projects/1723
1581,Opfi,https://github.com/wilkelab/opfi,unknown,95.0,7.336936913707618,0,Scientific Software,Peer-reviewed,Python,wilkelab,Wilke Lab,organization,,http://wilkelab.org,pypi,opfi,13,1,0,2,21,0,1738,,1738,4,0,0,0.4444444444444444,0.0,2,0,"",0,0,0,0,0,0,push:1738d release:1738d commits:0 active_maint:0 closed:0 merged:0,https://science.ecosyste.ms/projects/1710
1582,EphemerisSources.jl,https://github.com/juliaastro/ephemerissources.jl,dormant,95.0,7.333023014386481,0,Scientific Software,Peer-reviewed,Julia,JuliaAstro,Julia Astro,organization,,https://JuliaAstro.org,julia,"SPICEBodies,HorizonsAPI,SPICEKernels,HorizonsEphemeris,EphemerisSources,EphemerisSourcesBase",0,0,1,0,6,0,516,,2,7,11,4,0.21157684630738527,0.5454545454545454,3,2,"cadojo,abhro",2,24,1,15,0,0,push:2d release:516d commits:8 active_maint:2 closed:22 merged:15,https://science.ecosyste.ms/projects/454
1583,synphot,https://github.com/spacetelescope/synphot_refactor,active,85.0,17.32385853214024,0,,,Python,spacetelescope,Space Telescope Science Institute,organization,,http://www.stsci.edu,"pypi,conda",synphot,34442,47,23,3,41,0,399,,28,17,29,3,0.19648562300319494,0.4482758620689655,2,0,"",1,12,1,9,0,0,push:28d release:399d commits:17 active_maint:0 closed:12 merged:9,https://science.ecosyste.ms/projects/43818
1584,Comet Time Series Visualizer,https://github.com/cosmiq/cometts,unknown,93.0,9.3179383825742,0,Scientific Software,Peer-reviewed,Jupyter Notebook,CosmiQ,CosmiQ Works,organization,,https://www.cosmiqworks.org,pypi,cometts,57,0,0,1,62,0,2509,,2472,3,0,0,0.019830028328611915,0.0,0,0,"",0,0,0,0,0,0,push:2472d release:2509d commits:0 active_maint:0 closed:0 merged:0,https://science.ecosyste.ms/projects/2440
1585,SDGdetector,https://github.com/yingjie4science/sdgdetector,unknown,93.0,9.316320695513415,0,Scientific Software,Peer-reviewed,R,Yingjie4Science,Yingjie Li,user,Stanford University,https://yingjieli.org,"cran,go","SDGdetector,github.com/yingjie4science/sdgdetector,github.com/Yingjie4Science/SDGdetector",217,0,0,1,19,0,1164,,443,3,0,0,0.09062499999999996,0.0,2,0,"",0,0,0,0,0,0,push:443d release:1164d commits:0 active_maint:0 closed:0 merged:0,https://science.ecosyste.ms/projects/1184
1586,Embeddings.jl,https://github.com/juliatext/embeddings.jl,unknown,93.0,9.309280319831087,0,Scientific Software,Peer-reviewed,Julia,JuliaText,JuliaText,organization,,,"go,julia","github.com/juliatext/embeddings.jl,github.com/JuliaText/Embeddings.jl,Embeddings",0,0,3,0,83,0,874,,874,10,0,0,0.37349397590361444,0.0,5,0,"",0,0,0,0,0,0,push:874d release:874d commits:0 active_maint:0 closed:0 merged:0,https://science.ecosyste.ms/projects/2604
1587,lbh15,https://github.com/newcleo-dev-team/lbh15,dead,93.0,9.297618380083243,0,Scientific Software,Peer-reviewed,Python,newcleo-dev-team,newcleo,organization,,https://www.newcleo.com,pypi,lbh15,31,0,0,1,8,0,847,,622,11,0,0,0.6960431654676259,0.0,3,0,"",2,0,0,0,0,0,push:622d release:847d commits:0 active_maint:0 closed:0 merged:0,https://science.ecosyste.ms/projects/752
1588,VIEWpoly,https://github.com/mmollina/viewpoly,dormant,93.0,9.290629203204986,0,Scientific Software,Peer-reviewed,R,mmollina,Marcelo Mollinari,user,North Carolina State University,,cran,viewpoly,257,0,0,1,7,0,854,,290,6,1,1,0.08239700374531833,0.0,2,1,Cristianetaniguti,1,2,0,1,0,0,push:290d release:854d commits:1 active_maint:1 closed:2 merged:1,https://science.ecosyste.ms/projects/1493
1589,prisonbrief,https://github.com/danilofreire/prisonbrief,unknown,93.0,9.282288871288767,0,Scientific Software,Peer-reviewed,R,danilofreire,Danilo Freire,user,,,cran,prisonbrief,198,0,0,1,18,0,1988,,1992,3,0,0,0.3291139240506329,0.0,2,0,"",0,0,0,0,0,0,push:1992d release:1988d commits:0 active_maint:0 closed:0 merged:0,https://science.ecosyste.ms/projects/2914
1590,ShOpt.jl,https://github.com/edwardberman/shopt,dormant,98.0,4.276666119016055,0,Scientific Software,Peer-reviewed,Julia,EdwardBerman,Edward Berman,user,McCleary's Group / COSMOS Web,https://linktr.ee/bermanEdward,,,0,,,,25,0,,,646,3,0,0,0.017391304347826098,0.0,2,0,"",0,1,0,1,0,0,push:646d commits:0 active_maint:0 closed:1 merged:1,https://science.ecosyste.ms/projects/551
1591,EWDM,https://github.com/dspelaez/extended-wdm,dormant,98.0,4.276666119016055,0,Scientific Software,Peer-reviewed,Jupyter Notebook,dspelaez,Daniel Peláez Zapata,user,UCD/ENS,dspelaez.github.io,,,0,,,,17,0,,,34,7,7,1,0.5581395348837209,0.0,0,0,"",0,5,0,5,0,0,push:34d commits:7 active_maint:0 closed:5 merged:5,https://science.ecosyste.ms/projects/185
1592,PyGRB,https://github.com/jamespaynter/pygrb,unknown,95.0,7.262628600974241,0,Scientific Software,Peer-reviewed,Python,JamesPaynter,James Paynter,user,The University of Melbourne,www.jamespaynter.com,pypi,pygrb,21,1,0,1,35,0,2144,,2044,2,0,0,0.02285714285714291,0.0,2,0,"",0,0,0,0,0,0,push:2044d release:2144d commits:0 active_maint:0 closed:0 merged:0,https://science.ecosyste.ms/projects/2123
1593,GraphSL,https://github.com/xianggebenben/graphsl,unknown,95.0,7.26192709270275,0,Scientific Software,Peer-reviewed,Python,xianggebenben,Junxiang Wang,user,NEC Laboratories America,https://xianggebenben.github.io/Junxiang_Wang/,pypi,graphsl,18,0,0,1,22,0,732,,600,5,0,0,0.40784313725490196,0.0,0,0,"",0,0,0,0,0,0,push:600d release:732d commits:0 active_maint:0 closed:0 merged:0,https://science.ecosyste.ms/projects/567
1594,AxoPy,https://github.com/axopy/axopy,unknown,93.0,9.259130536145616,0,Scientific Software,Peer-reviewed,Python,axopy,AxoPy,organization,,,"conda,pypi",axopy,67,2,0,1,32,0,2725,,1137,3,0,0,0.0880281690140845,0.0,1,0,"",0,0,0,0,0,0,push:1137d release:2725d commits:0 active_maint:0 closed:0 merged:0,https://science.ecosyste.ms/projects/2655
1595,pyCADMium,https://github.com/wasserman-group/pycadmium,unknown,98.0,4.248495242049359,0,Scientific Software,Peer-reviewed,Python,wasserman-group,Wasserman Group,organization,,purdue.edu/dft,,,0,,,,9,0,,,1338,7,0,0,0.16858237547892718,0.0,1,0,"",0,0,0,0,0,0,push:1338d commits:0 active_maint:0 closed:0 merged:0,https://science.ecosyste.ms/projects/1408
1596,open Delft Advanced Research Terra Simulator (open-DARTS),https://gitlab.com/open-darts/open-darts,active,89.0,13.237565307093012,0,Scientific Software,Peer-reviewed,,open-darts,open-darts,organization,,,pypi,open-darts,455,1,0,2,17,0,392,,,27,998,10,0.6847742922723795,0.49198396793587174,0,0,"",,,,,0,0,release:392d commits:998 active_maint:0 closed:0 merged:0,https://science.ecosyste.ms/projects/585
1597,'StreamPoseML' An End-to-End Open-Source Web Application and Python Toolkit for Real-Time Video Pose Classification and Machine Learning,https://github.com/mrilikecoding/streamposeml,active,93.0,9.237177025929743,0,Scientific Software,Peer-reviewed,Python,mrilikecoding,Nathan G,user,,,pypi,"streamposeml,stream-pose-ml",320,0,0,1,2,0,335,,335,4,31,1,0.01730103806228378,0.0,1,1,mrilikecoding,5,5,2,5,0,0,push:335d release:335d commits:31 active_maint:1 closed:7 merged:5,https://science.ecosyste.ms/projects/340
1598,The SAGE Rejected Article Tracker,https://github.com/sagepublishing/rejected_article_tracker_pkg,dead,95.0,7.234177179749849,0,Scientific Software,Peer-reviewed,Python,sagepublishing,SAGE Publishing,organization,,,pypi,rejected-article-tracker,31,1,0,1,14,1,1563,,1563,3,0,0,0.27108433734939763,0.0,1,0,"",0,0,0,0,0,0,archived push:1563d release:1563d commits:0 active_maint:0 closed:0 merged:0,https://science.ecosyste.ms/projects/1815
1599,Binette,https://github.com/genotoul-bioinfo/binette,active,93.0,9.231318778361373,0,Scientific Software,Peer-reviewed,Python,genotoul-bioinfo,Genotoul Bioinfo,organization,,http://bioinfo.genotoul.fr/index.php/about-us/,pypi,binette,110,0,0,1,53,0,400,,20,3,113,2,0.0687361419068736,0.03539823008849563,1,1,JeanMainguy,8,20,2,8,0,0,push:20d release:400d commits:113 active_maint:1 closed:10 merged:8,https://science.ecosyste.ms/projects/464
1600,RobotDART,https://github.com/nosalro/robot_dart,dormant,95.0,7.229838778151251,0,Scientific Software,Peer-reviewed,C++,NOSALRO,NOSALRO,organization,,https://nosalro.github.io/,,,0,,,,58,0,,,502,20,0,0,0.30132939438700146,0.0,4,0,"",1,7,0,3,0,0,push:502d commits:0 active_maint:0 closed:3 merged:3,https://science.ecosyste.ms/projects/431
1601,UWGeodynamics,https://github.com/underworldcode/uwgeodynamics,dead,95.0,7.226936018493289,0,Scientific Software,Peer-reviewed,Python,underworldcode,Underworld geodynamics software platform and tools,organization,,http://www.underworldcode.org,,,0,,,,86,1,,,1529,16,0,0,0.49478390461997024,0.0,2,0,"",0,0,0,0,0,0,archived push:1529d commits:0 active_maint:0 closed:0 merged:0,https://science.ecosyste.ms/projects/2603
1602,PyKronecker,https://github.com/nickelnine37/pykronecker,dead,93.0,9.221873607789854,0,Scientific Software,Peer-reviewed,Python,nickelnine37,,user,,,pypi,pykronecker,279,1,0,1,18,0,1119,,859,2,0,0,0.04109589041095896,0.0,1,0,"",1,0,0,0,0,0,push:859d release:1119d commits:0 active_maint:0 closed:0 merged:0,https://science.ecosyste.ms/projects/1258
1603,NeuroAnalyzer,https://github.com/juliahealth/neuroanalyzer.jl,active,98.0,4.219507705176107,0,Scientific Software,Peer-reviewed,Julia,JuliaHealth,JuliaHealth,organization,,https://juliahealth.org,,,0,,,,21,0,,,26,6,408,4,0.014152850788516025,0.04656862745098034,2,1,kosuri-indu,2,2,1,0,0,0,push:26d commits:408 active_maint:1 closed:2 merged:0,https://science.ecosyste.ms/projects/250
1604,X-PSI,https://github.com/xpsi-group/xpsi,active,95.0,7.1929342212158,0,Scientific Software,Peer-reviewed,Python,xpsi-group,xpsi-group,organization,,,,,0,,,,43,0,,,8,25,188,15,0.6692640692640692,0.8457446808510638,7,5,"drannawatts,ckazantsev,lmauviard,pstammler,ThomasEdwardRiley",10,22,3,15,0,0,push:8d commits:185 active_maint:5 closed:18 merged:15,https://science.ecosyste.ms/projects/1244
1605,bíogo/ncbi,https://github.com/biogo/ncbi,unknown,95.0,7.1853870155804165,0,Scientific Software,Peer-reviewed,Go,biogo,bíogo,organization,,,go,"github.com/biogo/ncbi,github.com/BioGo/ncbi",0,5,10,0,21,0,2745,,1859,4,0,0,0.04424778761061943,0.0,1,0,"",0,0,0,0,0,0,push:1859d release:2745d commits:0 active_maint:0 closed:0 merged:0,https://science.ecosyste.ms/projects/2970
1606,covidregionaldata,https://github.com/epiforecasts/covidregionaldata,unknown,95.0,7.182352111885262,0,Scientific Software,Peer-reviewed,R,epiforecasts,Epiforecasts,organization,,https://epiforecasts.io,,,0,,,,37,0,,,1274,28,0,0,0.6261615439599715,0.0,2,0,"",0,0,0,0,0,0,push:1274d commits:0 active_maint:0 closed:0 merged:0,https://science.ecosyste.ms/projects/1833
1607,libscientific,https://github.com/gmrandazzo/libscientific,active,93.0,9.169518377455926,0,Scientific Software,Peer-reviewed,C,gmrandazzo,Giuseppe Marco Randazzo,user,Endogena Therapeutics,https://gmrandazzo.com,pypi,libscientific,78,1,0,1,21,0,993,,20,7,28,3,0.21118012422360244,0.5,1,1,gmrandazzo,0,8,0,2,0,0,push:20d release:993d commits:26 active_maint:1 closed:4 merged:2,https://science.ecosyste.ms/projects/940
1608,PFEIFER,https://github.com/sciinstitute/pfeifer,dormant,98.0,4.1588830833596715,0,Scientific Software,Peer-reviewed,MATLAB,SCIInstitute,The Scientific Computing and Imaging Institute,organization,,www.sci.utah.edu,,,0,,,,3,0,,,527,8,0,0,0.417910447761194,0.0,1,0,"",0,2,0,2,0,0,push:527d commits:0 active_maint:0 closed:2 merged:2,https://science.ecosyste.ms/projects/2925
1609,pathways,https://github.com/polca/pathways,active,95.0,7.154615356913663,0,Scientific Software,Peer-reviewed,Jupyter Notebook,polca,POLCA,organization,,,pypi,pathways,15,0,0,1,23,0,624,,123,4,92,3,0.2920792079207921,0.34782608695652173,3,1,alvarojhahn,5,0,5,0,0,0,push:123d release:624d commits:92 active_maint:1 closed:5 merged:0,https://science.ecosyste.ms/projects/388
1610,NCBImeta,https://github.com/ktmeaton/ncbimeta,unknown,93.0,9.146441646125952,0,Scientific Software,Peer-reviewed,Python,ktmeaton,Katherine Eaton,user,University of Alberta,,pypi,ncbimeta,57,1,0,1,54,0,1659,,1527,3,0,0,0.002846299810246644,0.0,1,0,"",0,0,0,0,0,0,push:1527d release:1659d commits:0 active_maint:0 closed:0 merged:0,https://science.ecosyste.ms/projects/2319
1611,Aletheia,https://github.com/daniellerch/aletheia,dormant,95.0,7.1444071803211395,0,Scientific Software,Peer-reviewed,Python,daniellerch,"Daniel Lerch, PhD",user,,http://www.daniellerch.me,,,0,,,,211,0,,,2,7,11,1,0.05095541401273884,0.0,0,0,"",5,2,3,0,0,0,push:2d commits:11 active_maint:0 closed:4 merged:0,https://science.ecosyste.ms/projects/865
1612,AliNe,https://github.com/juke34/aline,active,98.0,4.143134726391533,0,Scientific Software,Peer-reviewed,Nextflow,Juke34,Jacques Dainat,user,IRD,https://www.researchgate.net/profile/Jacques-Dainat-2,,,0,,,,21,0,,,58,3,52,1,0.02212389380530977,0.0,1,1,Juke34,2,8,1,8,0,0,push:58d commits:52 active_maint:1 closed:9 merged:8,https://science.ecosyste.ms/projects/251
1613,LFSpy,https://github.com/mcmasterrs/lfspy,unknown,95.0,7.138866999945524,0,Scientific Software,Peer-reviewed,Python,McMasterRS,McMaster University Research Software,organization,,https://www.rhpcs.mcmaster.ca,pypi,lfspy,17,1,0,2,7,0,2276,,2275,9,0,0,0.6267605633802817,0.0,0,0,"",0,0,0,0,0,0,push:2275d release:2276d commits:0 active_maint:0 closed:0 merged:0,https://science.ecosyste.ms/projects/2244
1614,MRdataset,https://github.com/open-minds-lab/mrdataset,unknown,95.0,7.138866999945524,0,Scientific Software,Peer-reviewed,Python,Open-Minds-Lab,Open Minds,organization,,,pypi,mrdataset,27,1,1,1,2,0,874,,861,3,0,0,0.019767441860465085,0.0,1,0,"",0,0,0,0,0,0,push:861d release:874d commits:0 active_maint:0 closed:0 merged:0,https://science.ecosyste.ms/projects/774
1615,PySPI,https://github.com/bjoernbiltzinger/pyspi,dead,95.0,7.138866999945524,0,Scientific Software,Peer-reviewed,Python,BjoernBiltzinger,Björn Biltzinger,user,,,pypi,py-spi,34,0,0,1,10,0,1591,,329,4,0,0,0.19655172413793098,0.0,3,0,"",0,1,0,0,0,0,push:329d release:1591d commits:0 active_maint:0 closed:0 merged:0,https://science.ecosyste.ms/projects/1557
1616,SODA,https://github.com/fairdataihub/soda-for-sparc,active,95.0,7.138866999945524,0,Scientific Software,Peer-reviewed,JavaScript,fairdataihub,FAIR Data Innovations Hub,organization,,https://fairdataihub.org,,,0,,,,32,0,,,3,29,1191,7,0.7058439970657755,0.4701931150293871,7,2,"aaronm-2112,JacobiClark",9,26,4,21,0,0,push:3d commits:1093 active_maint:2 closed:25 merged:21,https://science.ecosyste.ms/projects/558
1617,AutoGAMESS,https://github.com/cavenfish/autogamess,unknown,95.0,7.124478262493424,0,Scientific Software,Peer-reviewed,Python,Cavenfish,Brian C. Ferrari,user,Chemistry PhD Candidate at Leiden University ,https://cavenfish.github.io/,pypi,autogamess,44,1,0,1,9,0,1932,,1932,3,0,0,0.013232514177693777,0.0,0,0,"",0,0,0,0,0,0,push:1932d release:1932d commits:0 active_maint:0 closed:0 merged:0,https://science.ecosyste.ms/projects/2463
1618,The ARC-OPT Library for Whole-Body Control of Robotic Systems,https://github.com/arc-opt/wbc,active,95.0,7.123672785204607,0,Scientific Software,Peer-reviewed,C++,ARC-OPT,ARC-OPT,organization,,https://dfki-ric.github.io/,,,0,,,,85,0,,,20,22,43,6,0.10183299389002032,0.4418604651162791,0,0,"",6,3,1,3,0,0,push:20d commits:43 active_maint:0 closed:4 merged:3,https://science.ecosyste.ms/projects/339
1619,swift-emulator,https://github.com/swiftsim/emulator,unknown,95.0,7.103322062526112,0,Scientific Software,Peer-reviewed,Python,SWIFTSIM,SWIFT astrophysics simulation code and ecosystem of tools,organization,,www.swiftsim.com,pypi,swiftemulator,16,1,0,2,7,0,379,,379,8,0,0,0.3250883392226148,0.0,3,0,"",0,0,0,0,0,0,push:379d release:379d commits:0 active_maint:0 closed:0 merged:0,https://science.ecosyste.ms/projects/1547
1620,Instrbuilder,https://github.com/lucask07/instrbuilder,dormant,95.0,7.103322062526112,0,Scientific Software,Peer-reviewed,Python,lucask07,Lucas Koerner,user,,,pypi,instrbuilder,14,1,0,1,9,0,1684,,43,5,4,1,0.07772020725388606,0.0,1,0,"",0,2,0,2,0,0,push:43d release:1684d commits:4 active_maint:0 closed:2 merged:2,https://science.ecosyste.ms/projects/2598
1621,rfasst,https://github.com/jgcri/rfasst,dormant,98.0,4.0943445622221,0,Scientific Software,Peer-reviewed,R,JGCRI,Joint Global Change Research Institute,organization,,https://www.pnnl.gov/projects/jgcri,,,0,,,,10,0,,,1287,5,0,0,0.2848484848484848,0.0,1,0,"",2,1,0,0,0,0,push:1287d commits:0 active_maint:0 closed:1 merged:0,https://science.ecosyste.ms/projects/1622
1622,Qlunc,https://github.com/swe-unistuttgart/qlunc,dormant,98.0,4.094344562222101,0,Scientific Software,Peer-reviewed,Jupyter Notebook,SWE-UniStuttgart,Stuttgart Wind Energy (SWE) - Uni Stuttgart,organization,,https://www.ifb.uni-stuttgart.de/en/research/windenergy/,,,0,,,,10,0,,,269,6,0,0,0.05319148936170215,0.0,1,0,"",0,6,0,6,0,0,push:269d commits:0 active_maint:0 closed:6 merged:6,https://science.ecosyste.ms/projects/1708
1623,PyFPT,https://github.com/jacks0nj/pyfpt,dormant,95.0,7.090076835776092,0,Scientific Software,Peer-reviewed,Python,Jacks0nJ,Joe Jackson,user,University of Portsmouth,,pypi,pyfpt,15,0,0,1,10,0,1366,,666,5,0,0,0.0490196078431373,0.0,1,1,Jacks0nJ,0,1,0,1,0,0,push:666d release:1366d commits:0 active_maint:1 closed:1 merged:1,https://science.ecosyste.ms/projects/1276
1624,mcMST,https://github.com/jakobbossek/mcmst,unknown,93.0,9.084777149000837,0,Scientific Software,Peer-reviewed,R,jakobbossek,Jakob Bossek,user,RWTH Aachen University,http://www.jakobbossek.de/,cran,mcMST,244,0,0,1,3,0,1235,,1235,2,0,0,0.014388489208633115,0.0,1,0,"",0,0,0,0,0,0,push:1235d release:1235d commits:0 active_maint:0 closed:0 merged:0,https://science.ecosyste.ms/projects/2982
1625,serp,https://github.com/ejikeugba/serp,dead,93.0,9.078864009187797,0,Scientific Software,Peer-reviewed,R,ejikeugba,Ejike,user,"Helmut Schmidt University, Hamburg",https://ejikeugba.github.io/DataXotic/,cran,serp,2187,1,3,1,1,0,612,,612,2,0,0,0.025316455696202556,0.0,1,0,"",1,0,0,0,0,0,push:612d release:612d commits:0 active_maint:0 closed:0 merged:0,https://science.ecosyste.ms/projects/1711
1626,RCzechia,https://github.com/jlacko/rczechia,dormant,98.0,4.060443010546419,0,Scientific Software,Peer-reviewed,R,jlacko,Jindra Lacko,user,,www.jla-data.net,,,0,,,,34,0,,,11,2,8,1,0.0022988505747126853,0.0,1,1,jlacko,1,9,1,7,0,0,push:11d commits:8 active_maint:1 closed:8 merged:7,https://science.ecosyste.ms/projects/1225
1627,Geometric nested sampling,https://github.com/superkam91/gns,unknown,95.0,7.049254841255836,0,Scientific Software,Peer-reviewed,Python,SuperKam91,Kamran Javid,user,University of Cambridge,,pypi,gns,70,1,0,1,7,0,2487,,2368,2,0,0,0.008000000000000007,0.0,0,0,"",0,0,0,0,0,0,push:2368d release:2487d commits:0 active_maint:0 closed:0 merged:0,https://science.ecosyste.ms/projects/2320
1628,skedm,https://github.com/nickc1/skedm,unknown,95.0,7.049254841255837,0,Scientific Software,Peer-reviewed,Jupyter Notebook,nickc1,Nick Cortale,user,,http://nickc1.github.io/,pypi,skedm,14,1,0,1,24,0,3394,,3271,3,0,0,0.06329113924050633,0.0,0,0,"",0,0,0,0,0,0,push:3271d release:3394d commits:0 active_maint:0 closed:0 merged:0,https://science.ecosyste.ms/projects/3042
1629,"STReNGTHS, a Python package to model and simulate complex reaction-diffusion systems",https://github.com/thibaultfillion/strengths,dormant,93.0,9.03025631012242,0,Scientific Software,Peer-reviewed,Python,ThibaultFillion,,user,,,pypi,strengths,694,1,0,1,6,0,424,,269,2,0,0,0.01098901098901095,0.0,1,0,"",0,6,0,4,0,0,push:269d release:424d commits:0 active_maint:0 closed:6 merged:4,https://science.ecosyste.ms/projects/690
1630,PyView,https://github.com/galizia-lab/pyview,dormant,98.0,4.025351690735149,0,Scientific Software,Peer-reviewed,Jupyter Notebook,galizia-lab,Galizia Lab,organization,,http://neuro.uni-konstanz.de/,,,0,,,,6,0,,,62,4,0,0,0.4769230769230769,0.0,0,0,"",5,11,2,7,0,0,push:62d commits:0 active_maint:0 closed:10 merged:7,https://science.ecosyste.ms/projects/1234
1631,Tyssue,https://github.com/damcb/tyssue,dormant,95.0,7.0085051820822795,0,Scientific Software,Peer-reviewed,Python,DamCB,Data Analysis and Modelling in Computational Biology ,organization,,http://morphogenie.fr,conda,tyssue,0,1,0,0,68,0,1890,,176,14,2,1,0.23815165876777256,0.0,2,1,glyg,0,4,0,0,0,0,push:176d release:1890d commits:2 active_maint:1 closed:3 merged:0,https://science.ecosyste.ms/projects/1867
1632,array_split,https://github.com/array-split/array_split,unknown,93.0,9.002085433155724,0,Scientific Software,Peer-reviewed,Python,,,,,,"pypi,conda","array-split,array_split",399,4,1,1,10,0,725,,725,2,0,0,0.004273504273504258,0.0,0,0,"",0,0,0,0,0,0,push:725d release:725d commits:0 active_maint:0 closed:0 merged:0,https://science.ecosyste.ms/projects/2986
1633,Maelstrom,https://github.com/danhey/maelstrom,unknown,95.0,6.992096427415888,0,Scientific Software,Peer-reviewed,Jupyter Notebook,danhey,Daniel,user,University of Hawai'i,danhey.github.io,pypi,maelstrom,32,1,0,1,7,0,2372,,2212,4,0,0,0.02941176470588236,0.0,0,0,"",0,0,0,0,0,0,push:2212d release:2372d commits:0 active_maint:0 closed:0 merged:0,https://science.ecosyste.ms/projects/2197
1634,Thing Directory,https://github.com/linksmart/thing-directory,dead,95.0,6.984716320118266,0,Scientific Software,Peer-reviewed,Go,linksmart,LinkSmart.eu,organization,,https://linksmart.eu,go,github.com/linksmart/thing-directory,0,0,4,0,21,1,1959,,1478,10,0,0,0.41880341880341876,0.0,3,0,"",0,0,0,0,0,0,archived push:1478d release:1959d commits:0 active_maint:0 closed:0 merged:0,https://science.ecosyste.ms/projects/1924
1635,Kindel,https://github.com/bede/kindel,active,93.0,8.968523555396352,0,Scientific Software,Peer-reviewed,Python,bede,Bede Constantinides,user,Oxford Nanopore Technologies,bede.im,pypi,kindel,149,1,0,1,21,0,348,,348,2,1,1,0.008000000000000007,0.0,1,0,"",3,0,2,0,0,0,push:348d release:348d commits:1 active_maint:0 closed:2 merged:0,https://science.ecosyste.ms/projects/3014
1636,ACTIN,https://github.com/gomesdasilva/actin,unknown,93.0,8.968014001245198,0,Scientific Software,Peer-reviewed,Python,,,,,,pypi,actin,107,1,0,1,17,0,2415,,1378,4,0,0,0.5128205128205128,0.0,0,0,"",0,0,0,0,0,0,push:1378d release:2415d commits:0 active_maint:0 closed:0 merged:0,https://science.ecosyste.ms/projects/2725
1637,napari,https://github.com/napari/napari,active,77.0,24.965626158998713,0,,,Python,napari,napari,organization,,,"pypi,go,conda","napari,github.com/napari/napari,napari-menu,test-test-test001001",107622,170,310,5,2714,0,349,,3,225,601,69,0.8393714535137494,0.7487520798668885,17,9,"Czaki,psobolewskiPhD,Aniketsy,jni,TimMonko,jacopoabramo,dalthviz,ctrueden,willingc",103,191,31,90,0,0,push:3d release:349d commits:552 active_maint:9 closed:131 merged:90,https://science.ecosyste.ms/projects/41668
1638,mcbette,https://github.com/ropensci/mcbette,dormant,93.0,8.954156966583772,0,Scientific Software,Peer-reviewed,R,ropensci,rOpenSci,organization,,https://ropensci.org/,cran,mcbette,206,1,1,1,7,0,710,,274,3,1,1,0.01810584958217265,0.0,3,0,"",0,1,0,1,0,0,push:274d release:710d commits:1 active_maint:0 closed:1 merged:1,https://science.ecosyste.ms/projects/2077
1639,BifacialSimu,https://github.com/cire-thk/bifacialsimu,unknown,93.0,8.953510763007166,0,Scientific Software,Peer-reviewed,Python,cire-thk,CIRE TH Köln,organization,,,pypi,bifacialsimu,64,0,0,1,14,0,1233,,978,7,0,0,0.6666666666666667,0.0,5,0,"",0,0,0,0,0,0,push:978d release:1233d commits:0 active_maint:0 closed:0 merged:0,https://science.ecosyste.ms/projects/1387
1640,pyMultiFit: A Python library for fitting data with multiple models,https://github.com/syedalimohsinbukhari/pymultifit,active,93.0,8.948975607841774,0,,,Python,syedalimohsinbukhari,Syed Ali Mohsin Bukhari,user,,,pypi,pymultifit,349,0,0,1,5,0,298,,9,3,18,2,0.009202453987730008,0.11111111111111116,1,1,syedalimohsinbukhari,2,4,2,2,0,0,push:9d release:298d commits:18 active_maint:1 closed:5 merged:2,https://science.ecosyste.ms/projects/573232
1641,pymgpipe,https://github.com/korem-lab/pymgpipe,unknown,95.0,6.931471805599452,0,Scientific Software,Peer-reviewed,JetBrains MPS,korem-lab,korem-lab,organization,,,pypi,pymgpipe,15,0,0,1,7,0,1106,,1025,8,0,0,0.1444444444444445,0.0,1,0,"",0,0,0,0,0,0,push:1025d release:1106d commits:0 active_maint:0 closed:0 merged:0,https://science.ecosyste.ms/projects/1047
1642,pygen-structures,https://github.com/thesketh/pygen-structures,dormant,95.0,6.927557906278317,0,Scientific Software,Peer-reviewed,Python,thesketh,Travis Hesketh,user,,,pypi,pygen-structures,15,1,0,1,10,0,2283,,84,4,1,1,0.5,0.0,2,1,avanteijlingen,0,1,0,1,0,0,push:84d release:2283d commits:1 active_maint:1 closed:1 merged:1,https://science.ecosyste.ms/projects/2256
1643,TimeSeriesClustering,https://github.com/holgerteichgraeber/timeseriesclustering.jl,dormant,95.0,6.917705609835306,0,Scientific Software,Peer-reviewed,Julia,holgerteichgraeber,Holger Teichgraeber,user,Stanford University,www.hteich.com,julia,TimeSeriesClustering,0,0,1,0,85,0,2515,,156,10,0,0,0.44594594594594594,0.0,2,1,holgerteichgraeber,1,1,0,0,0,0,push:156d release:2515d commits:0 active_maint:1 closed:0 merged:0,https://science.ecosyste.ms/projects/2459
1644,rmap,https://github.com/jgcri/rmap,unknown,98.0,3.9120230054281464,0,Scientific Software,Peer-reviewed,R,JGCRI,Joint Global Change Research Institute,organization,,https://www.pnnl.gov/projects/jgcri,,,0,,,,8,0,,,977,5,0,0,0.24397590361445787,0.0,4,0,"",0,0,0,0,0,0,push:977d commits:0 active_maint:0 closed:0 merged:0,https://science.ecosyste.ms/projects/1401
1645,GFAKluge,https://github.com/edawson/gfakluge,dead,95.0,6.90875477931522,0,Scientific Software,Peer-reviewed,C++,edawson,Eric T. Dawson,user,@nvidia,www.erictdawson.com,,,0,,,,56,0,,,1535,13,0,0,0.10857142857142854,0.0,1,0,"",1,0,0,0,0,0,push:1535d commits:0 active_maint:0 closed:0 merged:0,https://science.ecosyste.ms/projects/2676
1646,Synthia,https://github.com/dmey/synthia,dead,93.0,8.90815361332152,0,Scientific Software,Peer-reviewed,Python,dmey,,user,,,pypi,synthia,24,2,1,1,69,0,1793,,1036,4,0,0,0.11864406779661019,0.0,3,0,"",1,0,0,0,0,0,push:1036d release:1793d commits:0 active_maint:0 closed:0 merged:0,https://science.ecosyste.ms/projects/1756
1647,bikedata,https://github.com/ropensci/bikedata,active,95.0,6.907755278982138,0,Scientific Software,Peer-reviewed,R,ropensci,rOpenSci,organization,,https://ropensci.org/,,,0,,,,81,0,,,142,10,25,1,0.041543026706231445,0.0,4,2,"maelle,mpadge",1,1,1,1,0,0,push:142d commits:25 active_maint:2 closed:2 merged:1,https://science.ecosyste.ms/projects/2949
1648,openaerostruct,https://github.com/mdolab/openaerostruct,dormant,85.0,16.905043326867716,0,,,Python,mdolab,MDO Lab,organization,,mdolab.engin.umich.edu,"go,pypi","github.com/mdolab/openaerostruct,github.com/mdolab/OpenAeroStruct,openaerostruct",2980,0,2,1,266,0,399,,297,32,5,2,0.45360110803324105,0.19999999999999996,5,0,"",4,30,1,20,0,0,push:297d release:399d commits:5 active_maint:0 closed:24 merged:20,https://science.ecosyste.ms/projects/3467
1649,pot,https://github.com/pythonot/pot,active,77.0,24.902280881601165,0,,,Python,PythonOT,Python Optimal Transport,organization,,,"conda,spack,go,pypi","pot,py-pot,github.com/pythonot/pot",278310,137,33,1,2823,0,630,,23,104,60,25,0.4784075573549258,0.7,6,2,"rflamary,eloitanguy",9,33,3,16,0,0,push:23d release:630d commits:60 active_maint:2 closed:21 merged:16,https://science.ecosyste.ms/projects/38218
1650,HydDown,https://github.com/andr1976/hyddown,active,93.0,8.900003608959596,0,Scientific Software,Peer-reviewed,Python,andr1976,Anders Andreasen,user,Ramboll Energy,,pypi,hyddown,45,1,0,1,43,0,512,,84,4,181,2,0.1662404092071611,0.37016574585635365,2,1,andr1976,1,8,1,8,0,0,push:84d release:512d commits:181 active_maint:1 closed:9 merged:8,https://science.ecosyste.ms/projects/1741
1651,"Lexicon-Mono-Seq, DOM Text Based Async MSA Viewer",https://github.com/ibrahimtanyalcin/lexicon-mono-seq,unknown,93.0,8.895629627136483,0,Scientific Software,Peer-reviewed,JavaScript,IbrahimTanyalcin,Ibrahim Tanyalcin,user,@gsk-tech,http://ibrahimtanyalcin.com,npm,lexicon-mono-seq,70,1,1,1,20,0,2587,,2578,5,0,0,0.05555555555555558,0.0,1,0,"",0,0,0,0,0,0,push:2578d release:2587d commits:0 active_maint:0 closed:0 merged:0,https://science.ecosyste.ms/projects/2514
1652,shmlast,https://github.com/camillescott/shmlast,unknown,93.0,8.894258825002705,0,Scientific Software,Peer-reviewed,Python,camillescott,Camille Scott,user,,http://www.camillescott.org,pypi,shmlast,79,1,0,1,21,0,3065,,2124,3,0,0,0.012499999999999956,0.0,1,0,"",0,0,0,0,0,0,push:2124d release:3065d commits:0 active_maint:0 closed:0 merged:0,https://science.ecosyste.ms/projects/3069
1653,PASCal Python,https://github.com/mjcliffe/pascal,dormant,98.0,3.8918202981106265,0,Scientific Software,Peer-reviewed,Python,MJCliffe,Matt Cliffe,user,,,,,0,,,,3,0,,,105,7,6,1,0.3829787234042553,0.0,2,1,ml-evs,2,1,0,1,0,0,push:105d commits:6 active_maint:1 closed:1 merged:1,https://science.ecosyste.ms/projects/944
1654,Systole,https://github.com/embodied-computation-group/systole,dormant,95.0,6.887552571664618,0,Scientific Software,Peer-reviewed,Python,embodied-computation-group,Embodied Computation group,organization,,https://the-ecg.org/,,,0,,,,89,0,,,448,10,0,0,0.07003891050583655,0.0,1,0,"",5,0,1,0,0,0,push:448d commits:0 active_maint:0 closed:1 merged:0,https://science.ecosyste.ms/projects/1645
1655,meshio,https://github.com/nschloe/meshio,dormant,77.0,24.879853872603963,0,,,Python,nschloe,Nico Schlömer,user,Monday Tech,,"pypi,go,conda,spack","meshio,github.com/nschloe/meshio,py-meshio",262169,283,113,1,2300,0,911,,737,67,0,0,0.3373626373626374,0.0,1,0,"",8,5,0,0,0,0,push:737d release:911d commits:0 active_maint:0 closed:2 merged:0,https://science.ecosyste.ms/projects/5870
1656,FHI-vibes,https://gitlab.com/vibes-developers/vibes,active,89.0,12.869306861140366,0,Scientific Software,Peer-reviewed,,,,,,,pypi,fhi-vibes,343,1,0,2,18,0,618,,,18,62,3,0.5060331825037707,0.3548387096774194,0,0,"",,,,,0,0,release:618d commits:62 active_maint:0 closed:0 merged:0,https://science.ecosyste.ms/projects/2036
1657,disksurf,https://github.com/richteague/disksurf,dormant,95.0,6.866933284461882,0,Scientific Software,Peer-reviewed,Python,richteague,Rich Teague,user,Massachusetts Institute of Technology,https://richteague.github.io,pypi,disksurf,14,1,0,1,10,0,696,,696,5,1,1,0.18656716417910446,0.0,1,0,"",0,0,0,0,0,0,push:696d release:696d commits:1 active_maint:0 closed:0 merged:0,https://science.ecosyste.ms/projects/1694
1658,Castor,https://github.com/leprojetcastor/castor,unknown,95.0,6.858565034791365,0,Scientific Software,Peer-reviewed,C++,,,,,,,,0,,,,67,0,,,1563,14,0,0,0.7570621468926554,0.0,0,0,"",0,0,0,0,0,0,push:1563d commits:0 active_maint:0 closed:0 merged:0,https://science.ecosyste.ms/projects/1574
1659,repytah,https://github.com/smith-tinkerlab/repytah,unknown,95.0,6.858565034791365,0,Scientific Software,Peer-reviewed,Python,,,,,,pypi,repytah,13,0,0,1,2,0,1175,,926,17,0,0,0.7887067395264117,0.0,0,0,"",0,0,0,0,0,0,push:926d release:1175d commits:0 active_maint:0 closed:0 merged:0,https://science.ecosyste.ms/projects/1136
1660,Heta compiler,https://github.com/hetalang/heta-compiler,active,93.0,8.856518497019858,0,Scientific Software,Peer-reviewed,JavaScript,hetalang,Heta project,organization,,https://hetalang.github.io/,npm,heta-compiler,193,0,1,1,9,0,338,,13,3,195,1,0.5066079295154184,0.0,0,0,"",0,0,0,0,0,0,push:13d release:338d commits:195 active_maint:0 closed:0 merged:0,https://science.ecosyste.ms/projects/1696
1661,A framework for generating interactive reports for cancer genome analysis,https://github.com/genomon-project/paplot,unknown,95.0,6.8416154764775925,0,Scientific Software,Peer-reviewed,JavaScript,Genomon-Project,Genomon Project,organization,,http://Genomon-Project.github.io/GenomonPagesR/,pypi,paplot,10,1,0,1,26,0,3170,,1275,3,0,0,0.050000000000000044,0.0,0,0,"",0,0,0,0,0,0,push:1275d release:3170d commits:0 active_maint:0 closed:0 merged:0,https://science.ecosyste.ms/projects/2948
1662,SeqTools,https://github.com/nlgranger/seqtools,unknown,93.0,8.832587702434555,0,Scientific Software,Peer-reviewed,Python,nlgranger,Nicolas Granger,user,,,"go,pypi","github.com/nlgranger/SeqTools,seqtools,github.com/nlgranger/seqtools",146,2,0,1,47,0,839,,839,1,0,0,0.0,0.0,1,0,"",0,0,0,0,0,0,push:839d release:839d commits:0 active_maint:0 closed:0 merged:0,https://science.ecosyste.ms/projects/2734
1663,sklearn-migrator: Cross-version migration of scikit-learn models for reproducible MLOps,https://github.com/anvaldes/sklearn-migrator,active,92.0,9.826876450164287,0,,,Python,anvaldes,Alberto Valdés,user,,,pypi,sklearn-migrator,324,0,0,1,12,0,83,,45,5,103,5,0.3739837398373984,0.2524271844660194,1,1,anvaldes,1,52,0,46,0,0,push:45d release:83d commits:103 active_maint:1 closed:46 merged:46,https://science.ecosyste.ms/projects/808550
1664,datashuttle: automated data management for experimental neuroscience,https://github.com/neuroinformatics-unit/datashuttle,active,89.0,12.82434001768588,0,,,Python,neuroinformatics-unit,SWC/GCNU Neuroinformatics Unit,organization,,,pypi,datashuttle,259,0,0,2,36,0,134,,8,24,173,13,0.11298838437170011,0.22543352601156075,8,4,"JoeZiminski,cs7-shrey,adamltyson,lauraporta",19,46,6,28,0,0,push:8d release:134d commits:154 active_maint:4 closed:36 merged:28,https://science.ecosyste.ms/projects/809911
1665,xrdfit,https://github.com/lightform-group/xrdfit,dead,95.0,6.822197390620491,0,Scientific Software,Peer-reviewed,Jupyter Notebook,LightForm-group,LightForm,organization,,lightform.org.uk,pypi,xrdfit,32,1,0,1,9,0,1171,,1171,3,0,0,0.09589041095890416,0.0,2,0,"",1,0,0,0,0,0,push:1171d release:1171d commits:0 active_maint:0 closed:0 merged:0,https://science.ecosyste.ms/projects/2144
1666,HSImage,https://github.com/dtchuck/hsimage,unknown,95.0,6.79234442747081,0,Scientific Software,Peer-reviewed,C++,DTChuck,,user,,,pypi,hsi,31,1,0,1,9,0,3032,,2991,3,0,0,0.07272727272727275,0.0,0,0,"",0,0,0,0,0,0,push:2991d release:3032d commits:0 active_maint:0 closed:0 merged:0,https://science.ecosyste.ms/projects/2846
1667,Chi,https://github.com/davaug/chi,active,98.0,3.784189633918261,0,Scientific Software,Peer-reviewed,Python,DavAug,David Augustin,user,,davaug.github.io,,,0,,,,17,0,,,68,1,21,1,0.0,0.0,1,1,DavAug,0,2,0,1,0,0,push:68d commits:21 active_maint:1 closed:1 merged:1,https://science.ecosyste.ms/projects/836
1668,OpenDrop,https://github.com/jdber1/opendrop,dormant,95.0,6.779921907472252,0,Scientific Software,Peer-reviewed,Python,jdber1,,user,,,,,0,,,,48,0,,,169,16,0,0,0.16320166320166318,0.0,5,0,"",7,9,0,0,0,0,push:169d commits:0 active_maint:0 closed:3 merged:0,https://science.ecosyste.ms/projects/1973
1669,OPSDN,https://github.com/zacharyjia/opsdn,unknown,95.0,6.7661917146603505,0,Scientific Software,Peer-reviewed,Python,ZacharyJia,Zachary Jia,user,,,pypi,opsdnpy,6,0,0,1,60,0,1434,,1240,2,0,0,0.09999999999999998,0.0,1,0,"",0,0,0,0,0,0,push:1240d release:1434d commits:0 active_maint:0 closed:0 merged:0,https://science.ecosyste.ms/projects/1215
1670,GB code,https://github.com/oekosheri/gb_code,unknown,93.0,8.764053269347762,0,Scientific Software,Peer-reviewed,Python,oekosheri,,user,rwth aachen university,,"conda,pypi",gb-code,38,1,0,1,87,0,2064,,1052,2,0,0,0.010101010101010055,0.0,0,0,"",0,0,0,0,0,0,push:1052d release:2064d commits:0 active_maint:0 closed:0 merged:0,https://science.ecosyste.ms/projects/2765
1671,Ipyannotator,https://github.com/palaimon/ipyannotator,unknown,93.0,8.759354748566208,0,Scientific Software,Peer-reviewed,Jupyter Notebook,palaimon,Palaimon,organization,,palaimon.io,pypi,ipyannotator,24,1,0,1,36,0,1436,,1252,5,0,0,0.6888888888888889,0.0,2,0,"",0,0,0,0,0,0,push:1252d release:1436d commits:0 active_maint:0 closed:0 merged:0,https://science.ecosyste.ms/projects/1426
1672,Analytic continuation component of the GreenX library,https://github.com/nomad-coe/greenx,active,95.0,6.756932389247553,0,Scientific Software,Peer-reviewed,Fortran,nomad-coe,NOMAD CoE and Laboratory,organization,,https://nomad-lab.eu/,,,0,,,,28,0,,,105,22,13,4,0.8436873747494991,0.6153846153846154,4,1,moritzleucke,1,7,1,4,0,0,push:105d commits:13 active_maint:1 closed:6 merged:4,https://science.ecosyste.ms/projects/163
1673,bistablehistory,https://github.com/alexander-pastukhov/bistablehistory,dormant,95.0,6.754604099487962,0,Scientific Software,Peer-reviewed,C++,alexander-pastukhov,Alexander (Sasha) Pastukhov,user,Otto-Friedrich-Universität Bamberg,https://alexander-pastukhov.github.io/,cran,bistablehistory,285,0,0,1,0,0,1051,,141,3,4,1,0.022058823529411797,0.0,0,0,"",2,0,1,0,0,0,push:141d release:1051d commits:4 active_maint:0 closed:1 merged:0,https://science.ecosyste.ms/projects/1597
1674,svFSI,https://github.com/simvascular/svfsi,dead,95.0,6.747586526829316,0,Scientific Software,Peer-reviewed,Fortran,SimVascular,SimVascular,organization,,,,,0,,,,48,0,,,1016,12,0,0,0.2315789473684211,0.0,3,0,"",2,0,0,0,0,0,push:1016d commits:0 active_maint:0 closed:0 merged:0,https://science.ecosyste.ms/projects/1379
1675,SyntheticEddyMethod.jl,https://github.com/carlodev/syntheticeddymethod.jl,dormant,98.0,3.737669618283368,0,Scientific Software,Peer-reviewed,Julia,carlodev,,user,,,julia,SyntheticEddyMethod,0,0,0,0,5,0,575,,556,3,0,0,0.02487562189054726,0.0,1,0,"",1,0,1,0,0,0,push:556d release:575d commits:0 active_maint:0 closed:1 merged:0,https://science.ecosyste.ms/projects/1057
1676,Equilipy,https://github.com/ornl/equilipy,active,98.0,3.7376696182833684,0,Scientific Software,Peer-reviewed,Python,ORNL,Oak Ridge National Laboratory,organization,,http://software.ornl.gov,,,0,,,,29,0,,,10,2,21,1,0.03508771929824561,0.0,2,0,"",1,0,0,0,0,0,push:10d commits:21 active_maint:0 closed:0 merged:0,https://science.ecosyste.ms/projects/561
1677,modeLLtest,https://github.com/shanascogin/modelltest,dormant,93.0,8.734560089952993,0,Scientific Software,Peer-reviewed,R,ShanaScogin,Shana Scogin,user,University of Notre Dame,https://shanascogin.com/,cran,modeLLtest,238,0,0,1,9,0,1547,,291,2,3,1,0.003937007874015741,0.0,1,1,ShanaScogin,1,0,1,0,0,0,push:291d release:1547d commits:3 active_maint:1 closed:1 merged:0,https://science.ecosyste.ms/projects/2465
1678,Vlasiator.jl,https://github.com/henry2004y/vlasiator.jl,active,95.0,6.733401891837359,0,Scientific Software,Peer-reviewed,Julia,henry2004y,Hongyang Zhou,user,,,julia,"Vlasiator,VlasiatorPyPlot",0,0,2,0,6,0,363,,31,5,14,2,0.022450888681010306,0.3571428571428571,1,1,henry2004y,1,15,0,14,0,0,push:31d release:363d commits:5 active_maint:1 closed:14 merged:14,https://science.ecosyste.ms/projects/1192
1679,ChainConsumer,https://github.com/samreay/chainconsumer,active,95.0,6.729824070489476,0,Scientific Software,Peer-reviewed,Python,Samreay,Samuel Hinton,user,,cosmiccoding.com.au,,,0,,,,91,0,,,115,10,81,4,0.16349809885931554,0.5308641975308642,2,1,renecotyfanboy,3,24,3,8,0,0,push:115d commits:43 active_maint:1 closed:21 merged:8,https://science.ecosyste.ms/projects/3112
1680,PySHbundle: A Python tool for processing GRACE gravimetry data into global surface mass change datasets,https://github.com/gess-research-group/pyshbundle,active,92.0,9.719083829537848,0,,,Python,GESS-research-group,GESS research group,organization,,,pypi,pyshbundle,97,0,0,2,20,0,117,,61,9,56,3,0.6073968705547652,0.0714285714285714,2,0,"",2,1,1,1,0,0,push:61d release:117d commits:56 active_maint:0 closed:2 merged:1,https://science.ecosyste.ms/projects/809049
1681,Mayawaves,https://github.com/mayawaves/mayawaves,dormant,95.0,6.71901315438526,0,Scientific Software,Peer-reviewed,Python,MayaWaves,MayaWaves,organization,,,pypi,mayawaves,22,0,0,1,13,0,826,,224,4,3,2,0.1875,0.33333333333333337,0,0,"",0,13,0,10,0,0,push:224d release:826d commits:3 active_maint:0 closed:10 merged:10,https://science.ecosyste.ms/projects/638
1682,phyphy,https://github.com/sjspielman/phyphy,dead,95.0,6.70808408385307,0,Scientific Software,Peer-reviewed,Python,sjspielman,Stephanie,user,@AlexsLemonade ,https://sjspielman.github.io,pypi,phyphy,11,1,0,1,21,1,2816,,1696,3,0,0,0.20353982300884954,0.0,1,0,"",0,0,0,0,0,0,archived push:1696d release:2816d commits:0 active_maint:0 closed:0 merged:0,https://science.ecosyste.ms/projects/2931
1683,vSmartMOM.jl,https://github.com/remotesensingtools/vsmartmom.jl,active,95.0,6.70808408385307,0,Scientific Software,Peer-reviewed,Julia,RemoteSensingTools,RemoteSensingTools,organization,,,julia,vSmartMOM,0,0,0,0,58,0,606,,7,14,340,3,0.5564516129032258,0.16176470588235292,5,2,"cfranken,sunitisanghavi",1,40,0,3,0,0,push:7d release:606d commits:339 active_maint:2 closed:30 merged:3,https://science.ecosyste.ms/projects/1312
1684,QMKPy,https://github.com/klb2/qmkpy,unknown,95.0,6.704414354964107,0,Scientific Software,Peer-reviewed,Python,klb2,Karl-Ludwig Besser,user,Princeton University,https://klb2.gitlab.io,pypi,qmkpy,31,2,0,1,8,0,1373,,1213,3,0,0,0.01834862385321101,0.0,0,0,"",0,0,0,0,0,0,push:1213d release:1373d commits:0 active_maint:0 closed:0 merged:0,https://science.ecosyste.ms/projects/1357
1685,MarSwitching.jl,https://github.com/m-dadej/marswitching.jl,dead,98.0,3.6888794541139363,0,Scientific Software,Peer-reviewed,Julia,m-dadej,Mateusz Dadej,user,University of Brescia,,julia,MarSwitching,0,0,0,0,43,0,789,,728,1,0,0,0.0,0.0,1,0,"",1,0,0,0,0,0,push:728d release:789d commits:0 active_maint:0 closed:0 merged:0,https://science.ecosyste.ms/projects/639
1686,DetectorChecker,https://github.com/alan-turing-institute/detectorchecker,dead,98.0,3.688879454113936,0,Scientific Software,Peer-reviewed,HTML,alan-turing-institute,The Alan Turing Institute,organization,,https://turing.ac.uk,,,0,,,,0,1,,,499,8,0,0,0.5857988165680473,0.0,3,0,"",0,0,0,0,0,0,archived push:499d commits:0 active_maint:0 closed:0 merged:0,https://science.ecosyste.ms/projects/2016
1687,BioProv - A provenance library for bioinformatics workflows,https://github.com/vinisalazar/bioprov,dead,93.0,8.688790784847216,0,Scientific Software,Peer-reviewed,Python,vinisalazar,Vini Salazar,user,,,pypi,bioprov,210,1,0,1,14,1,1745,,58,2,1,1,0.06539509536784738,0.0,1,0,"",0,0,0,0,0,0,archived push:58d release:1745d commits:1 active_maint:0 closed:0 merged:0,https://science.ecosyste.ms/projects/1699
1688,R3D2,https://github.com/harpolea/r3d2,unknown,95.0,6.684611727667927,0,Scientific Software,Peer-reviewed,Jupyter Notebook,harpolea,Alice Harpole,user,Stony Brook University,http://harpolea.github.io/,pypi,r3d2,22,2,0,1,6,0,3737,,2527,4,0,0,0.32380952380952377,0.0,2,0,"",0,0,0,0,0,0,push:2527d release:3737d commits:0 active_maint:0 closed:0 merged:0,https://science.ecosyste.ms/projects/3128
1689,gym-saturation,https://github.com/inpefess/gym-saturation,dead,93.0,8.68270762989381,0,Scientific Software,Peer-reviewed,TeX,inpefess,Boris Shminke,user,Expleo,https://boris.shminke.com,"pypi,conda",gym-saturation,116,1,0,1,24,1,411,,217,2,9,1,0.2332317073170732,0.0,1,1,inpefess,0,14,0,12,0,0,archived push:217d release:411d commits:9 active_maint:1 closed:12 merged:12,https://science.ecosyste.ms/projects/1592
1690,CarrierCapture.jl,https://github.com/wmd-group/carriercapture.jl,dormant,95.0,6.682108597449808,0,Scientific Software,Peer-reviewed,Jupyter Notebook,WMD-group,Materials Design Group,organization,,https://wmd-group.github.io,,,0,,,,58,0,,,98,14,5,1,0.6753246753246753,0.0,2,0,"",1,1,1,0,0,0,push:98d commits:5 active_maint:0 closed:1 merged:0,https://science.ecosyste.ms/projects/2278
1691,DE-Sim,https://github.com/karrlab/de_sim,unknown,93.0,8.674196940225903,0,Scientific Software,Peer-reviewed,Python,KarrLab,Karr whole-cell modeling lab,organization,,https://www.karrlab.org,pypi,de-sim,36,1,0,2,35,0,2083,,2051,3,0,0,0.20842572062084253,0.0,1,0,"",0,0,0,0,0,0,push:2051d release:2083d commits:0 active_maint:0 closed:0 merged:0,https://science.ecosyste.ms/projects/2050
1692,nnde,https://github.com/elwinter/nnde,unknown,95.0,6.664409020350408,0,Scientific Software,Peer-reviewed,Python,elwinter,Eric Winter,user,Johns Hopkins University Applied Physics Laboratory,,pypi,nnde,12,1,0,1,7,0,1957,,1627,7,0,0,0.5470383275261324,0.0,2,0,"",0,0,0,0,0,0,push:1627d release:1957d commits:0 active_maint:0 closed:0 merged:0,https://science.ecosyste.ms/projects/1602
1693,ecodive: Parallel and Memory-Efficient R Package for Ecological Diversity Analysis,https://github.com/cmmr/ecodive,active,92.0,9.659248037927183,0,,,R,cmmr,Alkek Center for Metagenomics and Microbiome Research,organization,,https://www.bcm.edu/departments/molecular-virology-and-microbiology/cmmr/,"guix,cran","r-ecodive,ecodive",2610,0,0,1,6,0,62,,63,1,212,1,0.0,0.0,0,0,"",14,0,10,0,0,0,push:63d release:62d commits:212 active_maint:0 closed:10 merged:0,https://science.ecosyste.ms/projects/809048
1694,PyCurious,https://github.com/brmather/pycurious,active,93.0,8.658692753689937,0,Scientific Software,Peer-reviewed,Python,brmather,Ben Mather,user,University of Sydney,https://www.benmather.info,pypi,pycurious,14,1,0,1,46,0,2342,,6,10,27,2,0.26073619631901845,0.03703703703703709,1,1,brmather,1,1,1,1,0,0,push:6d release:2342d commits:27 active_maint:1 closed:2 merged:1,https://science.ecosyste.ms/projects/2497
1695,"CatLLM: A Python package for Generating, Assigning, and Scoring Open-Ended Survey Data and Images",https://github.com/chrissoria/cat-llm,active,92.0,9.644716823578767,0,,,HTML,chrissoria,Christopher Soria ,user,,,pypi,cat-llm,964,0,0,1,9,0,133,,19,2,244,2,0.032727272727272716,0.03688524590163933,0,0,"",1,0,1,0,0,0,push:19d release:133d commits:244 active_maint:0 closed:1 merged:0,https://science.ecosyste.ms/projects/808535
1696,pySBeLT,https://github.com/szwiep/py_sbelt,unknown,95.0,6.643789733147672,0,Scientific Software,Peer-reviewed,Python,szwiep,Sarah Zwiep,user,Simon Fraser University,,pypi,sbelt,22,1,0,1,9,0,1593,,1518,4,0,0,0.5012531328320802,0.0,2,0,"",0,0,0,0,0,0,push:1518d release:1593d commits:0 active_maint:0 closed:0 merged:0,https://science.ecosyste.ms/projects/1495
1697,Lightshow,https://github.com/ai-multimodal/lightshow,dormant,95.0,6.643789733147672,0,Scientific Software,Peer-reviewed,Python,AI-multimodal,AI-multimodal,organization,,,,,0,,,,17,0,,,185,24,0,0,0.5031210986267166,0.0,5,1,xhqu1981,0,14,0,2,0,0,push:185d commits:0 active_maint:1 closed:7 merged:2,https://science.ecosyste.ms/projects/1051
1698,Mallob,https://github.com/domschrei/mallob,active,95.0,6.633318433280377,0,Scientific Software,Peer-reviewed,C++,domschrei,Dominik Schreiber,user,Karlsruhe Institute of Technology,https://www.dominikschreiber.de,,,0,,,,91,0,,,37,10,97,2,0.05315110098709186,0.4639175257731959,2,0,"",6,4,3,2,0,0,push:37d commits:97 active_maint:0 closed:6 merged:2,https://science.ecosyste.ms/projects/1442
1699,PYCV,https://github.com/giorginolab/plumed2-pycv,dead,95.0,6.628041376179533,0,Scientific Software,Peer-reviewed,C++,giorginolab,Giorgino Laboratory,organization,,www.giorginolab.it,,,0,,,,9,1,,,197,84,0,0,0.531236104935527,0.0,0,0,"",2,0,1,0,0,0,archived push:197d commits:0 active_maint:0 closed:1 merged:0,https://science.ecosyste.ms/projects/2426
1700,VAST,https://github.com/desi-ur/vast,active,95.0,6.625392368007956,0,Scientific Software,Peer-reviewed,Jupyter Notebook,DESI-UR,DESI-UR,organization,,,,,0,,,,13,0,,,10,27,13,4,0.704635761589404,0.6923076923076923,3,3,"QuiteAFoxtrot,kadglass,sybenzvi",7,11,0,5,0,0,push:10d commits:13 active_maint:3 closed:5 merged:5,https://science.ecosyste.ms/projects/1391
1701,coronagraph,https://github.com/jlustigy/coronagraph,active,95.0,6.620073206530356,0,Scientific Software,Peer-reviewed,Python,jlustigy,Jacob Lustig-Yaeger,user,Johns Hopkins University Applied Physics Laboratory,https://jlustigy.github.io/,pypi,coronagraph,23,1,0,1,6,0,3060,,162,4,12,1,0.06374501992031878,0.0,2,0,"",1,1,1,1,0,0,push:162d release:3060d commits:12 active_maint:0 closed:2 merged:1,https://science.ecosyste.ms/projects/2472
1702,graynet,https://github.com/raamana/graynet,active,93.0,8.618846845142738,0,Scientific Software,Peer-reviewed,Jupyter Notebook,raamana,Pradeep Reddy Raamana,user,University of Pittsburgh,crossinvalidation.com,pypi,graynet,39,1,0,1,38,0,1220,,117,3,43,1,0.2588235294117647,0.0,1,0,"",1,0,0,0,0,0,push:117d release:1220d commits:43 active_maint:0 closed:0 merged:0,https://science.ecosyste.ms/projects/2760
1703,ivy,https://github.com/tum-esm/ivy,active,100.0,1.6094379124341003,0,,,Python,tum-esm,TUM - Environmental Sensing and Modeling,organization,,https://www.ei.tum.de/esm,,,0,,,,5,0,,,298,3,57,3,0.005115089514066473,0.03508771929824561,1,1,dostuffthatmatters,8,2,4,2,0,0,push:298d commits:57 active_maint:1 closed:6 merged:2,https://science.ecosyste.ms/projects/35131
1704,AutoClassWrapper,https://github.com/pierrepo/autoclasswrapper,unknown,93.0,8.600062669238532,0,Scientific Software,Peer-reviewed,Jupyter Notebook,pierrepo,Pierre Poulain,user,,cupnet.net,pypi,autoclasswrapper,192,1,0,1,3,0,2570,,2562,4,0,0,0.010101010101010055,0.0,1,0,"",0,0,0,0,0,0,push:2562d release:2570d commits:0 active_maint:0 closed:0 merged:0,https://science.ecosyste.ms/projects/2499
1705,BART-Survival,https://github.com/cdcgov/bart-survival,dead,93.0,8.584103896698865,0,Scientific Software,Peer-reviewed,Jupyter Notebook,CDCgov,Centers for Disease Control and Prevention,organization,,http://open.cdc.gov/,pypi,bart-survival,197,0,0,1,9,0,757,,24,3,0,0,0.06870229007633588,0.0,1,0,"",0,3,0,0,0,0,push:24d release:757d commits:0 active_maint:0 closed:0 merged:0,https://science.ecosyste.ms/projects/306
1706,webweb,https://github.com/dblarremore/webweb,unknown,95.0,6.580639137284949,0,Scientific Software,Peer-reviewed,JavaScript,dblarremore,Daniel Larremore,user,University of Colorado Boulder,https://larremorelab.github.io/,,,0,,,,84,0,,,1409,7,0,0,0.321969696969697,0.0,2,0,"",0,0,0,0,0,0,push:1409d commits:0 active_maint:0 closed:0 merged:0,https://science.ecosyste.ms/projects/2483
1707,NuclearToolkit.jl,https://github.com/sotayoshida/nucleartoolkit.jl,dormant,95.0,6.579251212010101,0,Scientific Software,Peer-reviewed,Julia,SotaYoshida,,user,Utsunomiya University,https://sites.google.com/view/syoshidant,julia,NuclearToolkit,0,0,0,0,36,0,424,,9,4,3,2,0.04914529914529919,0.33333333333333337,1,1,SotaYoshida,1,3,0,1,0,0,push:9d release:424d commits:3 active_maint:1 closed:1 merged:1,https://science.ecosyste.ms/projects/1328
1708,pymovements,https://github.com/aeye-lab/pymovements,active,85.0,16.574116981883513,0,,,Python,aeye-lab,AEye ,organization,,https://www.uni-potsdam.de/en/cs-ml/aeye,pypi,pymovements,3110,1,0,1,110,0,336,,329,44,293,26,0.5085714285714286,0.6006825938566553,23,12,"cbueth,bujkani,jewelsg,saeub,sasogr,shaitarAn,kasprowski,stremoka,bernhardangele,MirceaMM,SiQube,theDebbister",111,258,38,154,0,0,push:329d release:336d commits:256 active_maint:12 closed:207 merged:154,https://science.ecosyste.ms/projects/59820
1709,multiqc,https://github.com/multiqc/multiqc,active,77.0,24.563276778165864,0,,,JavaScript,MultiQC,MultiQC,organization,,https://multiqc.info,pypi,"multiqc,multiqc-vlad",21833,74,7,1,1480,0,343,,6,294,260,40,0.5589198036006546,0.5692307692307692,5,2,"vladsavelyev,ewels",26,63,10,24,0,0,push:6d release:343d commits:258 active_maint:2 closed:36 merged:24,https://science.ecosyste.ms/projects/55506
1710,X.509-Compliant Hybrid Certificates for the Post-Quantum Transition,https://github.com/crossingtud/bc-hybrid-certificates,unknown,98.0,3.5553480614894135,0,Scientific Software,Peer-reviewed,Java,CROSSINGTUD,CROSSING,organization,,https://www.crossing.tu-darmstadt.de/en/crossing/?no_cache=1,,,0,,,,7,0,,,2071,5,0,0,0.2857142857142857,0.0,0,0,"",0,0,0,0,0,0,push:2071d commits:0 active_maint:0 closed:0 merged:0,https://science.ecosyste.ms/projects/2486
1711,CancerSim,https://github.com/mpievolbio-scicomp/cancer_sim,unknown,98.0,3.5553480614894135,0,Scientific Software,Peer-reviewed,Python,mpievolbio-scicomp,Scientific Computing @ Max-Planck-Institute for Evolutionary Biology,organization,,https://www.evolbio.mpg.de/scicomp,,,0,,,,7,0,,,2135,5,0,0,0.5043103448275862,0.0,0,0,"",0,0,0,0,0,0,push:2135d commits:0 active_maint:0 closed:0 merged:0,https://science.ecosyste.ms/projects/2121
1712,pyscses,https://github.com/bjmorgan/pyscses,unknown,95.0,6.553933404025811,0,Scientific Software,Peer-reviewed,Jupyter Notebook,bjmorgan,Benjamin Morgan,user,University of Bath,,pypi,pyscses,11,1,0,1,10,0,2689,,1842,6,0,0,0.45776566757493187,0.0,3,0,"",0,0,0,0,0,0,push:1842d release:2689d commits:0 active_maint:0 closed:0 merged:0,https://science.ecosyste.ms/projects/2627
1713,MITgcm.jl,https://github.com/gaelforget/mitgcm.jl,active,95.0,6.553933404025811,0,Scientific Software,Peer-reviewed,Julia,gaelforget,Gael Forget,user,MIT (Massachusetts Institute of Technology),http://gaelforget.net/,"go,julia","github.com/gaelforget/MITgcm.jl,github.com/gaelforget/mitgcm.jl,MITgcm",0,0,0,0,38,0,455,,115,7,95,2,0.05030487804878048,0.21052631578947367,1,1,gaelforget,0,30,0,25,0,0,push:115d release:455d commits:95 active_maint:1 closed:26 merged:25,https://science.ecosyste.ms/projects/438
1714,pysr3,https://github.com/aksholokhov/pysr3,unknown,95.0,6.553933404025811,0,Scientific Software,Peer-reviewed,Python,aksholokhov,Aleksei Sholokhov,user,University of Washington,aksholokhov.github.io,pypi,pysr3,16,1,0,1,13,0,1199,,1147,3,0,0,0.021390374331550777,0.0,1,0,"",0,0,0,0,0,0,push:1147d release:1199d commits:0 active_maint:0 closed:0 merged:0,https://science.ecosyste.ms/projects/1160
1715,Gillespie.jl: Stochastic Simulation Algorithm in Julia,https://github.com/sdwfrost/gillespie.jl,dormant,95.0,6.551080335043405,0,,,Jupyter Notebook,sdwfrost,Simon Frost,user,Microsoft,http://microsoft.com/premonition,,,0,,,,67,0,,,156,10,2,1,0.15517241379310343,0.0,1,0,"",1,0,1,0,0,0,push:156d commits:2 active_maint:0 closed:1 merged:0,https://science.ecosyste.ms/projects/374064
1716,RadGEEToolbox: Streamlined Multispectral &amp; SAR Analysis for Google Earth Engine,https://github.com/radwinskis/radgeetoolbox,active,93.0,8.53934599605737,0,,,Python,radwinskis,Mark Radwin,user,University of Utah,markradwin.com,"go,pypi","github.com/radwinskis/radgeetoolbox,radgeetoolbox,github.com/radwinskis/RadGEEToolbox",212,0,0,1,11,0,339,,175,2,40,2,0.2195121951219512,0.44999999999999996,0,0,"",5,0,5,0,0,0,push:175d release:339d commits:40 active_maint:0 closed:5 merged:0,https://science.ecosyste.ms/projects/373751
1717,Mandyoc,https://github.com/ggciag/mandyoc,active,95.0,6.536691597591306,0,Scientific Software,Peer-reviewed,C++,,,,,,,,0,,,,39,0,,,31,17,20,4,0.7251184834123223,0.25,3,2,"rafaelmds,victorsacek",7,17,3,11,0,0,push:31d commits:20 active_maint:2 closed:15 merged:11,https://science.ecosyste.ms/projects/1561
1718,AXITOM,https://github.com/polymerguy/axitom,unknown,95.0,6.52795791762255,0,Scientific Software,Peer-reviewed,Python,PolymerGuy,Sindre Nordmark Olufsen,user,"Centre for Advanced Structural Analysis (CASA), NTNU",,pypi,axitom,36,1,0,1,6,0,2497,,2485,3,0,0,0.015748031496062964,0.0,1,0,"",0,0,0,0,0,0,push:2485d release:2497d commits:0 active_maint:0 closed:0 merged:0,https://science.ecosyste.ms/projects/2428
1719,fastPLI,https://github.com/3d-pli/fastpli,unknown,98.0,3.5263605246161616,0,Scientific Software,Peer-reviewed,Python,3d-pli,3D-PLI,organization,,https://www.fz-juelich.de/inm/inm-1/EN/Forschung/Fibre%20Architecture/Fibre%20Architecture_node.html,,,0,,,,15,0,,,883,2,0,0,0.004012036108325012,0.0,0,0,"",0,0,0,0,0,0,push:883d commits:0 active_maint:0 closed:0 merged:0,https://science.ecosyste.ms/projects/1905
1720,SiSyPHE,https://github.com/antoinediez/sisyphe,unknown,95.0,6.522092798170152,0,Scientific Software,Peer-reviewed,Python,antoinediez,Antoine Diez,user,Kyoto University,https://antoinediez.gitlab.io/,pypi,sisyphe,18,1,0,1,16,0,1006,,976,2,0,0,0.009708737864077666,0.0,0,0,"",0,0,0,0,0,0,push:976d release:1006d commits:0 active_maint:0 closed:0 merged:0,https://science.ecosyste.ms/projects/1751
1721,cuIBM,https://github.com/barbagroup/cuibm,unknown,95.0,6.520621127558696,0,Scientific Software,Peer-reviewed,Cuda,barbagroup,Barba group,organization,,http://lorenabarba.com,,,0,,,,94,0,,,1222,7,0,0,0.5161290322580645,0.0,2,0,"",0,0,0,0,0,0,push:1222d commits:0 active_maint:0 closed:0 merged:0,https://science.ecosyste.ms/projects/3013
1722,electiondata,https://github.com/electiondataanalysis/electiondata,unknown,95.0,6.51471269087253,0,Scientific Software,Peer-reviewed,Python,,,,,,,,0,,,,24,0,,,820,9,0,0,0.22564239828693788,0.0,0,0,"",0,0,0,0,0,0,push:820d commits:0 active_maint:0 closed:0 merged:0,https://science.ecosyste.ms/projects/1643
1723,surtvep,https://github.com/um-kevinhe/surtvep,dormant,95.0,6.51025834052315,0,Scientific Software,Peer-reviewed,C++,UM-KevinHe,UM-KevinHe,organization,,,cran,surtvep,167,0,0,1,1,0,1017,,233,4,1,1,0.3259668508287292,0.0,1,0,"",0,0,0,0,0,0,push:233d release:1017d commits:1 active_maint:0 closed:0 merged:0,https://science.ecosyste.ms/projects/621
1724,A Fast Iterative Method Python package,https://github.com/thomgrand/fim-python,dead,93.0,8.507142855562735,0,Scientific Software,Peer-reviewed,Python,thomgrand,Thomas G.,user,,,pypi,fim-python,223,1,0,1,13,0,836,,836,2,0,0,0.038461538461538436,0.0,2,0,"",1,0,0,0,0,0,push:836d release:836d commits:0 active_maint:0 closed:0 merged:0,https://science.ecosyste.ms/projects/1713
1725,PetIBM,https://github.com/barbagroup/petibm,unknown,95.0,6.501289670540389,0,Scientific Software,Peer-reviewed,C++,barbagroup,Barba group,organization,,http://lorenabarba.com,,,0,,,,118,0,,,1449,6,0,0,0.4409799554565702,0.0,2,0,"",0,0,0,0,0,0,push:1449d commits:0 active_maint:0 closed:0 merged:0,https://science.ecosyste.ms/projects/2843
1726,highs.native,https://github.com/ergo-code/highs,active,77.0,24.49452243401831,0,,,C++,ERGO-Code,ERGO-Code,organization,,,"go,nuget,pypi","github.com/ergo-code/highs,highs.native,github.com/ERGO-Code/HiGHS,highspy,github.com/ERGO-Code/highs",453836,2,13,1,1738,0,419,,6,120,2424,41,0.5722445695897023,0.7479372937293729,10,8,"jajhall,fwesselm,Opt-Mucca,BenChampion,odow,mathgeekcoder,svigerske,filikat",34,76,19,43,0,0,push:6d release:419d commits:2424 active_maint:8 closed:71 merged:43,https://science.ecosyste.ms/projects/59906
1727,QuantNBody,https://github.com/syalouz/quantnbody,dormant,93.0,8.468002947225466,0,Scientific Software,Peer-reviewed,Jupyter Notebook,SYalouz,Saad Yalouz,user,,https://www.saad-yalouz.com/,pypi,quantnbody,31,1,0,2,15,0,1358,,142,10,2,2,0.31443298969072164,0.5,2,1,grouaut,0,4,0,2,0,0,push:142d release:1358d commits:2 active_maint:1 closed:2 merged:2,https://science.ecosyste.ms/projects/1303
1728,JeFaPaTo - A joint toolbox for blinking analysis and facial features extraction,https://github.com/cvjena/jefapato,dormant,98.0,3.465735902799726,0,Scientific Software,Peer-reviewed,Python,cvjena,Computer Vision Group Jena,organization,,https://www.inf-cv.uni-jena.de/,,,0,,,,8,0,,,108,4,2,1,0.018320610687022953,0.0,1,0,"",1,0,0,0,0,0,push:108d commits:2 active_maint:0 closed:0 merged:0,https://science.ecosyste.ms/projects/717
1729,bbsAssistant,https://github.com/trashbirdecology/bbsassistant,unknown,95.0,6.45833828334479,0,Scientific Software,Peer-reviewed,R,trashbirdecology,Jessica Burnett,user,@nasa,,,,0,,,,33,0,,,1091,11,0,0,0.342327150084317,0.0,3,0,"",0,0,0,0,0,0,push:1091d commits:0 active_maint:0 closed:0 merged:0,https://science.ecosyste.ms/projects/2369
1730,polypy - Analysis Tools for Solid State Molecular Dynamics and Monte Carlo Trajectories,https://github.com/symmy596/polypy,unknown,95.0,6.436150368369428,0,Scientific Software,Peer-reviewed,Python,symmy596,Adam Symington,user,Fraym,www.pythonmaps.com,pypi,polypy,24,1,0,1,14,0,2013,,1974,2,0,0,0.002941176470588225,0.0,1,0,"",0,0,0,0,0,0,push:1974d release:2013d commits:0 active_maint:0 closed:0 merged:0,https://science.ecosyste.ms/projects/1962
1731,POSSA,https://github.com/gasparl/possa,active,93.0,8.422882511944996,0,Scientific Software,Peer-reviewed,HTML,gasparl,Gaspar Lukacs,user,,https://gasparl.github.io/,cran,POSSA,324,0,0,1,1,0,343,,343,2,4,1,0.033333333333333326,0.0,1,0,"",0,0,0,0,0,0,push:343d release:343d commits:4 active_maint:0 closed:0 merged:0,https://science.ecosyste.ms/projects/1417
1732,lhorizon,https://github.com/millionconcepts/lhorizon,dormant,95.0,6.416732282512326,0,Scientific Software,Peer-reviewed,Python,MillionConcepts,Million Concepts,organization,,www.millionconcepts.com,"conda,pypi",lhorizon,15,1,0,1,6,0,535,,263,6,2,1,0.07222222222222219,0.0,0,0,"",0,0,0,0,0,0,push:263d release:535d commits:2 active_maint:0 closed:0 merged:0,https://science.ecosyste.ms/projects/1767
1733,PxMCMC,https://github.com/auggiemarignier/pxmcmc,unknown,95.0,6.416732282512326,0,Scientific Software,Peer-reviewed,Python,auggiemarignier,,user,,,pypi,pxmcmc,15,1,0,1,9,0,1026,,1026,4,0,0,0.12606837606837606,0.0,1,0,"",0,0,0,0,0,0,push:1026d release:1026d commits:0 active_maint:0 closed:0 merged:0,https://science.ecosyste.ms/projects/1053
1734,tacmagic,https://github.com/ropensci/tacmagic,unknown,93.0,8.415160465851086,0,Scientific Software,Peer-reviewed,R,ropensci,rOpenSci,organization,,https://ropensci.org/,cran,tacmagic,214,0,0,1,6,0,2059,,1074,3,0,0,0.01224489795918371,0.0,2,0,"",0,0,0,0,0,0,push:1074d release:2059d commits:0 active_maint:0 closed:0 merged:0,https://science.ecosyste.ms/projects/2643
1735,CoralP,https://github.com/phanstiellab/coralp,unknown,98.0,3.401197381662156,0,Scientific Software,Peer-reviewed,R,PhanstielLab,The Phanstiel Lab,organization,,http://phanstiel-lab.med.unc.edu/,,,0,,,,2,0,,,1816,10,0,0,0.5822784810126582,0.0,0,0,"",0,0,0,0,0,0,push:1816d commits:0 active_maint:0 closed:0 merged:0,https://science.ecosyste.ms/projects/2371
1736,GLUE Code,https://github.com/lanl/glue,unknown,98.0,3.401197381662156,0,Scientific Software,Peer-reviewed,Python,lanl,Los Alamos National Laboratory,organization,,https://www.lanl.gov/,,,0,,,,3,0,,,715,10,0,0,0.1551020408163265,0.0,1,0,"",0,0,0,0,0,0,push:715d commits:0 active_maint:0 closed:0 merged:0,https://science.ecosyste.ms/projects/1290
1737,SCAS dashboard,https://github.com/bioinformatics-munich/scas_dashboard,unknown,98.0,3.401197381662156,0,Scientific Software,Peer-reviewed,R,Bioinformatics-Munich,Bioinformatics platform,organization,,https://www.helmholtz-munich.de/en/core-facility-overview/genomics/bioinformatics,,,0,,,,11,0,,,811,3,0,0,0.15000000000000002,0.0,0,0,"",0,0,0,0,0,0,push:811d commits:0 active_maint:0 closed:0 merged:0,https://science.ecosyste.ms/projects/705
1738,flory,https://github.com/qiangyicheng/flory,dormant,95.0,6.396929655216146,0,Scientific Software,Peer-reviewed,Python,qiangyicheng,Yicheng QIang (强 宜澄),user,,,pypi,flory,24,0,0,1,11,0,534,,55,2,4,1,0.16153846153846152,0.0,2,1,david-zwicker,0,4,0,3,0,0,push:55d release:534d commits:4 active_maint:1 closed:3 merged:3,https://science.ecosyste.ms/projects/260
1739,D3mirt,https://github.com/forsbergpyschometrics/d3mirt,dormant,93.0,8.391629968440892,0,Scientific Software,Peer-reviewed,R,ForsbergPyschometrics,Erik Forsberg,user,Stockholm University,,cran,D3mirt,244,0,0,1,2,0,768,,523,3,8,2,0.22251655629139078,0.125,1,1,ForsbergPsychometrics,1,0,1,0,0,0,push:523d release:768d commits:8 active_maint:1 closed:1 merged:0,https://science.ecosyste.ms/projects/598
1740,dms-view,https://github.com/dms-view/dms-view.github.io,unknown,95.0,6.38856140554563,0,Scientific Software,Peer-reviewed,JavaScript,dms-view,dms-view,organization,,dms-view.github.io,,,0,,,,10,0,,,2173,17,0,0,0.42162162162162165,0.0,2,0,"",0,0,0,0,0,0,push:2173d commits:0 active_maint:0 closed:0 merged:0,https://science.ecosyste.ms/projects/2164
1741,aweSOM,https://github.com/tvh0021/awesom,dormant,100.0,1.3862943611198906,0,Scientific Software,Peer-reviewed,Python,tvh0021,Trung Ha,user,,,,,0,,,,5,0,,,482,1,0,0,0.0,0.0,0,0,"",4,0,3,0,0,0,push:482d commits:0 active_maint:0 closed:3 merged:0,https://science.ecosyste.ms/projects/224
1742,PlanktonIndividuals.jl,https://github.com/juliaocean/planktonindividuals.jl,active,95.0,6.3835066348840055,0,Scientific Software,Peer-reviewed,Julia,JuliaOcean,JuliaOcean,organization,,,julia,PlanktonIndividuals,0,0,0,0,32,0,493,,2,5,45,2,0.06713426853707416,0.06666666666666665,3,2,"zhenwu0728,DR-ignite",0,10,0,5,0,0,push:2d release:493d commits:45 active_maint:2 closed:8 merged:5,https://science.ecosyste.ms/projects/1522
1743,FAME-Io,https://gitlab.com/fame-framework/fame-io,active,89.0,12.381407351024562,0,Scientific Software,Peer-reviewed,,,,,,,pypi,fameio,673,3,2,1,4,0,370,,,15,191,6,0.3867502238137869,0.3036649214659686,0,0,"",,,,,0,0,release:370d commits:191 active_maint:0 closed:0 merged:0,https://science.ecosyste.ms/projects/1177
1744,xpecgen,https://github.com/dih5/xpecgen,dormant,93.0,8.38022733634308,0,Scientific Software,Peer-reviewed,Python,Dih5,Guillermo Hernández,user,Universidad de Salamanca,,pypi,xpecgen,108,0,0,1,18,0,3123,,39,3,3,2,0.02400000000000002,0.33333333333333337,1,0,"",0,1,0,1,0,0,push:39d release:3123d commits:3 active_maint:0 closed:1 merged:1,https://science.ecosyste.ms/projects/3092
1745,4DModeller,https://github.com/4dmodeller/fdmr,dormant,95.0,6.376726947898627,0,Scientific Software,Peer-reviewed,R,4DModeller,4DModeller,organization,,,,,0,,,,18,0,,,526,14,0,0,0.3413848631239935,0.0,1,0,"",6,17,6,16,0,0,push:526d commits:0 active_maint:0 closed:22 merged:16,https://science.ecosyste.ms/projects/279
1746,scikit-hubness,https://github.com/varir/scikit-hubness,dead,93.0,8.371010681238156,0,Scientific Software,Peer-reviewed,Python,VarIr,Roman Feldbauer,user,@ProxygenTx,https://www.feldbauer.cc,pypi,scikit-hubness,33,2,0,1,46,0,2389,,790,2,0,0,0.0036363636363636598,0.0,1,0,"",1,0,0,0,0,0,push:790d release:2389d commits:0 active_maint:0 closed:0 merged:0,https://science.ecosyste.ms/projects/2331
1747,DoSOCS,https://github.com/dosocsv2/dosocsv2,unknown,95.0,6.356107660695891,0,Scientific Software,Peer-reviewed,Python,DoSOCSv2,DoSOCSv2,organization,,,,,0,,,,16,0,,,1325,16,0,0,0.19080068143100515,0.0,1,0,"",0,0,0,0,0,0,push:1325d commits:0 active_maint:0 closed:0 merged:0,https://science.ecosyste.ms/projects/3090
1748,Web-based text anonymization with Node.js,https://github.com/ben-aaron188/netanos,unknown,95.0,6.349138991379798,0,Scientific Software,Peer-reviewed,JavaScript,ben-aaron188,BKleinberg,user,,https://bkleinberg.net/,npm,netanos,9,1,1,2,10,0,3322,,2856,4,0,0,0.5357142857142857,0.0,1,0,"",0,0,0,0,0,0,push:2856d release:3322d commits:0 active_maint:0 closed:0 merged:0,https://science.ecosyste.ms/projects/3019
1749,QMix,https://github.com/garrettj403/qmix,dormant,95.0,6.349138991379798,0,Scientific Software,Peer-reviewed,Python,garrettj403,John Garrett,user,,,pypi,qmix,24,1,0,1,10,0,2212,,6,2,8,1,0.11726384364820852,0.0,0,0,"",1,0,1,0,0,0,push:6d release:2212d commits:8 active_maint:0 closed:1 merged:0,https://science.ecosyste.ms/projects/2625
1750,Eir,https://github.com/mjacob1002/eir,dormant,93.0,8.34283980427146,0,Scientific Software,Peer-reviewed,Python,mjacob1002,Mathew Jacob,user,,,pypi,eir,28,1,0,1,38,0,1875,,537,4,0,0,0.03581267217630857,0.0,1,0,"",0,2,0,2,0,0,push:537d release:1875d commits:0 active_maint:0 closed:2 merged:2,https://science.ecosyste.ms/projects/1862
1751,Thresholdmann,https://github.com/neuroanatomy/thresholdmann,dormant,98.0,3.332204510175204,0,Scientific Software,Peer-reviewed,JavaScript,neuroanatomy,Neuroanatomy,organization,,http://neuroanatomy.github.io,,,0,,,,4,0,,,184,4,1,1,0.4504504504504504,0.0,3,0,"",0,0,0,0,0,0,push:184d commits:1 active_maint:0 closed:0 merged:0,https://science.ecosyste.ms/projects/718
1752,Local clustering,https://github.com/volfpeter/localclustering,unknown,93.0,8.32845106681936,0,Scientific Software,Peer-reviewed,Python,volfpeter,Peter Volf,user,,https://volfp.com,pypi,localclustering,43,1,0,1,24,0,2353,,1285,4,0,0,0.25531914893617025,0.0,0,0,"",0,0,0,0,0,0,push:1285d release:2353d commits:0 active_maint:0 closed:0 merged:0,https://science.ecosyste.ms/projects/2757
1753,arcesetc,https://github.com/bmorris3/arcesetc,unknown,95.0,6.318968113746434,0,Scientific Software,Peer-reviewed,Jupyter Notebook,bmorris3,Brett M. Morris,user,@SpaceTelescope,http://brettmorr.is,pypi,arcesetc,35,1,0,1,5,0,1095,,1095,3,0,0,0.06153846153846154,0.0,2,0,"",0,0,0,0,0,0,push:1095d release:1095d commits:0 active_maint:0 closed:0 merged:0,https://science.ecosyste.ms/projects/2657
1754,PRDA,https://github.com/claudiozandonella/prda,dormant,93.0,8.306472160100585,0,Scientific Software,Peer-reviewed,R,ClaudioZandonella,Claudio Zandonella Callegher,user,Eurac Research Institute for Renewable Energy,https://claudiozandonella.netlify.app/,cran,PRDA,224,0,0,1,6,0,2060,,269,3,4,1,0.11032028469750887,0.0,1,0,"",0,0,0,0,0,0,push:269d release:2060d commits:4 active_maint:0 closed:0 merged:0,https://science.ecosyste.ms/projects/1975
1755,aesop,https://github.com/bmorris3/aesop,dead,95.0,6.29156913955832,0,Scientific Software,Peer-reviewed,Jupyter Notebook,bmorris3,Brett M. Morris,user,@SpaceTelescope,http://brettmorr.is,pypi,aesop-arces,17,0,0,1,3,0,489,,489,3,0,0,0.1630434782608695,0.0,2,0,"",1,1,0,0,0,0,push:489d release:489d commits:0 active_maint:0 closed:0 merged:0,https://science.ecosyste.ms/projects/2787
1756,HOOMD-TF,https://github.com/ur-whitelab/hoomd-tf,unknown,95.0,6.278521424165845,0,Scientific Software,Peer-reviewed,Python,ur-whitelab,White Laboratory,organization,,http://thewhitelab.org,,,0,,,,33,0,,,726,13,0,0,0.26559714795008915,0.0,3,0,"",0,0,0,0,0,0,push:726d commits:0 active_maint:0 closed:0 merged:0,https://science.ecosyste.ms/projects/2179
1757,Rescal-snow,https://github.com/kellykochanski/rescal-snow,unknown,95.0,6.269096283706261,0,Scientific Software,Peer-reviewed,C,kellykochanski,Kelly Kochanski,user,University of Colorado Boulder | Geological Sciences,www.kochanski.org/kelly,,,0,,,,13,0,,,2471,33,0,0,0.7050847457627119,0.0,0,0,"",0,0,0,0,0,0,push:2471d commits:0 active_maint:0 closed:0 merged:0,https://science.ecosyste.ms/projects/2413
1758,swisslandstats-geopy,https://github.com/martibosch/swisslandstats-geopy,active,95.0,6.269096283706261,0,Scientific Software,Peer-reviewed,Python,martibosch,Martí Bosch,user,EPFL,https://fosstodon.org/@martibosch,"conda,pypi",swisslandstats-geopy,30,1,0,1,3,0,549,,10,4,0,0,0.14925373134328357,0.0,1,0,"",0,0,0,0,0,0,push:10d release:549d commits:0 active_maint:0 closed:0 merged:0,https://science.ecosyste.ms/projects/2453
1759,CEGO,https://github.com/usnistgov/cego,unknown,98.0,3.258096538021482,0,Scientific Software,Peer-reviewed,Jupyter Notebook,usnistgov,National Institute of Standards and Technology,organization,,https://www.nist.gov,,,0,,,,13,0,,,595,2,0,0,0.005319148936170248,0.0,0,0,"",0,0,0,0,0,0,push:595d commits:0 active_maint:0 closed:0 merged:0,https://science.ecosyste.ms/projects/2592
1760,ViMag,https://github.com/rlado/vimag,dead,98.0,3.258096538021482,0,Scientific Software,Peer-reviewed,JavaScript,RLado,Ricard Lado,user,Universitat Ramon Llull (IQS School of Engineering),lado.one,,,0,,,,20,0,,,552,2,0,0,0.16279069767441856,0.0,1,0,"",2,0,0,0,0,0,push:552d commits:0 active_maint:0 closed:0 merged:0,https://science.ecosyste.ms/projects/1049
1761,dcTensor,https://github.com/rikenbit/dctensor,active,93.0,8.257904193465674,0,Scientific Software,Peer-reviewed,R,rikenbit,RIKEN BiT,organization,,https://bit.riken.jp/,cran,dcTensor,315,0,0,1,3,0,339,,339,2,1,1,0.13636363636363635,0.0,1,0,"",0,0,0,0,0,0,push:339d release:339d commits:1 active_maint:0 closed:0 merged:0,https://science.ecosyste.ms/projects/1026
1762,AmgXWrapper,https://github.com/barbagroup/amgxwrapper,unknown,95.0,6.257667587882638,0,Scientific Software,Peer-reviewed,C++,barbagroup,Barba group,organization,,http://lorenabarba.com,,,0,,,,50,0,,,1522,9,0,0,0.08196721311475408,0.0,2,0,"",0,0,0,0,0,0,push:1522d commits:0 active_maint:0 closed:0 merged:0,https://science.ecosyste.ms/projects/2994
1763,geoclaw-landspill,https://github.com/barbagroup/geoclaw-landspill,unknown,95.0,6.253828811575473,0,Scientific Software,Peer-reviewed,Fortran,barbagroup,Barba group,organization,,http://lorenabarba.com,pypi,geoclaw-landspill,11,1,0,1,13,0,1878,,1876,4,0,0,0.08045977011494254,0.0,1,0,"",0,0,0,0,0,0,push:1876d release:1878d commits:0 active_maint:0 closed:0 merged:0,https://science.ecosyste.ms/projects/1860
1764,PyStack3D,https://github.com/cea-metrocarac/pystack3d,active,95.0,6.246106765481563,0,Scientific Software,Peer-reviewed,Python,CEA-MetroCarac,CEA-MetroCarac,organization,,https://www.cea.fr/english,pypi,pystack3d,128,0,0,1,3,0,337,,59,5,19,2,0.05327868852459017,0.052631578947368474,1,1,TomDavFr,6,2,2,2,0,0,push:59d release:337d commits:19 active_maint:1 closed:4 merged:2,https://science.ecosyste.ms/projects/487
1765,GUESSmyLT,https://github.com/nbisweden/guessmylt,unknown,93.0,8.242756345714477,0,Scientific Software,Peer-reviewed,Python,NBISweden,NBIS - National Bioinformatics Infrastructure Sweden,organization,,https://nbis.se,pypi,guessmylt,16,1,0,2,33,0,2604,,1388,5,0,0,0.24137931034482762,0.0,1,0,"",0,0,0,0,0,0,push:1388d release:2604d commits:0 active_maint:0 closed:0 merged:0,https://science.ecosyste.ms/projects/2519
1766,Minerva,https://github.com/labsyspharm/minerva-story,dead,95.0,6.236369590203704,0,Scientific Software,Peer-reviewed,HTML,labsyspharm,Laboratory of Systems Pharmacology @ Harvard,organization,,https://labsyspharm.org/,,,0,,,,58,0,,,813,7,0,0,0.032786885245901676,0.0,3,0,"",1,0,0,0,0,0,push:813d commits:0 active_maint:0 closed:0 merged:0,https://science.ecosyste.ms/projects/2094
1767,refsplitr,https://github.com/ropensci/refsplitr,active,95.0,6.222576268071369,0,Scientific Software,Peer-reviewed,R,ropensci,rOpenSci,organization,,https://ropensci.org/,,,0,,,,58,0,,,13,7,26,1,0.544543429844098,0.0,4,1,embruna,0,15,0,15,0,0,push:13d commits:26 active_maint:1 closed:15 merged:15,https://science.ecosyste.ms/projects/2329
1768,pyPhenology,https://github.com/sdtaylor/pyphenology,unknown,93.0,8.215006432761575,0,Scientific Software,Peer-reviewed,Python,sdtaylor,Shawn Taylor,user,,sdtaylor.github.io,pypi,pyphenology,18,1,1,1,36,0,2618,,1135,4,0,0,0.029940119760479056,0.0,1,0,"",0,0,0,0,0,0,push:1135d release:2618d commits:0 active_maint:0 closed:0 merged:0,https://science.ecosyste.ms/projects/2790
1769,grapherator,https://github.com/jakobbossek/grapherator,unknown,93.0,8.213381737034574,0,Scientific Software,Peer-reviewed,R,jakobbossek,Jakob Bossek,user,RWTH Aachen University,http://www.jakobbossek.de/,cran,grapherator,202,1,1,1,9,0,3143,,1765,2,0,0,0.012658227848101222,0.0,1,0,"",0,0,0,0,0,0,push:1765d release:3143d commits:0 active_maint:0 closed:0 merged:0,https://science.ecosyste.ms/projects/2902
1770,molic,https://github.com/mlindsk/molic,unknown,93.0,8.20849175174038,0,Scientific Software,Peer-reviewed,R,mlindsk,,user,,,cran,molic,203,0,0,1,6,0,1884,,1609,3,0,0,0.014354066985645897,0.0,1,0,"",0,0,0,0,0,0,pkg:removed push:1609d release:1884d commits:0 active_maint:0 closed:0 merged:0,https://science.ecosyste.ms/projects/2427
1771,concstats,https://github.com/ropensci/concstats,dead,93.0,8.20849175174038,0,Scientific Software,Peer-reviewed,R,ropensci,rOpenSci,organization,,https://ropensci.org/,cran,concstats,203,0,0,1,7,0,1218,,377,2,0,0,0.004424778761061954,0.0,0,0,"",1,0,0,0,0,0,push:377d release:1218d commits:0 active_maint:0 closed:0 merged:0,https://science.ecosyste.ms/projects/979
1772,mmaqshiny v1.0,https://github.com/meenakshi-kushwaha/mmaqshiny,unknown,93.0,8.205218426395412,0,Scientific Software,Peer-reviewed,R,meenakshi-kushwaha,Meenakshi Kushwaha,user,ILK Labs,meenakshi.rbind.io,cran,mmaqshiny,243,0,0,1,5,0,2225,,1542,3,0,0,0.09633027522935778,0.0,1,0,"",0,0,0,0,0,0,push:1542d release:2225d commits:0 active_maint:0 closed:0 merged:0,https://science.ecosyste.ms/projects/2212
1773,MimiBRICK.jl,https://github.com/raddleverse/mimibrick.jl,active,95.0,6.20455776256869,0,Scientific Software,Peer-reviewed,Julia,raddleverse,raddleverse,organization,,,julia,MimiBRICK,0,0,1,0,3,0,902,,1,13,81,6,0.6677852348993288,0.2592592592592593,6,4,"tonyewong,davidanthoff,lrennels,vsrikrish",5,19,3,16,0,0,push:1d release:902d commits:81 active_maint:4 closed:19 merged:16,https://science.ecosyste.ms/projects/1430
1774,JOAN,https://github.com/tud-hri/joan,dormant,95.0,6.20455776256869,0,Scientific Software,Peer-reviewed,Python,tud-hri,Human-Robot Interaction Lab - Delft University of Technology,organization,,,,,0,,,,17,0,,,542,15,0,0,0.6454183266932271,0.0,2,0,"",2,1,2,0,0,0,push:542d commits:0 active_maint:0 closed:3 merged:0,https://science.ecosyste.ms/projects/1256
1775,DESPASITO,https://github.com/santiso-group/despasito,dormant,93.0,8.1886891244442,0,Scientific Software,Peer-reviewed,Python,Santiso-Group,Santiso-Group,organization,,,pypi,despasito,48,1,0,1,22,0,543,,539,4,0,0,0.4110738255033557,0.0,2,0,"",6,5,6,4,0,0,push:539d release:543d commits:0 active_maint:0 closed:11 merged:4,https://science.ecosyste.ms/projects/286
1776,Efficiently Learning Relative Similarity Embeddings with Crowdsourcing,https://github.com/stsievert/salmon,unknown,98.0,3.1780538303479453,0,Scientific Software,Peer-reviewed,Python,stsievert,Scott Sievert,user,,https://stsievert.com,,,0,,,,8,0,,,783,3,0,0,0.012269938650306789,0.0,1,0,"",0,0,0,0,0,0,push:783d commits:0 active_maint:0 closed:0 merged:0,https://science.ecosyste.ms/projects/1175
1777,LBR-Stack,https://github.com/lbr-stack/lbr_stack_doc,dormant,98.0,3.1780538303479458,0,Scientific Software,Peer-reviewed,TeX,lbr-stack,lbr-stack,organization,,,,,0,,,,7,0,,,145,2,3,1,0.025000000000000022,0.0,1,1,mhubii,1,1,1,1,0,0,push:145d commits:3 active_maint:1 closed:2 merged:1,https://science.ecosyste.ms/projects/395
1778,sahi,https://github.com/obss/sahi,active,77.0,24.177976189889637,0,,,Python,obss,Open Business Software Solutions,organization,,https://obss.tech,"pypi,conda",sahi,121780,72,12,1,5411,0,333,,10,78,179,19,0.35564304461942253,0.3910614525139665,4,2,"onuralpszr,fcakyon",0,70,0,47,0,0,push:10d release:333d commits:147 active_maint:2 closed:50 merged:47,https://science.ecosyste.ms/projects/54574
1779,Scanbuddy: fMRI motion plotting and SNR estimation at scan acquisition,https://github.com/harvard-nrg/scanbuddy,active,95.0,6.173786103901937,0,,,Python,harvard-nrg,Neuroinformatics Research Group,organization,,http://www.neuroinfo.org,pypi,scanbuddy,7,0,0,1,5,0,367,,38,4,65,2,0.22499999999999998,0.07692307692307687,1,1,danielasay,6,9,5,7,0,0,push:38d release:367d commits:65 active_maint:1 closed:13 merged:7,https://science.ecosyste.ms/projects/373744
1780,findSVI,https://github.com/heli-xu/findsvi,dormant,93.0,8.16763571524637,0,Scientific Software,Peer-reviewed,R,heli-xu,,user,,,cran,findSVI,234,0,0,1,18,0,537,,393,1,6,1,0.0,0.0,2,0,"",1,1,0,0,0,0,push:393d release:537d commits:6 active_maint:0 closed:0 merged:0,https://science.ecosyste.ms/projects/612
1781,Annotate-Lab,https://github.com/sumn2u/annotate-lab,active,93.0,8.161660452056282,0,Scientific Software,Peer-reviewed,JavaScript,sumn2u,Suman Kunwar,user,@LatanaTech,sumankunwar.com.np,,,0,,,,125,0,,,50,25,19,2,0.5602240896358543,0.26315789473684215,1,1,sumn2u,2,20,0,7,0,0,push:50d commits:19 active_maint:1 closed:16 merged:7,https://science.ecosyste.ms/projects/399
1782,PyGeoPressure,https://github.com/whimian/pygeopressure,unknown,93.0,8.161089512845797,0,Scientific Software,Peer-reviewed,Python,whimian,Yu Hao,user,None,http://whimian.github.io,pypi,pygeopressure,15,1,0,1,99,0,2810,,2190,2,0,0,0.0017574692442882123,0.0,1,0,"",0,0,0,0,0,0,push:2190d release:2810d commits:0 active_maint:0 closed:0 merged:0,https://science.ecosyste.ms/projects/2747
1783,basilisk,https://github.com/ltla/basilisk,dormant,95.0,6.148468295917647,0,Scientific Software,Peer-reviewed,R,LTLA,Aaron Lun,user,@Genentech,,,,0,,,,29,0,,,264,12,3,2,0.08316831683168313,0.33333333333333337,1,0,"",3,1,3,1,0,0,push:264d commits:3 active_maint:0 closed:4 merged:1,https://science.ecosyste.ms/projects/1351
1784,VPsearch,https://github.com/enthought/vpsearch,unknown,93.0,8.140315540159985,0,Scientific Software,Peer-reviewed,Cython,enthought,"Enthought, Inc.",organization,,http://www.enthought.com/,pypi,vpsearch,95,1,0,2,5,0,1748,,1073,7,0,0,0.4065934065934066,0.0,2,0,"",0,0,0,0,0,0,push:1073d release:1748d commits:0 active_maint:0 closed:0 merged:0,https://science.ecosyste.ms/projects/1386
1785,GCIdentifier.jl,https://github.com/clapeyronthermo/gcidentifier.jl,active,95.0,6.135564891081739,0,Scientific Software,Peer-reviewed,Julia,ClapeyronThermo,Clapeyron,organization,,,julia,GCIdentifier,0,0,0,0,22,0,332,,23,7,24,3,0.5031446540880503,0.5,2,0,"",1,8,1,6,0,0,push:23d release:332d commits:20 active_maint:0 closed:8 merged:6,https://science.ecosyste.ms/projects/753
1786,HistoJS,https://github.com/mmasoud1/histojs,unknown,98.0,3.1354942159291497,0,Scientific Software,Peer-reviewed,JavaScript,Mmasoud1,Mohamed E. Masoud,user,,,,,0,,,,23,0,,,882,1,0,0,0.0,0.0,0,0,"",0,0,0,0,0,0,push:882d commits:0 active_maint:0 closed:0 merged:0,https://science.ecosyste.ms/projects/837
1787,ronswanson,https://github.com/grburgess/ronswanson,unknown,95.0,6.122492809514386,0,Scientific Software,Peer-reviewed,Python,grburgess,J. Michael Burgess,user,Max-Planck-Institut für extraterrestrische Physik,jmichaelburgess.com,pypi,ronswanson,18,0,0,1,4,0,1060,,1060,4,0,0,0.16058394160583944,0.0,1,0,"",0,0,0,0,0,0,push:1060d release:1060d commits:0 active_maint:0 closed:0 merged:0,https://science.ecosyste.ms/projects/1197
1788,SBIAX,https://github.com/homerjed/sbiax,dormant,93.0,8.114922974204593,0,Scientific Software,Peer-reviewed,Python,homerjed,Jed Homer,user,,homerjed.github.io,pypi,sbiax,87,0,0,1,23,0,422,,275,2,0,0,0.0331125827814569,0.0,1,0,"",9,15,8,14,0,0,push:275d release:422d commits:0 active_maint:0 closed:23 merged:14,https://science.ecosyste.ms/projects/317
1789,DWIQC,https://github.com/harvard-nrg/dwiqc,active,95.0,6.1092475827643655,0,Scientific Software,Peer-reviewed,Python,harvard-nrg,Neuroinformatics Research Group,organization,,http://www.neuroinfo.org,pypi,dwiqc,74,0,0,1,4,0,540,,42,2,31,1,0.002702702702702675,0.0,1,1,danielasay,1,2,1,2,0,0,push:42d release:540d commits:31 active_maint:1 closed:3 merged:2,https://science.ecosyste.ms/projects/324
1790,partycls,https://github.com/jorisparet/partycls,unknown,95.0,6.1092475827643655,0,Scientific Software,Peer-reviewed,Python,jorisparet,Joris Paret,user,ITER Organization,https://www.jorisparet.com,pypi,partycls,8,1,0,1,13,0,990,,990,3,0,0,0.12627291242362526,0.0,1,0,"",0,0,0,0,0,0,push:990d release:990d commits:0 active_maint:0 closed:0 merged:0,https://science.ecosyste.ms/projects/1700
1791,strandCheckR,https://github.com/uofabioinformaticshub/strandcheckr,dormant,98.0,3.091042453358316,0,Scientific Software,Peer-reviewed,R,UofABioinformaticsHub,"University of Adelaide, Bioinformatics Hub",organization,,https://www.adelaide.edu.au/bioinformatics-hub/,bioconductor,strandCheckR,0,0,0,1,1,0,464,,90,12,6,2,0.36140350877192984,0.33333333333333337,1,0,"",1,0,1,0,0,0,push:90d release:464d commits:6 active_maint:0 closed:1 merged:0,https://science.ecosyste.ms/projects/2654
1792,Pyripherals,https://github.com/ajstros/pyripherals,unknown,95.0,6.0867747269123065,0,Scientific Software,Peer-reviewed,Python,Ajstros,Abe Stroschein,user,,,pypi,pyripherals,10,0,0,1,2,0,1359,,1123,5,0,0,0.24378109452736318,0.0,3,0,"",0,0,0,0,0,0,push:1123d release:1359d commits:0 active_maint:0 closed:0 merged:0,https://science.ecosyste.ms/projects/1342
1793,carl,https://github.com/diana-hep/carl,unknown,95.0,6.0822189103764455,0,Scientific Software,Peer-reviewed,Python,diana-hep,diana-hep,organization,,,,,0,,,,56,0,,,3374,6,0,0,0.12437810945273631,0.0,1,0,"",0,0,0,0,0,0,push:3374d commits:0 active_maint:0 closed:0 merged:0,https://science.ecosyste.ms/projects/3133
1794,Plots,https://github.com/juliaplots/plots.jl,active,77.0,24.072831158109413,0,,,Julia,JuliaPlots,JuliaPlots,organization,,https://juliaplots.org/,julia,"RecipesBase,Plots,RecipesPipeline",0,187,403,0,1949,0,363,,55,267,54,15,0.7887511916110581,0.40740740740740744,13,3,"BeastyBlacksmith,t-bltg,ChrisRackauckas",25,115,7,63,0,0,push:55d release:363d commits:49 active_maint:3 closed:91 merged:63,https://science.ecosyste.ms/projects/60604
1795,"The PHITS Tools Python package for parsing, organizing, and analyzing results from the PHITS radiation transport and DCHAIN activation codes",https://github.com/lindt8/phits-tools,active,93.0,8.07215530818825,0,,,Python,Lindt8,Hunter Ratliff,user,,https://lindt8.github.io/,pypi,phits-tools,266,0,0,1,21,0,302,,56,1,168,1,0.0,0.0,1,1,Lindt8,22,28,16,20,0,0,push:56d release:302d commits:168 active_maint:1 closed:37 merged:20,https://science.ecosyste.ms/projects/373747
1796,BCAWT,https://github.com/aliyoussef96/bcaw-tool,unknown,95.0,6.06842558824411,0,Scientific Software,Peer-reviewed,Python,AliYoussef96,Ali Youssef,user,Cairo university,https://www.linkedin.com/in/ali-youssef-455a92130/,pypi,bcawt,34,1,0,1,5,0,1333,,526,2,0,0,0.002481389578163795,0.0,0,0,"",0,0,0,0,0,0,push:526d release:1333d commits:0 active_maint:0 closed:0 merged:0,https://science.ecosyste.ms/projects/2419
1797,SIMsalabim,https://github.com/kostergroup/simsalabim,dormant,95.0,6.068425588244111,0,Scientific Software,Peer-reviewed,Pascal,kostergroup,,user,University of Groningen,koster-group.nl,,,0,,,,85,0,,,27,6,9,1,0.6506024096385542,0.0,2,0,"",1,8,0,0,0,0,push:27d commits:9 active_maint:0 closed:8 merged:0,https://science.ecosyste.ms/projects/1606
1798,occupationMeasurement,https://github.com/occupationmeasurement/occupationmeasurement,unknown,93.0,8.064636475774222,0,Scientific Software,Peer-reviewed,R,occupationMeasurement,occupationMeasurement,organization,,,cran,occupationMeasurement,264,0,0,1,5,0,1037,,715,2,0,0,0.17627118644067796,0.0,0,0,"",0,0,0,0,0,0,push:715d release:1037d commits:0 active_maint:0 closed:0 merged:0,https://science.ecosyste.ms/projects/1028
1799,FixedPointFinder,https://github.com/mattgolub/fixed-point-finder,dormant,95.0,6.059123195581797,0,Scientific Software,Peer-reviewed,Python,mattgolub,Matt Golub,user,University of Washington,homes.cs.washington.edu/~mgolub/,,,0,,,,108,0,,,730,4,0,0,0.04878048780487809,0.0,1,0,"",2,1,0,0,0,0,push:730d commits:0 active_maint:0 closed:1 merged:0,https://science.ecosyste.ms/projects/2730
1800,gcamfaostat,https://github.com/jgcri/gcamfaostat,dormant,98.0,3.044522437723423,0,Scientific Software,Peer-reviewed,R,JGCRI,Joint Global Change Research Institute,organization,,https://www.pnnl.gov/projects/jgcri,,,0,,,,16,0,,,539,1,0,0,0.0,0.0,2,0,"",6,3,0,3,0,0,push:539d commits:0 active_maint:0 closed:3 merged:3,https://science.ecosyste.ms/projects/732
1801,starry_process,https://github.com/rodluger/starry_process,dead,93.0,8.03268487596762,0,Scientific Software,Peer-reviewed,Python,rodluger,Rodrigo Luger,user,Flatiron Institute,luger.dev,pypi,starry-process,33,1,0,1,19,0,1941,,695,4,0,0,0.0625,0.0,2,0,"",1,1,0,0,0,0,push:695d release:1941d commits:0 active_maint:0 closed:0 merged:0,https://science.ecosyste.ms/projects/1836
1802,pyemgpipeline,https://github.com/aalhossary/pyemgpipeline,unknown,93.0,8.03268487596762,0,Scientific Software,Peer-reviewed,Python,aalhossary,Amr ALHOSSARY,user,Wesleyan University,https://www.linkedin.com/in/amralhossary/,pypi,pyemgpipeline,138,1,0,1,12,0,1575,,1569,2,0,0,0.11267605633802813,0.0,0,0,"",0,0,0,0,0,0,push:1569d release:1575d commits:0 active_maint:0 closed:0 merged:0,https://science.ecosyste.ms/projects/1549
1803,Eniric,https://github.com/jason-neal/eniric,active,93.0,8.032035314398824,0,Scientific Software,Peer-reviewed,Python,jason-neal,Jason Neal,user,,,pypi,eniric,15,1,1,1,10,0,2893,,228,9,0,0,0.05626850937808492,0.0,1,0,"",0,0,0,0,0,0,push:228d release:2893d commits:0 active_maint:0 closed:0 merged:0,https://science.ecosyste.ms/projects/2582
1804,GPUE,https://github.com/gpue-group/gpue,unknown,95.0,6.023447592961033,0,Scientific Software,Peer-reviewed,Cuda,GPUE-group,GPUE-group,organization,,,,,0,,,,44,0,,,2272,7,0,0,0.23229461756373937,0.0,3,0,"",0,0,0,0,0,0,push:2272d commits:0 active_maint:0 closed:0 merged:0,https://science.ecosyste.ms/projects/2697
1805,dfreproject: A Python package for astronomical reprojection,https://github.com/dragonflytelescope/dfreproject,active,93.0,8.014335737299424,0,,,Python,DragonflyTelescope,DragonflyTelescope,organization,,,pypi,dfreproject,41,0,0,1,11,0,273,,240,7,99,7,0.24858757062146897,0.3737373737373737,1,1,crhea93,14,30,9,20,0,0,push:240d release:273d commits:87 active_maint:1 closed:33 merged:20,https://science.ecosyste.ms/projects/667319
1806,iRF,https://github.com/sumbose/irf,dead,95.0,6.0112671744041615,0,Scientific Software,Peer-reviewed,R,sumbose,Sumanta Basu,user,Cornell University,faculty.bscb.cornell.edu/~basu/,,,0,,,,48,0,,,1976,8,0,0,0.5733333333333333,0.0,1,0,"",1,0,0,0,0,0,push:1976d commits:0 active_maint:0 closed:0 merged:0,https://science.ecosyste.ms/projects/2703
1807,One4All,https://github.com/moore-institute-4-plastic-pollution-res/one4all,dead,93.0,8.010359588919783,0,Scientific Software,Peer-reviewed,R,Moore-Institute-4-Plastic-Pollution-Res,Moore Institute for Plastic Pollution Research,organization,,mooreplasticresearch.org,cran,One4All,250,0,0,1,4,0,758,,744,3,0,0,0.28,0.0,2,0,"",1,0,0,0,0,0,push:744d release:758d commits:0 active_maint:0 closed:0 merged:0,https://science.ecosyste.ms/projects/594
1808,hilbertmodgroup,https://github.com/fredstro/hilbertmodgroup,active,95.0,6.00388706710654,0,Scientific Software,Peer-reviewed,Python,fredstro,Fredrik Strömberg,user,University of Nottingham,,pypi,hilbert-modular-group,13,1,0,1,5,0,492,,131,3,23,1,0.10909090909090913,0.0,0,0,"",0,3,0,0,0,0,push:131d release:492d commits:23 active_maint:0 closed:2 merged:0,https://science.ecosyste.ms/projects/1553
1809,SideScanSonarEditor: A Python package for annotation of side-scan sonar data,https://github.com/michalmotylinski/sidescansonareditor,active,95.0,6.0014148779611505,0,,,Python,MichalMotylinski,Michal Motylinski,user,University of Liverpool,,pypi,sidescansonareditor,100,0,0,1,5,0,281,,281,3,48,2,0.04347826086956519,0.04166666666666663,1,0,"",6,1,3,0,0,0,push:281d release:281d commits:48 active_maint:0 closed:3 merged:0,https://science.ecosyste.ms/projects/553939
1810,AstroPaint,https://github.com/syasini/astropaint,dead,95.0,5.996452088619021,0,Scientific Software,Peer-reviewed,Jupyter Notebook,syasini,Siavash Yasini,user,Fanatics Inc,siavashyasini.com,,,0,,,,50,0,,,91,6,0,0,0.029490616621983934,0.0,2,0,"",1,2,0,0,0,0,push:91d commits:0 active_maint:0 closed:0 merged:0,https://science.ecosyste.ms/projects/2062
1811,MACE,https://github.com/silkemaes/mace,dormant,98.0,2.995732273553991,0,Scientific Software,Peer-reviewed,Jupyter Notebook,silkemaes,Silke Maes,user,KU Leuven - Institute for Astronomy,https://fys.kuleuven.be/ster/staff/phd-students/silke-maes,,,0,,,,6,0,,,482,5,0,0,0.02604166666666663,0.0,1,0,"",9,8,9,5,0,0,push:482d commits:0 active_maint:0 closed:14 merged:5,https://science.ecosyste.ms/projects/222
1812,Sigma,https://github.com/qcuncertainty/sigma,active,98.0,2.995732273553991,0,Scientific Software,Peer-reviewed,C++,QCUncertainty,QCUncertainty,organization,,,,,0,,,,3,0,,,34,4,54,3,0.28846153846153844,0.4629629629629629,0,0,"",0,14,0,13,0,0,push:34d commits:54 active_maint:0 closed:13 merged:13,https://science.ecosyste.ms/projects/282
1813,inAccessMod,https://github.com/unige-geohealth/inaccessmod,dormant,98.0,2.9957322735539913,0,Scientific Software,Peer-reviewed,R,unige-geohealth,Université de Genève - GeoHealth ,organization,,www.unige.ch/geohealth,,,0,,,,11,0,,,265,2,5,1,0.009036144578313254,0.0,1,0,"",3,0,2,0,0,0,push:265d commits:5 active_maint:0 closed:2 merged:0,https://science.ecosyste.ms/projects/877
1814,Hypredrive,https://github.com/hypre-space/hypredrive,active,98.0,2.995732273553991,0,Scientific Software,Peer-reviewed,C,hypre-space,hypre-space,organization,,,,,0,,,,8,0,,,6,2,146,2,0.013761467889908285,0.020547945205479423,3,2,"victorapm,castelletto1",1,44,1,41,0,0,push:6d commits:146 active_maint:2 closed:42 merged:41,https://science.ecosyste.ms/projects/627
1815,OwlDE,https://github.com/owlbarn/owl_ode,unknown,95.0,5.991464547107983,0,Scientific Software,Peer-reviewed,OCaml,owlbarn,OCaml Scientific Computing,organization,,ocaml.xyz,,,0,,,,35,0,,,1688,10,0,0,0.3598130841121495,0.0,3,0,"",0,0,0,0,0,0,push:1688d commits:0 active_maint:0 closed:0 merged:0,https://science.ecosyste.ms/projects/2350
1816,visxhclust,https://github.com/rhenkin/visxhclust,unknown,93.0,7.982074875081202,0,Scientific Software,Peer-reviewed,R,rhenkin,Rafael Henkin,user,Queen Mary University of London,,cran,visxhclust,243,0,0,1,4,0,1231,,484,2,0,0,0.02857142857142858,0.0,1,0,"",0,0,0,0,0,0,push:484d release:1231d commits:0 active_maint:0 closed:0 merged:0,https://science.ecosyste.ms/projects/1614
1817,SynxFlow,https://github.com/synxflow/synxflow,dormant,95.0,5.98141421125448,0,Scientific Software,Peer-reviewed,C++,SynxFlow,,user,,,,,0,,,,76,0,,,75,7,1,1,0.30817610062893086,0.0,2,0,"",4,2,1,1,0,0,push:75d commits:1 active_maint:0 closed:2 merged:1,https://science.ecosyste.ms/projects/80
1818,fishRman,https://github.com/shyentist/fish-r-man,unknown,93.0,7.965545573129992,0,Scientific Software,Peer-reviewed,R,Shyentist,Pasquale Buonomo,user,,,cran,fishRman,179,0,0,1,14,0,856,,855,1,0,0,0.0,0.0,1,0,"",0,0,0,0,0,0,push:855d release:856d commits:0 active_maint:0 closed:0 merged:0,https://science.ecosyste.ms/projects/1716
1819,Pandarus,https://github.com/cmutel/pandarus,unknown,93.0,7.962415680121064,0,Scientific Software,Peer-reviewed,Python,cmutel,Chris Mutel,user,ecoinvent association/Cauldron Solutions,http://chris.mutel.org,pypi,pandarus,82,3,1,1,10,0,3374,,854,3,0,0,0.3529411764705882,0.0,2,0,"",0,0,0,0,0,0,push:854d release:3374d commits:0 active_maint:0 closed:0 merged:0,https://science.ecosyste.ms/projects/3034
1820,FNFT,https://github.com/fastnft/fnft,dormant,95.0,5.953243334287785,0,Scientific Software,Peer-reviewed,C,FastNFT,FastNFT,organization,,,,,0,,,,53,0,,,42,7,0,0,0.566607460035524,0.0,1,1,ffischer7,0,2,0,1,0,0,push:42d commits:0 active_maint:1 closed:1 merged:1,https://science.ecosyste.ms/projects/2877
1821,cartoee,https://github.com/kmarkert/cartoee,dead,93.0,7.937374696163296,0,Scientific Software,Peer-reviewed,Python,KMarkert,Kel Markert,user,@google,https://kmarkert.github.io,pypi,cartoee,55,0,0,1,48,0,2739,,2739,1,0,0,0.0,0.0,1,0,"",1,0,0,0,0,0,push:2739d release:2739d commits:0 active_maint:0 closed:0 merged:0,https://science.ecosyste.ms/projects/2670
1822,MatD^3^,https://github.com/hybrid3-database/matd3,active,95.0,5.934894195619588,0,Scientific Software,Peer-reviewed,JavaScript,,,,,,,,0,,,,13,0,,,312,18,14,1,0.4315619967793881,0.0,7,0,"",0,28,0,28,0,0,push:312d commits:14 active_maint:0 closed:28 merged:28,https://science.ecosyste.ms/projects/2335
1823,bioLEC,https://github.com/geodels/biolec,dead,95.0,5.918893854273147,0,Scientific Software,Peer-reviewed,Jupyter Notebook,Geodels,GEOdels,organization,,www.earthcolab.org,pypi,biolec,30,0,0,1,4,1,2625,,2538,3,0,0,0.06611570247933884,0.0,0,0,"",0,0,0,0,0,0,archived push:2538d release:2625d commits:0 active_maint:0 closed:0 merged:0,https://science.ecosyste.ms/projects/2503
1824,ampscan,https://github.com/abel-research/ampscan,unknown,95.0,5.913503005638271,0,Scientific Software,Peer-reviewed,Python,abel-research,abel-research,organization,,,,,0,,,,24,0,,,1215,10,0,0,0.5969084423305588,0.0,3,0,"",0,0,0,0,0,0,push:1215d commits:0 active_maint:0 closed:0 merged:0,https://science.ecosyste.ms/projects/2257
1825,skipTrack,https://github.com/lukeduttweiler/skiptrack,active,95.0,5.91350300563827,0,Scientific Software,Peer-reviewed,R,LukeDuttweiler,,user,,,cran,skipTrack,184,0,0,1,0,0,549,,91,2,13,2,0.34090909090909094,0.23076923076923073,1,1,LukeDuttweiler,1,0,1,0,0,0,push:91d release:549d commits:13 active_maint:1 closed:1 merged:0,https://science.ecosyste.ms/projects/494
1826,straditize,https://github.com/chilipp/straditize,unknown,93.0,7.911324018963353,0,Scientific Software,Peer-reviewed,Python,Chilipp,Philipp S. Sommer,user,Helmholtz-Zentrum hereon,philipp-s-sommer.de,"pypi,conda",straditize,20,1,0,1,18,0,2505,,738,4,0,0,0.05555555555555558,0.0,1,0,"",0,0,0,0,0,0,push:738d release:2505d commits:0 active_maint:0 closed:0 merged:0,https://science.ecosyste.ms/projects/2653
1827,egtplot,https://github.com/mirzaevinom/egtplot,dormant,93.0,7.90100705199242,0,Scientific Software,Peer-reviewed,Jupyter Notebook,mirzaevinom,Inom Mirzaev,user,Twitter Inc,mirzaevinom.github.io,pypi,egtplot,16,1,0,1,52,0,2984,,431,3,0,0,0.2777777777777778,0.0,0,0,"",0,1,0,1,0,0,push:431d release:2984d commits:0 active_maint:0 closed:1 merged:1,https://science.ecosyste.ms/projects/2834
1828,ExaFMM,https://github.com/exafmm/exafmm-t,dead,95.0,5.8998973535824915,0,Scientific Software,Peer-reviewed,C++,exafmm,exafmm,organization,,,,,0,,,,83,0,,,1785,5,0,0,0.19999999999999996,0.0,1,0,"",1,1,0,0,0,0,push:1785d commits:0 active_maint:0 closed:0 merged:0,https://science.ecosyste.ms/projects/1877
1829,IDCeMPy,https://github.com/hknd23/idcempy,unknown,95.0,5.8971538676367405,0,Scientific Software,Peer-reviewed,Python,hknd23,Nguyen Huynh,user,Hitotsubashi University,nguyen-huynh.com,pypi,idcempy,24,1,0,1,2,0,1843,,1422,7,0,0,0.42917547568710357,0.0,1,0,"",0,0,0,0,0,0,push:1422d release:1843d commits:0 active_maint:0 closed:0 merged:0,https://science.ecosyste.ms/projects/1823
1830,helios,https://github.com/jgcri/helios,dormant,98.0,2.8903717578961645,0,Scientific Software,Peer-reviewed,R,JGCRI,Joint Global Change Research Institute,organization,,https://www.pnnl.gov/projects/jgcri,,,0,,,,3,0,,,63,6,1,1,0.2222222222222222,0.0,2,0,"",0,1,0,1,0,0,push:63d commits:1 active_maint:0 closed:1 merged:1,https://science.ecosyste.ms/projects/822
1831,SimuPy Flight Vehicle Toolkit,https://github.com/nasa/simupy-flight,dormant,95.0,5.886104031450156,0,Scientific Software,Peer-reviewed,Python,nasa,NASA,organization,,https://github.com/nasa/nasa.github.io/blob/master/docs/INSTRUCTIONS.md,,,0,,,,105,0,,,587,4,0,0,0.6097560975609756,0.0,0,0,"",1,2,1,2,0,0,push:587d commits:0 active_maint:0 closed:3 merged:2,https://science.ecosyste.ms/projects/1462
1832,hashin_shtrikman_mp: a package for the optimal design and discovery of multi-phase composite materials,https://github.com/carlacupcake/hashin_shtrikman_mp,active,95.0,5.886104031450156,0,,,Python,carlacupcake,Carla Becker,user,Sakuu Corporation,,pypi,hashin-shtrikman-mp,28,0,0,2,3,0,357,,294,3,31,1,0.46153846153846156,0.0,2,0,"",1,2,0,2,0,0,push:294d release:357d commits:31 active_maint:0 closed:2 merged:2,https://science.ecosyste.ms/projects/408815
1833,pypillometry,https://github.com/ihrke/pypillometry,active,93.0,7.878534196140362,0,Scientific Software,Peer-reviewed,AGS Script,ihrke,Matthias Mittner,user,University of Tromsø,scicomm.xyz/@thias_mittner,pypi,pypillometry,20,1,0,1,38,0,2224,,169,4,344,2,0.015082956259426794,0.0029069767441860517,1,1,ihrke,4,1,1,0,0,0,push:169d release:2224d commits:344 active_maint:1 closed:1 merged:0,https://science.ecosyste.ms/projects/2206
1834,"MyMesh: General purpose, implicit, and image-based meshing in Python",https://github.com/bu-smbl/mymesh,active,94.0,6.875232087276577,0,,,Python,BU-SMBL,BU-SMBL,organization,,,pypi,mymesh,43,0,0,1,9,0,91,,63,3,195,3,0.0036452004860266785,0.01538461538461533,0,0,"",7,2,1,2,0,0,push:63d release:91d commits:195 active_maint:0 closed:3 merged:2,https://science.ecosyste.ms/projects/809163
1835,The SuiteSparse Matrix Collection Website Interface,https://github.com/scottkolo/suitesparse-matrix-collection-website,dormant,95.0,5.863631175598098,0,Scientific Software,Peer-reviewed,Ruby,ScottKolo,Scott Kolodziej,user,,,,,0,,,,25,0,,,420,11,0,0,0.24927953890489918,0.0,2,0,"",1,10,0,3,0,0,push:420d commits:0 active_maint:0 closed:6 merged:3,https://science.ecosyste.ms/projects/2635
1836,FEST-3D,https://github.com/fest3d/fest-3d,unknown,95.0,5.863631175598097,0,Scientific Software,Peer-reviewed,Fortran,FEST3D,FEST3D,user,"Department of Aerospace Engineering, IIT Madras",https://fest3d.github.io/,,,0,,,,39,0,,,1179,8,0,0,0.34523809523809523,0.0,2,0,"",0,0,0,0,0,0,push:1179d commits:0 active_maint:0 closed:0 merged:0,https://science.ecosyste.ms/projects/2308
1837,geocat-comp,https://github.com/ncar/geocat-comp,active,85.0,15.862434589740591,0,,,Python,NCAR,NSF National Center for Atmospheric Research,organization,,http://ncar.ucar.edu,"pypi,conda","geocat.comp,geocat-comp",1294,4,0,3,145,0,380,,29,29,143,6,0.8204456094364352,0.6223776223776224,6,3,"anissa111,kafitzgerald,erogluorhan",9,28,6,16,0,0,push:29d release:380d commits:107 active_maint:3 closed:26 merged:16,https://science.ecosyste.ms/projects/45986
1838,flusight,https://github.com/reichlab/flusight,unknown,95.0,5.85793315448346,0,Scientific Software,Peer-reviewed,JavaScript,reichlab,The Reich Lab at UMass-Amherst,organization,,http://reichlab.io,,,0,,,,43,0,,,1332,5,0,0,0.04846938775510201,0.0,1,0,"",0,0,0,0,0,0,push:1332d commits:0 active_maint:0 closed:0 merged:0,https://science.ecosyste.ms/projects/3032
1839,RHRT,https://github.com/vblesius/rhrt,dead,93.0,7.846198815497425,0,Scientific Software,Peer-reviewed,HTML,,,,,,cran,RHRT,212,0,0,1,4,0,1857,,595,2,0,0,0.002949852507374673,0.0,1,0,"",1,0,0,0,0,0,push:595d release:1857d commits:0 active_maint:0 closed:0 merged:0,https://science.ecosyste.ms/projects/1724
1840,Scowl,https://github.com/phenoscape/scowl,unknown,93.0,7.846198815497425,0,Scientific Software,Peer-reviewed,Scala,phenoscape,Phenoscape,organization,,http://www.phenoscape.org/,"go,maven","github.com/phenoscape/scowl,org.phenoscape:scowl-owlapi5_2.13,org.phenoscape:scowl-owlapi5_3,org.phenoscape:scowl_2.11,org.phenoscape:scowl_3,org.phenoscape:scowl_2.13.0-M5,org.phenoscape:scowl_2.12,org.phenoscape:scowl_2.10,org.phenoscape:scowl_2.13.0-RC1,org.phenoscape:scowl_2.13,org.phenoscape:scowl_2.13.0-M4",0,1,4,0,63,0,1583,,750,3,0,0,0.20744680851063835,0.0,1,0,"",0,0,0,0,0,0,push:750d release:1583d commits:0 active_maint:0 closed:0 merged:0,https://science.ecosyste.ms/projects/3126
1841,highlightHTML,https://github.com/lebebr01/highlighthtml,unknown,93.0,7.843848638152472,0,Scientific Software,Peer-reviewed,HTML,lebebr01,Brandon LeBeau,user,,https://brandonlebeau.org,cran,highlightHTML,254,0,0,1,5,0,2291,,1890,2,0,0,0.00990099009900991,0.0,1,0,"",0,0,0,0,0,0,push:1890d release:2291d commits:0 active_maint:0 closed:0 merged:0,https://science.ecosyste.ms/projects/2934
1842,ticktack,https://github.com/sharmallama/ticktack,unknown,93.0,7.843848638152472,0,Scientific Software,Peer-reviewed,Jupyter Notebook,SharmaLlama,Utkarsh Sharma,user,,,pypi,ticktack,31,1,0,2,11,0,849,,849,5,0,0,0.5466101694915254,0.0,4,0,"",0,0,0,0,0,0,push:849d release:849d commits:0 active_maint:0 closed:0 merged:0,https://science.ecosyste.ms/projects/1201
1843,LaMa,https://github.com/muctadir/lama,unknown,95.0,5.84354441703136,0,Scientific Software,Peer-reviewed,TypeScript,muctadir,Hossain Muhammad Muctadir,user,,muctadir.github.io,,,0,,,,19,0,,,1178,15,0,0,0.8361408882082695,0.0,4,0,"",0,0,0,0,0,0,push:1178d commits:0 active_maint:0 closed:0 merged:0,https://science.ecosyste.ms/projects/1145
1844,peroxide,https://github.com/axect/peroxide,active,77.0,23.842670602058988,0,,,Rust,Axect,Tae-Geun Kim,user,Yonsei Univ.,https://axect.github.io,"cargo,go","peroxide-ad,peroxide-num,peroxide,github.com/axect/peroxide,github.com/Axect/Peroxide",0,14,7,1,723,0,371,,1,27,79,6,0.3147996729354048,0.16455696202531644,1,1,Axect,8,17,6,12,0,0,push:1d release:371d commits:79 active_maint:1 closed:19 merged:12,https://science.ecosyste.ms/projects/38276
1845,Makie.jl,https://github.com/makieorg/makie.jl,active,77.0,23.835565207202553,0,Scientific Software,Peer-reviewed,Julia,MakieOrg,MakieOrg,organization,,makie.org,"julia,go","ComputePipeline,MakieCore,Makie,RPRMakie,GLMakie,github.com/MakieOrg/Makie.jl,github.com/makieorg/makie.jl,CairoMakie,WGLMakie",0,4,102,0,2791,0,363,,1,272,187,46,0.6048375346058574,0.8074866310160428,8,6,"ffreyer,SimonDanisch,jkrumbiegel,asinghvi17,juliohm,t-bltg",132,263,29,156,0,0,push:1d release:363d commits:163 active_maint:6 closed:207 merged:156,https://science.ecosyste.ms/projects/1779
1846,Vizumap,https://github.com/lydialucchesi/vizumap,dormant,95.0,5.834810737062606,0,Scientific Software,Peer-reviewed,R,lydialucchesi,Lydia Lucchesi,user,Australian National University,,,,0,,,,61,0,,,402,6,0,0,0.4125,0.0,2,0,"",2,0,2,0,0,0,push:402d commits:0 active_maint:0 closed:2 merged:0,https://science.ecosyste.ms/projects/1960
1847,Simulation Decomposition in Python,https://github.com/simulation-decomposition/simdec-python,active,93.0,7.832014180505468,0,Scientific Software,Peer-reviewed,Python,Simulation-Decomposition,Simulation-Decomposition,organization,,https://www.simdec.fi/,pypi,simdec,35,0,0,1,31,0,785,,50,3,23,3,0.06799999999999995,0.6521739130434783,1,1,tupui,9,9,6,8,0,0,push:50d release:785d commits:23 active_maint:1 closed:14 merged:8,https://science.ecosyste.ms/projects/650
1848,Jaxion: A JAX package for Fuzzy Dark Matter,https://github.com/jaxionproject/jaxion,active,92.0,8.827028068509152,0,,,Jupyter Notebook,JaxionProject,Jaxion Project,organization,,,pypi,jaxion,141,0,0,1,49,0,24,,0,1,198,1,0.0,0.0,0,0,"",1,1,1,1,0,0,push:0d release:24d commits:198 active_maint:0 closed:2 merged:1,https://science.ecosyste.ms/projects/815667
1849,easyaccess,https://github.com/mgckind/easyaccess,dead,95.0,5.817111159963204,0,Scientific Software,Peer-reviewed,Python,mgckind,Matias Carrasco Kind,user,Gies College of Business,matias-ck.com,,,0,,,,15,0,,,1500,7,0,0,0.2875,0.0,3,0,"",1,1,0,0,0,0,push:1500d commits:0 active_maint:0 closed:0 merged:0,https://science.ecosyste.ms/projects/2669
1850,vcftoolz,https://github.com/cfsan-biostatistics/vcftoolz,dead,93.0,7.8119734296220225,0,Scientific Software,Peer-reviewed,Python,CFSAN-Biostatistics,CFSAN (Center for Food Safety and Applied Nutrition),organization,,https://www.fda.gov/about-fda/fda-organization/center-food-safety-and-applied-nutrition-cfsan,pypi,vcftoolz,62,1,0,2,12,1,1154,,28,2,2,1,0.14942528735632188,0.0,0,0,"",0,1,0,0,0,0,archived push:28d release:1154d commits:2 active_maint:0 closed:0 merged:0,https://science.ecosyste.ms/projects/2620
1851,Bruno,https://github.com/usu-analytics-solution-center/bruno.jl,unknown,95.0,5.796057750765372,0,Scientific Software,Peer-reviewed,Julia,USU-Analytics-Solution-Center,USU-Analytics-Solution-Center,organization,,,julia,Bruno,0,0,0,0,40,0,1225,,1049,7,0,0,0.42798353909465026,0.0,1,0,"",0,0,0,0,0,0,push:1049d release:1225d commits:0 active_maint:0 closed:0 merged:0,https://science.ecosyste.ms/projects/1236
1852,Sourcepredict,https://github.com/maxibor/sourcepredict,unknown,95.0,5.78074351579233,0,Scientific Software,Peer-reviewed,Python,maxibor,Maxime Borry,user,TRON - Translational Oncology Mainz,https://maximeborry.com,pypi,sourcepredict,10,1,0,1,9,0,654,,654,3,0,0,0.055837563451776595,0.0,1,0,"",0,0,0,0,0,0,push:654d release:654d commits:0 active_maint:0 closed:0 merged:0,https://science.ecosyste.ms/projects/2462
1853,tempodisco,https://github.com/kinleyid/tempodisco,active,98.0,2.772588722239781,0,Scientific Software,Peer-reviewed,HTML,kinleyid,Isaac Kinley,user,,kinleyid.github.io,,,0,,,,3,0,,,137,2,23,1,0.013452914798206317,0.0,1,1,kinleyid,3,3,0,0,0,0,push:137d commits:23 active_maint:1 closed:2 merged:0,https://science.ecosyste.ms/projects/218
1854,growR,https://github.com/kuadrat/growr,dormant,93.0,7.763021309018518,0,Scientific Software,Peer-reviewed,R,kuadrat,,user,,,cran,growR,195,0,0,1,4,0,798,,700,1,0,0,0.0,0.0,1,0,"",3,0,1,0,0,0,push:700d release:798d commits:0 active_maint:0 closed:1 merged:0,https://science.ecosyste.ms/projects/829
1855,Atomic Simulation Interface (ASI),https://gitlab.com/pvst/asi,active,89.0,11.761900492318704,0,Scientific Software,Peer-reviewed,,,,,,,pypi,asi4py,896,0,0,1,2,0,403,,,11,47,3,0.35010940919037203,0.36170212765957444,0,0,"",,,,,0,0,release:403d commits:47 active_maint:0 closed:0 merged:0,https://science.ecosyste.ms/projects/1129
1856,eva3dm,https://github.com/schuch666/eva3dm,active,93.0,7.752764808851328,0,Scientific Software,Peer-reviewed,R,Schuch666,Daniel Schuch,user,Northeastern University,,cran,eva3dm,193,0,0,1,5,0,612,,89,1,36,1,0.0,0.0,1,1,Schuch666,26,2,13,2,0,0,push:89d release:612d commits:36 active_maint:1 closed:15 merged:2,https://science.ecosyste.ms/projects/200
1857,Radial Interstices Enable Speedy Low-volume Imaging,https://github.com/spinicist/riesling,active,95.0,5.736572297479192,0,Scientific Software,Peer-reviewed,C++,spinicist,Tobias Wood,user,King's College London,,,,0,,,,27,0,,,100,12,114,4,0.08202247191011236,0.03508771929824561,1,0,"",0,7,0,6,0,0,push:100d commits:114 active_maint:0 closed:6 merged:6,https://science.ecosyste.ms/projects/1740
1858,CESAR-P,https://github.com/hues-platform/cesar-p-core,dormant,93.0,7.721348612617949,0,Scientific Software,Peer-reviewed,HTML,hues-platform,HUES Platform,organization,,,pypi,cesar-p,45,1,0,1,16,0,1065,,1065,3,0,0,0.22916666666666663,0.0,0,0,"",1,0,1,0,0,0,push:1065d release:1065d commits:0 active_maint:0 closed:1 merged:0,https://science.ecosyste.ms/projects/1369
1859,rfsed,https://github.com/akinremisa/rfsed,unknown,93.0,7.718685495198465,0,Scientific Software,Peer-reviewed,Jupyter Notebook,akinremisa,,user,,,pypi,"rfsed,rfak",74,0,0,1,18,0,738,,706,2,0,0,0.013157894736842146,0.0,0,0,"",0,0,0,0,0,0,push:706d release:738d commits:0 active_maint:0 closed:0 merged:0,https://science.ecosyste.ms/projects/528
1860,RNMC,https://github.com/blaugroup/rnmc,dormant,95.0,5.717027701406222,0,Scientific Software,Peer-reviewed,C++,BlauGroup,BlauGroup,organization,,,,,0,,,,23,0,,,597,16,0,0,0.6386036960985626,0.0,3,0,"",3,7,3,7,0,0,push:597d commits:0 active_maint:0 closed:10 merged:7,https://science.ecosyste.ms/projects/350
1861,SpectralModel,https://gitlab.com/mauricemolli/petitradtrans,active,89.0,11.70925675883328,0,Scientific Software,Peer-reviewed,,,,,,,pypi,petitradtrans,477,1,0,3,14,0,426,,,14,61,6,0.49071978270710725,0.5737704918032787,0,0,"",,,,,0,0,release:426d commits:61 active_maint:0 closed:0 merged:0,https://science.ecosyste.ms/projects/463
1862,RSeqAn,https://github.com/compbiocore/rseqan,unknown,98.0,2.70805020110221,0,Scientific Software,Peer-reviewed,C++,compbiocore,Computational Biology Core,organization,,https://brown.edu/cis/data-science/compbiocore/,,,0,,,,3,0,,,1934,5,0,0,0.16470588235294115,0.0,0,0,"",0,0,0,0,0,0,push:1934d commits:0 active_maint:0 closed:0 merged:0,https://science.ecosyste.ms/projects/2662
1863,ETHOS.PeNALPS,https://github.com/fzj-iek3-vsa/ethos_penalps,active,98.0,2.70805020110221,0,Scientific Software,Peer-reviewed,Python,FZJ-IEK3-VSA,Forschungszentrum Jülich - Jülich Systems Analysis,organization,,https://www.fz-juelich.de/iek/iek-3/EN/Home/home_node.html,,,0,,,,5,0,,,36,5,14,1,0.045454545454545414,0.0,1,1,julian-belina,0,2,0,2,0,0,push:36d commits:14 active_maint:1 closed:2 merged:2,https://science.ecosyste.ms/projects/719
1864,zfp,https://github.com/llnl/zfp,active,85.0,15.707556893631955,0,,,C++,LLNL,Lawrence Livermore National Laboratory,organization,,https://software.llnl.gov,conda,"zfpy,zfp",0,111,9,0,873,0,1455,,10,35,45,5,0.5245454545454545,0.4222222222222223,7,0,"",5,20,2,16,0,0,push:10d release:1455d commits:30 active_maint:0 closed:21 merged:16,https://science.ecosyste.ms/projects/20921
1865,CosmicProfiles,https://github.com/tibordome/cosmic_profiles,dead,95.0,5.703782474656201,0,Scientific Software,Peer-reviewed,Cython,tibordome,Tibor Dome,user,Septentrio,,"conda,pypi","cosmic_profiles,cosmic-profiles",24,0,0,1,4,0,1173,,1171,2,0,0,0.0030211480362537513,0.0,1,0,"",1,0,0,0,0,0,push:1171d release:1173d commits:0 active_maint:0 closed:0 merged:0,https://science.ecosyste.ms/projects/1133
1866,Syd,https://github.com/landoskape/syd,dormant,93.0,7.7025561132685825,0,Scientific Software,Peer-reviewed,Python,landoskape,Andrew Landau,user,University College London,,pypi,syd,80,1,0,1,30,0,380,,129,1,6,1,0.0,0.0,1,0,"",3,19,2,15,0,0,push:129d release:380d commits:6 active_maint:0 closed:17 merged:15,https://science.ecosyste.ms/projects/10
1867,SneakerNet,https://github.com/lskatz/sneakernet,dormant,95.0,5.700443573390686,0,Scientific Software,Peer-reviewed,Perl,lskatz,Lee Katz,user,CDC (work) + personal projects,https://lskatz.github.io,,,0,,,,12,0,,,605,13,0,0,0.3830687830687831,0.0,1,0,"",1,1,0,1,0,0,push:605d commits:0 active_maint:0 closed:1 merged:1,https://science.ecosyste.ms/projects/1917
1868,netroles,https://github.com/muellerj2/netroles,dormant,100.0,0.6931471805599453,0,Scientific Software,Peer-reviewed,Java,muellerj2,,user,,,,,0,,,,0,0,,,93,2,20,1,0.4460431654676259,0.0,1,0,"",0,37,0,21,0,0,push:93d commits:0 active_maint:0 closed:25 merged:21,https://science.ecosyste.ms/projects/862
1869,MassMine,https://github.com/n3mo/massmine,unknown,95.0,5.690359454324061,0,Scientific Software,Peer-reviewed,Scheme,n3mo,Nicholas M. Van Horn,user,,http://nicholasvanhorn.com,,,0,,,,73,0,,,1469,4,0,0,0.05633802816901412,0.0,1,0,"",0,0,0,0,0,0,push:1469d commits:0 active_maint:0 closed:0 merged:0,https://science.ecosyste.ms/projects/3083
1870,"Sepia, a taxonomy oriented read classifier in Rust",https://github.com/hcdenbakker/sepia,dormant,95.0,5.683579767338681,0,Scientific Software,Peer-reviewed,Rust,hcdenbakker,Henk den Bakker,user,"Center for Food Safety, University of Georgia",,,,0,,,,46,0,,,230,7,5,1,0.37735849056603776,0.0,2,0,"",1,1,0,1,0,0,push:230d commits:5 active_maint:0 closed:1 merged:1,https://science.ecosyste.ms/projects/1650
1871,COLNA,https://github.com/ibm/complex-linear-network-analyzer,dead,93.0,7.67786350067821,0,Scientific Software,Peer-reviewed,Python,IBM,International Business Machines,organization,,https://www.ibm.com/opensource/,pypi,complex-linear-network-analyzer,34,1,0,1,7,1,2347,,1949,6,0,0,0.10526315789473684,0.0,0,0,"",0,0,0,0,0,0,archived push:1949d release:2347d commits:0 active_maint:0 closed:0 merged:0,https://science.ecosyste.ms/projects/2290
1872,PYroMat,https://github.com/chmarti1/pyromat,dormant,95.0,5.673323267171493,0,Scientific Software,Peer-reviewed,Python,chmarti1,Chris Martin,user,Penn State University,http://sites.psu.edu/cmartin,,,0,,,,82,0,,,4,3,3,1,0.19762845849802368,0.0,2,0,"",14,2,9,0,0,0,push:4d commits:3 active_maint:0 closed:11 merged:0,https://science.ecosyste.ms/projects/1349
1873,Semi-Automatic Classification Plugin,https://github.com/semiautomaticgit/semiautomaticclassificationplugin,dormant,93.0,7.65254569269392,0,Scientific Software,Peer-reviewed,Python,semiautomaticgit,Luca Congedo,user,,https://fromgistors.blogspot.com,,,0,,,,166,0,,,62,16,11,4,0.1876923076923077,0.2727272727272727,1,0,"",13,1,5,0,0,0,push:62d commits:11 active_maint:0 closed:5 merged:0,https://science.ecosyste.ms/projects/1788
1874,mmrefpoints,https://github.com/mcsiple/mmrefpoints,unknown,98.0,2.6390573296152584,0,Scientific Software,Peer-reviewed,R,mcsiple,Margaret Siple,user,,,,,0,,,,3,0,,,1507,2,0,0,0.0025510204081632404,0.0,1,0,"",0,0,0,0,0,0,push:1507d commits:0 active_maint:0 closed:0 merged:0,https://science.ecosyste.ms/projects/1580
1875,PsiRESP,https://github.com/lilyminium/psiresp,dead,93.0,7.635303886259415,0,Scientific Software,Peer-reviewed,Python,lilyminium,Lily Wang,user,"@OpenForceField, @MDAnalysis",,"pypi,conda","psiresp,psiresp-base",26,1,1,1,32,0,1578,,1161,1,0,0,0.0,0.0,1,0,"",1,0,0,0,0,0,push:1161d release:1578d commits:0 active_maint:0 closed:0 merged:0,https://science.ecosyste.ms/projects/1527
1876,TTLocVis,https://github.com/xillig/ttlocvis,unknown,95.0,5.634789603169249,0,Scientific Software,Peer-reviewed,Python,xillig,Gillian Kant,user,,,pypi,ttlocvis,8,1,0,1,6,0,2260,,1499,4,0,0,0.5111111111111111,0.0,0,0,"",0,0,0,0,0,0,push:1499d release:2260d commits:0 active_maint:0 closed:0 merged:0,https://science.ecosyste.ms/projects/2075
1877,rTASSEL,https://github.com/maize-genetics/rtassel,active,95.0,5.631211781821365,0,Scientific Software,Peer-reviewed,R,maize-genetics,Maize Genetics,organization,,https://www.maizegenetics.net/,,,0,,,,34,0,,,76,9,57,1,0.14480874316939896,0.0,1,1,btmonier,8,7,1,7,0,0,push:76d commits:57 active_maint:1 closed:8 merged:7,https://science.ecosyste.ms/projects/1441
1878,ThermoFun,https://github.com/thermohub/thermofun,active,95.0,5.631211781821365,0,Scientific Software,Peer-reviewed,C++,thermohub,ThermoHub,organization,,https://thermohub.org/,,,0,,,,33,0,,,182,9,35,3,0.2756218905472637,0.37142857142857144,1,1,gdmiron,2,16,0,12,0,0,push:182d commits:35 active_maint:1 closed:13 merged:12,https://science.ecosyste.ms/projects/1227
1879,Scarlet,https://github.com/rajarshi008/scarlet,unknown,93.0,7.624618986159398,0,Scientific Software,Peer-reviewed,Python,rajarshi008,Rajarshi Roy,user,Max Planck Institute for Software systems,,pypi,scarlet-ltl,14,0,0,2,13,0,962,,565,8,0,0,0.23188405797101452,0.0,0,0,"",0,0,0,0,0,0,push:565d release:962d commits:0 active_maint:0 closed:0 merged:0,https://science.ecosyste.ms/projects/876
1880,pypesto,https://github.com/icb-dcm/pypesto,active,85.0,15.622974726957507,0,,,Python,ICB-DCM,Data-driven Computational Modelling,organization,,https://www.mathematics-and-life-sciences.uni-bonn.de/de?setlanguage=en,pypi,pypesto,486,3,2,3,275,0,435,,16,32,79,10,0.6721311475409837,0.5569620253164558,13,7,"PaulJonasJost,dweindl,arrjon,vwiela,dilpath,EchoRLiu,plakrisenko",8,61,2,37,0,0,push:16d release:435d commits:74 active_maint:7 closed:39 merged:37,https://science.ecosyste.ms/projects/37896
1881,Scyland3D,https://github.com/ybayle/scyland3d,unknown,93.0,7.620705086838262,0,Scientific Software,Peer-reviewed,Python,ybayle,Yann Bayle,user,Reef Pulse,http://yannbayle.fr,pypi,scyland3d,49,1,0,1,10,0,2368,,1919,4,0,0,0.2545454545454545,0.0,0,0,"",0,0,0,0,0,0,push:1919d release:2368d commits:0 active_maint:0 closed:0 merged:0,https://science.ecosyste.ms/projects/2310
1882,chloroExtractor,https://github.com/chloroextractorteam/chloroextractor,unknown,95.0,5.60947179518496,0,Scientific Software,Peer-reviewed,Perl,chloroExtractorTeam,chloroExtractorTeam,organization,,,,,0,,,,4,0,,,2647,13,0,0,0.5497470489038786,0.0,6,0,"",0,0,0,0,0,0,push:2647d commits:0 active_maint:0 closed:0 merged:0,https://science.ecosyste.ms/projects/2932
1883,Magicwand,https://github.com/twosixlabs/magicwand-datatool,unknown,93.0,7.60887062919126,0,Scientific Software,Peer-reviewed,Python,twosixlabs,Two Six Technologies,organization,,https://www.twosixtech.com,pypi,magicwand,17,1,0,3,24,0,1898,,1891,4,0,0,0.46875,0.0,1,0,"",0,0,0,0,0,0,push:1891d release:1898d commits:0 active_maint:0 closed:0 merged:0,https://science.ecosyste.ms/projects/1885
1884,tightbinder,https://github.com/alejandrojuria/tightbinder,dormant,93.0,7.566311014772463,0,Scientific Software,Peer-reviewed,Python,alejandrojuria,,user,,https://alejandrojuria.github.io/,pypi,tightbinder,22,0,0,1,22,0,930,,282,4,4,1,0.02493765586034913,0.0,0,0,"",1,0,1,0,0,0,push:282d release:930d commits:4 active_maint:0 closed:1 merged:0,https://science.ecosyste.ms/projects/842
1885,WhaleMap,https://github.com/hansenjohnson/whalemap,active,95.0,5.552959584921617,0,Scientific Software,Peer-reviewed,R,hansenjohnson,Hansen Johnson,user,Dalhousie University,https://hansenjohnson.org/,,,0,,,,23,0,,,92,11,31,6,0.023240371845949515,0.25806451612903225,2,0,"",1,0,1,0,0,0,push:92d commits:31 active_maint:0 closed:1 merged:0,https://science.ecosyste.ms/projects/1863
1886,message-ix,https://github.com/iiasa/message_ix,active,85.0,15.550985349181095,0,,,Jupyter Notebook,iiasa,IIASA,organization,,https://www.iiasa.ac.at,"pypi,conda,go","message-ix,github.com/iiasa/message_ix",772,1,1,3,149,0,422,,22,30,132,9,0.4812805208898535,0.38636363636363635,5,2,"khaeru,glatterf42",12,31,2,16,0,0,push:22d release:422d commits:118 active_maint:2 closed:22 merged:16,https://science.ecosyste.ms/projects/59919
1887,exoTEDRF,https://github.com/radicamc/exotedrf,active,93.0,7.549609165154532,0,Scientific Software,Peer-reviewed,Python,radicamc,Michael Radica,user,,https://radicamc.github.io,pypi,exotedrf,93,0,1,1,6,0,443,,16,5,43,1,0.007288629737609353,0.0,1,1,radicamc,4,10,2,9,0,0,push:16d release:443d commits:43 active_maint:1 closed:11 merged:9,https://science.ecosyste.ms/projects/517
1888,DNAtools,https://github.com/mikldk/dnatools,dormant,93.0,7.549609165154532,0,Scientific Software,Peer-reviewed,R,mikldk,Mikkel Meyer Andersen,user,,,cran,DNAtools,376,2,1,1,0,0,1596,,237,5,1,1,0.16091954022988508,0.0,0,0,"",0,0,0,0,0,0,push:237d release:1596d commits:1 active_maint:0 closed:0 merged:0,https://science.ecosyste.ms/projects/2333
1889,lintsampler,https://github.com/aneeshnaik/lintsampler,dormant,93.0,7.548555979169873,0,Scientific Software,Peer-reviewed,Python,aneeshnaik,Aneesh Naik,user,,https://aneeshnaik.github.io/,pypi,lintsampler,72,0,0,1,17,0,673,,3,2,0,0,0.21014492753623193,0.0,2,0,"",2,2,1,1,0,0,push:3d release:673d commits:0 active_maint:0 closed:3 merged:1,https://science.ecosyste.ms/projects/469
1890,MetaCast,https://github.com/m-d-grunnill/metacast,unknown,95.0,5.529429087511423,0,Scientific Software,Peer-reviewed,Python,m-d-grunnill,Martin Grunnill,user,York University,,pypi,metacast,20,0,0,1,3,0,738,,625,3,0,0,0.07228915662650603,0.0,1,0,"",0,0,0,0,0,0,push:625d release:738d commits:0 active_maint:0 closed:0 merged:0,https://science.ecosyste.ms/projects/589
1891,DistributedSparseGrids.jl,https://github.com/baxmittens/distributedsparsegrids.jl,unknown,95.0,5.529429087511423,0,Scientific Software,Peer-reviewed,Julia,baxmittens,Max Bittens,user,,,julia,DistributedSparseGrids,0,0,1,0,22,0,544,,542,3,0,0,0.11147540983606552,0.0,1,0,"",0,0,0,0,0,0,push:542d release:544d commits:0 active_maint:0 closed:0 merged:0,https://science.ecosyste.ms/projects/1223
1892,ComFiT,https://github.com/vidarsko/comfit,dormant,95.0,5.529429087511423,0,Scientific Software,Peer-reviewed,Jupyter Notebook,vidarsko,Vidar Skogvoll,user,,,,,0,,,,16,0,,,177,9,1,1,0.3499616270145818,0.0,3,0,"",17,0,8,0,0,0,push:177d commits:1 active_maint:0 closed:8 merged:0,https://science.ecosyste.ms/projects/646
1893,Disimpy,https://github.com/kerkelae/disimpy,dormant,93.0,7.528331766707247,0,Scientific Software,Peer-reviewed,Python,kerkelae,Leevi,user,,,pypi,disimpy,13,1,0,1,30,0,1149,,635,4,0,0,0.04972375690607733,0.0,2,0,"",3,0,1,0,0,0,push:635d release:1149d commits:0 active_maint:0 closed:1 merged:0,https://science.ecosyste.ms/projects/2150
1894,activAnalyzer,https://github.com/pydemull/activanalyzer,dormant,93.0,7.525100746125801,0,Scientific Software,Peer-reviewed,R,pydemull,Pierre-Yves de Müllenheim,user,IFEPSA-UCO,https://pydemull.github.io/website-quarto/,cran,activAnalyzer,308,0,0,1,4,0,675,,496,1,0,0,0.0,0.0,1,0,"",1,5,1,5,0,0,push:496d release:675d commits:0 active_maint:0 closed:6 merged:5,https://science.ecosyste.ms/projects/1314
1895,deepCR,https://github.com/profjsb/deepcr,unknown,95.0,5.521460917862246,0,Scientific Software,Peer-reviewed,Python,profjsb,Joshua Bloom,user,UC Berkeley,jøsh.org,,,0,,,,55,0,,,833,5,0,0,0.4147727272727273,0.0,2,0,"",0,0,0,0,0,0,push:833d commits:0 active_maint:0 closed:0 merged:0,https://science.ecosyste.ms/projects/2464
1896,Dimensionally Aligned Signal Projection Algorithms Library,https://github.com/ornl/dasp-stacker,dormant,98.0,2.4849066497880004,0,Scientific Software,Peer-reviewed,Python,ORNL,Oak Ridge National Laboratory,organization,,http://software.ornl.gov,,,0,,,,4,0,,,605,3,0,0,0.30000000000000004,0.0,0,0,"",0,1,0,1,0,0,push:605d commits:0 active_maint:0 closed:1 merged:1,https://science.ecosyste.ms/projects/369
1897,mamonca,https://github.com/samwaseda/mamonca,dormant,95.0,5.480638923341991,0,Scientific Software,Peer-reviewed,Jupyter Notebook,samwaseda,Sam Dareska,user,Sam and his funny friends,http://www.sams-studio.com,pypi,mamonca,18,1,0,1,2,0,772,,347,4,1,1,0.016901408450704203,0.0,1,1,samwaseda,0,7,0,5,0,0,push:347d release:772d commits:1 active_maint:1 closed:5 merged:5,https://science.ecosyste.ms/projects/542
1898,Rainbow,https://github.com/alphonsg/rainbow-optical-flow-for-ali,unknown,95.0,5.480638923341991,0,Scientific Software,Peer-reviewed,Python,AlphonsG,,user,,,pypi,rainbow-optical-flow,13,1,0,1,4,0,1578,,1508,4,0,0,0.09580838323353291,0.0,2,0,"",0,0,0,0,0,0,push:1508d release:1578d commits:0 active_maint:0 closed:0 merged:0,https://science.ecosyste.ms/projects/1568
1899,wbacon,https://github.com/tobiasschoch/wbacon,dormant,93.0,7.465082736399548,0,Scientific Software,Peer-reviewed,C,tobiasschoch,Tobias Schoch,user,University of Applied Sciences Northwestern Switzerland,schoch.website,cran,wbacon,579,1,1,1,3,0,453,,443,1,0,0,0.0,0.0,0,0,"",1,0,1,0,0,0,push:443d release:453d commits:0 active_maint:0 closed:1 merged:0,https://science.ecosyste.ms/projects/1870
1900,PyBox,https://github.com/loftytopping/pybox,dead,95.0,5.459585514144159,0,Scientific Software,Peer-reviewed,Python,loftytopping,David Topping,user,Currently University of Manchester,http://davidtoppingsci.com/,,,0,,,,41,0,,,2095,5,0,0,0.22869955156950672,0.0,1,0,"",1,0,0,0,0,0,push:2095d commits:0 active_maint:0 closed:0 merged:0,https://science.ecosyste.ms/projects/2788
1901,PolSAR tools: A QGIS plugin for generating SAR descriptors,https://github.com/polsartools/polsartools-qgis,active,95.0,5.455321115357702,0,,,Python,polsartools,PolSAR tools,organization,,,,,0,,,,43,0,,,82,5,29,1,0.15555555555555556,0.0,1,1,Narayana-Rao,2,1,1,1,0,0,push:82d commits:29 active_maint:1 closed:2 merged:1,https://science.ecosyste.ms/projects/373902
1902,ClassiPyGRB,https://github.com/kenethgarcia/classipygrb,unknown,93.0,7.454719949364001,0,Scientific Software,Peer-reviewed,Python,KenethGarcia,Keneth Garcia,user,"Instituto de Ciencias Nucleares, UNAM, Campus CU, México",https://stivengarcia7113.wixsite.com/kenethgarcia,pypi,classipygrb,23,0,0,1,19,0,1165,,778,4,0,0,0.2924528301886793,0.0,0,0,"",0,0,0,0,0,0,push:778d release:1165d commits:0 active_maint:0 closed:0 merged:0,https://science.ecosyste.ms/projects/745
1903,ENASearch,https://github.com/bebatut/enasearch,unknown,93.0,7.44716835960004,0,Scientific Software,Peer-reviewed,Python,bebatut,Bérénice Batut,user,University of Freiburg,http://research.bebatut.fr/,pypi,enasearch,47,1,0,1,25,0,3203,,1815,1,0,0,0.0,0.0,1,0,"",0,0,0,0,0,0,push:1815d release:3203d commits:0 active_maint:0 closed:0 merged:0,https://science.ecosyste.ms/projects/2969
1904,Riroriro,https://github.com/wvanzeist/riroriro,dormant,93.0,7.438971592395862,0,Scientific Software,Peer-reviewed,Python,wvanzeist,Wouter van Zeist,user,,,pypi,riroriro,19,1,0,1,28,0,1863,,398,3,1,1,0.012422360248447228,0.0,1,0,"",1,0,0,0,0,0,push:398d release:1863d commits:1 active_maint:0 closed:0 merged:0,https://science.ecosyste.ms/projects/1958
1905,special,https://github.com/vchristiaens/special,unknown,93.0,7.426549072397305,0,Scientific Software,Peer-reviewed,Python,VChristiaens,,user,,,pypi,special,205,4,0,1,4,0,1024,,1024,2,0,0,0.018957345971563955,0.0,1,0,"",0,0,0,0,0,0,push:1024d release:1024d commits:0 active_maint:0 closed:0 merged:0,https://science.ecosyste.ms/projects/1377
1906,pfsspy,https://github.com/dstansby/pfsspy,dead,95.0,5.41610040220442,0,Scientific Software,Peer-reviewed,Python,dstansby,David Stansby,user,UCL,https://www.davidstansby.com,,,0,,,,46,1,,,1071,5,0,0,0.06871345029239762,0.0,1,0,"",0,0,0,0,0,0,archived push:1071d commits:0 active_maint:0 closed:0 merged:0,https://science.ecosyste.ms/projects/2085
1907,Back to sequences,https://github.com/pierrepeterlongo/back_to_sequences,active,95.0,5.41610040220442,0,Scientific Software,Peer-reviewed,Rust,pierrepeterlongo,Pierre Peterlongo,user,@Inria ,http://people.rennes.inria.fr/Pierre.Peterlongo/,,,0,,,,49,0,,,28,5,57,2,0.13961038961038963,0.01754385964912286,1,1,pierrepeterlongo,1,2,0,1,0,0,push:28d commits:57 active_maint:1 closed:2 merged:1,https://science.ecosyste.ms/projects/488
1908,SeisModels.jl,https://github.com/anowacki/seismodels.jl,dormant,95.0,5.4116460518550396,0,Scientific Software,Peer-reviewed,Julia,anowacki,Andy Nowacki,user,,http://homepages.see.leeds.ac.uk/~earanow/,julia,SeisModels,0,0,1,0,8,0,870,,24,7,3,2,0.14529914529914534,0.33333333333333337,1,0,"",0,1,0,0,0,0,push:24d release:870d commits:1 active_maint:0 closed:0 merged:0,https://science.ecosyste.ms/projects/2276
1909,POSEIDON,https://github.com/martiancolonist/poseidon,active,95.0,5.402677381872279,0,Scientific Software,Peer-reviewed,Python,MartianColonist,Ryan MacDonald,user,,http://DistantWorlds.space,,,0,,,,45,0,,,52,7,156,3,0.33202202989771834,0.47435897435897434,5,1,MartianColonist,1,6,1,3,0,0,push:52d commits:156 active_maint:1 closed:6 merged:3,https://science.ecosyste.ms/projects/1278
1910,pycoxmunk,https://github.com/simonrp84/pycoxmunk,dormant,95.0,5.393627546352362,0,Scientific Software,Peer-reviewed,Python,simonrp84,Simon Proud,user,ESA,,"pypi,conda",pycoxmunk,10,0,0,1,9,0,1130,,352,2,15,2,0.048484848484848464,0.33333333333333337,1,0,"",0,1,0,1,0,0,push:352d release:1130d commits:10 active_maint:0 closed:1 merged:1,https://science.ecosyste.ms/projects/1104
1911,pygwb,https://github.com/a-renzini/pygwb,dormant,95.0,5.375278407684165,0,Scientific Software,Peer-reviewed,Jupyter Notebook,a-renzini,Arianna Renzini,user,,,,,0,,,,4,0,,,98,55,3,2,0.6794956867949569,0.33333333333333337,0,0,"",0,0,0,0,0,0,push:98d commits:3 active_maint:0 closed:0 merged:0,https://science.ecosyste.ms/projects/813
1912,EDO.js,https://github.com/michaelsel/edojs,unknown,93.0,7.348587530927593,0,Scientific Software,Peer-reviewed,JavaScript,MichaelSel,,user,,,npm,edo.js,34,1,1,1,6,0,1276,,984,3,0,0,0.31746031746031744,0.0,0,0,"",0,0,0,0,0,0,push:984d release:1276d commits:0 active_maint:0 closed:0 merged:0,https://science.ecosyste.ms/projects/1692
1913,dlmmc,https://github.com/justinalsing/dlmmc,unknown,95.0,5.337538079701318,0,Scientific Software,Peer-reviewed,Jupyter Notebook,justinalsing,Justin Alsing,user,,,,,0,,,,25,0,,,2291,8,0,0,0.19685039370078738,0.0,1,0,"",0,0,0,0,0,0,push:2291d commits:0 active_maint:0 closed:0 merged:0,https://science.ecosyste.ms/projects/2586
1914,OT_Analysis,https://github.com/phpuech/ot_analysis,unknown,95.0,5.337538079701318,0,Scientific Software,Peer-reviewed,Python,phpuech,ph puech,user,Public research institute / Inserm,phpuech.wordpress.com,pypi,ot-analysis,12,0,0,1,3,0,1484,,1027,4,0,0,0.4032258064516129,0.0,1,0,"",0,0,0,0,0,0,push:1027d release:1484d commits:0 active_maint:0 closed:0 merged:0,https://science.ecosyste.ms/projects/953
1915,Eaglescope,https://github.com/sharmalab/eaglescope,dormant,95.0,5.337538079701318,0,Scientific Software,Peer-reviewed,JavaScript,sharmalab,sharmalab,organization,,,,,0,,,,10,0,,,57,8,2,1,0.19999999999999996,0.0,2,1,birm,0,1,0,1,0,0,push:57d commits:2 active_maint:1 closed:1 merged:1,https://science.ecosyste.ms/projects/396
1916,UnlockNN,https://github.com/a-ws-m/unlocknn,dead,93.0,7.325148957955575,0,Scientific Software,Peer-reviewed,PureBasic,a-ws-m,Alex Moriarty,user,,,pypi,unlocknn,21,1,0,1,27,0,1486,,1486,2,0,0,0.0032573289902280145,0.0,1,0,"",1,0,0,0,0,0,push:1486d release:1486d commits:0 active_maint:0 closed:0 merged:0,https://science.ecosyste.ms/projects/1469
1917,iTensor,https://github.com/rikenbit/itensor,dormant,93.0,7.323830566202317,0,Scientific Software,Peer-reviewed,R,rikenbit,RIKEN BiT,organization,,https://bit.riken.jp/,cran,iTensor,209,1,1,1,2,0,1189,,32,4,5,1,0.13888888888888884,0.0,0,0,"",0,0,0,0,0,0,push:32d release:1189d commits:5 active_maint:0 closed:0 merged:0,https://science.ecosyste.ms/projects/1069
1918,seismolab,https://github.com/konkolyseismolab/seismolab,dormant,93.0,7.313220387090301,0,Scientific Software,Peer-reviewed,Python,konkolyseismolab,konkolyseismolab,organization,,,pypi,seismolab,149,0,0,1,6,0,661,,631,2,0,0,0.005291005291005346,0.0,0,0,"",6,1,6,1,0,0,push:631d release:661d commits:0 active_maint:0 closed:7 merged:1,https://science.ecosyste.ms/projects/417
1919,ambrosia,https://github.com/jgcri/ambrosia,dormant,98.0,2.3025850929940455,0,Scientific Software,Peer-reviewed,R,JGCRI,Joint Global Change Research Institute,organization,,https://www.pnnl.gov/projects/jgcri,,,0,,,,3,0,,,58,5,7,1,0.5236363636363637,0.0,1,0,"",1,12,0,10,0,0,push:58d commits:7 active_maint:0 closed:10 merged:10,https://science.ecosyste.ms/projects/1948
1920,Prism,https://github.com/cmadan/prism,unknown,98.0,2.3025850929940455,0,Scientific Software,Peer-reviewed,MATLAB,cMadan,Christopher Madan,user,University of Nottingham,http://www.cmadan.com,,,0,,,,5,0,,,2501,2,0,0,0.0357142857142857,0.0,1,0,"",0,0,0,0,0,0,push:2501d commits:0 active_maint:0 closed:0 merged:0,https://science.ecosyste.ms/projects/3120
1921,Ensight4Matlab,https://github.com/itwm-tvfs/ensight4matlab,unknown,98.0,2.302585092994046,0,Scientific Software,Peer-reviewed,GLSL,ITWM-TVFS,ITWM - TV Flexible Structures,organization,,http://www.itwm.fraunhofer.de/en/departments/transport-processes/flexible-structures.html,,,0,,,,10,0,,,2712,1,0,0,0.0,0.0,0,0,"",0,0,0,0,0,0,push:2712d commits:0 active_maint:0 closed:0 merged:0,https://science.ecosyste.ms/projects/2944
1922,udpPacketManager,https://github.com/david-mckenna/udppacketmanager,active,98.0,2.3025850929940455,0,Scientific Software,Peer-reviewed,C,David-McKenna,David McKenna,user,Dublin Institute for Advanced Studies,,,,0,,,,2,0,,,361,2,0,0,0.020000000000000018,0.0,1,0,"",0,0,0,0,0,0,push:361d commits:0 active_maint:0 closed:0 merged:0,https://science.ecosyste.ms/projects/734
1923,amisrsynthdata,https://github.com/amisr/amisrsynthdata,dead,93.0,7.2909747781429814,0,Scientific Software,Peer-reviewed,Jupyter Notebook,amisr,amisr,organization,,,pypi,amisrsynthdata,162,0,0,1,4,0,620,,604,1,0,0,0.0,0.0,0,0,"",1,0,0,0,0,0,push:604d release:620d commits:0 active_maint:0 closed:0 merged:0,https://science.ecosyste.ms/projects/363
1924,fieldcompare,https://gitlab.com/dglaeser/fieldcompare,dormant,89.0,11.287366498889034,0,Scientific Software,Peer-reviewed,,dglaeser,Dennis Gläser,user,,"",pypi,fieldcompare,874,1,0,2,4,0,443,,,6,8,1,0.10126582278481011,0.0,0,0,"",,,,,0,0,release:443d commits:8 active_maint:0 closed:0 merged:0,https://science.ecosyste.ms/projects/1257
1925,Panako,https://github.com/jorensix/panako,dead,93.0,7.280697195384741,0,Scientific Software,Peer-reviewed,Java,JorenSix,Joren Six,user,"IPEM, University Ghent",http://0110.be,,,0,,,,259,0,,,790,6,0,0,0.03208556149732622,0.0,1,0,"",1,1,0,0,0,0,push:790d commits:0 active_maint:0 closed:0 merged:0,https://science.ecosyste.ms/projects/1375
1926,pvpumpingsystem,https://github.com/tylunel/pvpumpingsystem,unknown,95.0,5.278114659230517,0,Scientific Software,Peer-reviewed,Python,,,,,,pypi,pvpumpingsystem,12,1,0,1,7,0,2117,,992,2,0,0,0.004750593824228044,0.0,0,0,"",0,0,0,0,0,0,push:992d release:2117d commits:0 active_maint:0 closed:0 merged:0,https://science.ecosyste.ms/projects/2071
1927,circl,https://github.com/cloudflare/circl,active,67.0,33.276179845501126,0,,,Go,cloudflare,Cloudflare,organization,,https://www.cloudflare.com,go,"github.com/cloudflare/circl/sign/dilithium/internal/common/asm,github.com/cloudflare/circl/internal/conv,github.com/cloudflare/circl/sign/ed25519,github.com/cloudflare/circl/sign/internal/dilithium/asm,github.com/cloudflare/circl/math/fp448,github.com/cloudflare/circl/math/mlsbset,github.com/cloudflare/circl/math,github.com/cloudflare/circl/ecc/goldilocks,github.com/cloudflare/circl/dh/x25519,github.com/cloudflare/circl/pke/kyber/internal/common/asm,github.com/cloudflare/circl/dh/x448,github.com/cloudflare/circl/simd/keccakf1600/internal/asm,github.com/Cloudflare/circl,github.com/cloudflare/circl/sign,github.com/cloudflare/circl/sign/ed448,github.com/cloudflare/circl/internal/sha3,github.com/cloudflare/circl",0,2787,6861,0,1698,0,337,,8,37,105,14,0.50571791613723,0.6761904761904762,1,1,bwesterb,7,80,5,63,4,0,push:8d release:337d commits:104 active_maint:1 closed:75 merged:63 adv:4/0,https://science.ecosyste.ms/projects/39034
1928,G2Aero,https://github.com/nrel/g2aero,dormant,95.0,5.2574953720277815,0,Scientific Software,Peer-reviewed,HTML,NREL,National Renewable Energy Laboratory,organization,,http://www.nrel.gov,conda,g2aero,0,1,1,0,16,0,1529,,346,6,7,1,0.15600000000000003,0.0,1,1,olgadoronina,0,3,0,0,0,0,push:346d release:1529d commits:7 active_maint:1 closed:3 merged:0,https://science.ecosyste.ms/projects/993
1929,Aronnax,https://github.com/edoddridge/aronnax,dead,95.0,5.2574953720277815,0,Scientific Software,Peer-reviewed,Fortran,edoddridge,Ed Doddridge,user,University of Tasmania,www.doddridge.me,,,0,,,,25,0,,,926,3,0,0,0.21715526601520085,0.0,2,0,"",1,0,0,0,0,0,push:926d commits:0 active_maint:0 closed:0 merged:0,https://science.ecosyste.ms/projects/2835
1930,Systems Neuro Browser (SNUB),https://github.com/calebweinreb/snub,dormant,93.0,7.238496840894365,0,Scientific Software,Peer-reviewed,Python,calebweinreb,Caleb Weinreb,user,,,pypi,systems-neuro-browser,15,0,0,1,29,0,748,,281,3,0,0,0.015544041450777257,0.0,1,0,"",1,1,1,0,0,0,push:281d release:748d commits:0 active_maint:0 closed:1 merged:0,https://science.ecosyste.ms/projects/771
1931,singcar,https://github.com/jorittmo/singcar,unknown,93.0,7.233455418621439,0,Scientific Software,Peer-reviewed,R,jorittmo,Jonathan Rittmo,user,,,cran,singcar,276,0,0,1,5,0,1232,,1232,1,0,0,0.0,0.0,1,0,"",0,0,0,0,0,0,push:1232d release:1232d commits:0 active_maint:0 closed:0 merged:0,https://science.ecosyste.ms/projects/1647
1932,h5preserve,https://github.com/h5preserve/h5preserve,dormant,93.0,7.229838778151251,0,Scientific Software,Peer-reviewed,Python,h5preserve,h5preserve,organization,,https://h5preserve.readthedocs.io/en/latest/,pypi,h5preserve,64,4,0,1,3,0,934,,606,2,0,0,0.23036649214659688,0.0,2,0,"",0,19,0,0,0,0,push:606d release:934d commits:0 active_maint:0 closed:16 merged:0,https://science.ecosyste.ms/projects/2899
1933,DataDepsGenerators.jl,https://github.com/oxinabox/datadepsgenerators.jl,unknown,95.0,5.225746673713202,0,Scientific Software,Peer-reviewed,Julia,oxinabox,Frames White,user,@JuliaComputing,https://www.oxinabox.net/,"go,julia","github.com/oxinabox/DataDepsGenerators.jl,github.com/oxinabox/datadepsgenerators.jl,DataDepsGenerators",0,0,0,0,17,0,2161,,2161,6,0,0,0.26315789473684215,0.0,2,0,"",0,0,0,0,0,0,push:2161d release:2161d commits:0 active_maint:0 closed:0 merged:0,https://science.ecosyste.ms/projects/2724
1934,SOUPy,https://github.com/hippylib/soupy,dormant,95.0,5.220355825078324,0,Scientific Software,Peer-reviewed,Jupyter Notebook,hippylib,hippylib,organization,,,,,0,,,,37,0,,,427,5,0,0,0.16279069767441856,0.0,2,0,"",0,4,0,2,0,0,push:427d commits:0 active_maint:0 closed:2 merged:2,https://science.ecosyste.ms/projects/570
1935,HostPhot,https://github.com/temuller/hostphot,active,93.0,7.210079628170789,0,Scientific Software,Peer-reviewed,Python,temuller,Tomás E. Müller Bravo,user,Institute of Space Sciences (ICE-CSIC),https://temuller.github.io/,pypi,hostphot,39,1,0,1,9,0,430,,42,3,43,1,0.45927601809954754,0.0,1,1,temuller,4,0,3,0,0,0,push:42d release:430d commits:43 active_maint:1 closed:3 merged:0,https://science.ecosyste.ms/projects/1436
1936,MolPainter,https://github.com/gpantel/molpainter,unknown,93.0,7.207859871432475,0,Scientific Software,Peer-reviewed,Python,gpantel,,user,,,pypi,"molpainter,molpainter-gpantel",72,1,0,2,10,0,1124,,1124,2,0,0,0.25,0.0,2,0,"",0,0,0,0,0,0,push:1124d release:1124d commits:0 active_maint:0 closed:0 merged:0,https://science.ecosyste.ms/projects/1164
1937,Chitin Builder,https://github.com/soft-matter-theory-at-icmab-csic/chitin_builder,unknown,98.0,2.1972245773362196,0,Scientific Software,Peer-reviewed,Rich Text Format,soft-matter-theory-at-icmab-csic,Soft Matter Theory at ICMAB-CSIC,organization,,https://departments.icmab.es/softmattertheory/,,,0,,,,3,0,,,912,3,0,0,0.38139534883720927,0.0,2,0,"",0,0,0,0,0,0,push:912d commits:0 active_maint:0 closed:0 merged:0,https://science.ecosyste.ms/projects/847
1938,registr 2.0,https://github.com/julia-wrobel/registr,dormant,95.0,5.19295685089021,0,Scientific Software,Peer-reviewed,HTML,julia-wrobel,Julia Wrobel,user,University of Colorado School of Public Health,juliawrobel.com,,,0,,,,17,0,,,164,10,10,2,0.6474820143884892,0.09999999999999998,3,0,"",0,1,0,1,0,0,push:164d commits:10 active_maint:0 closed:1 merged:1,https://science.ecosyste.ms/projects/1901
1939,REGENS,https://github.com/epistasislab/regens,unknown,95.0,5.19295685089021,0,Scientific Software,Peer-reviewed,Python,EpistasisLab,Epistasis Lab at Cedars Sinai,organization,,http://epistasis.org,pypi,regens,13,1,0,1,4,0,2074,,1973,3,0,0,0.16883116883116878,0.0,2,0,"",0,0,0,0,0,0,push:1973d release:2074d commits:0 active_maint:0 closed:0 merged:0,https://science.ecosyste.ms/projects/1961
1940,"TelescopeML -- I. An End-to-End Python Package for Interpreting Telescope Datasets through Training Machine Learning Models, Generating Statistical Reports, and Visualizing Results",https://github.com/ehsangharibnezhad/telescopeml,dead,93.0,7.1785454837637,0,Scientific Software,Peer-reviewed,Python,EhsanGharibNezhad,Ehsan (Sam) Gharib-Nezhad,user,NASA Ames Research Center,https://www.linkedin.com/in/ehsan-gharib-nezhad/,pypi,telescopeml,18,0,0,1,14,0,785,,645,3,0,0,0.04750593824228033,0.0,2,0,"",0,10,0,0,0,0,push:645d release:785d commits:0 active_maint:0 closed:0 merged:0,https://science.ecosyste.ms/projects/584
1941,Imbalance,https://github.com/juliaai/imbalance.jl,active,93.0,7.171656822768514,0,Scientific Software,Peer-reviewed,Julia,JuliaAI,JuliaAI,organization,,https://github.com/alan-turing-institute/MLJ.jl,julia,Imbalance,0,0,0,0,31,0,867,,29,4,40,3,0.1292134831460674,0.09999999999999998,2,1,ablaom,4,16,1,8,0,0,push:29d release:867d commits:37 active_maint:1 closed:15 merged:8,https://science.ecosyste.ms/projects/780
1942,sknet,https://github.com/tnanukem/scikit-net,unknown,93.0,7.171656822768514,0,Scientific Software,Peer-reviewed,Python,TNanukem,Tiago Toledo Junior,user,,,pypi,scikit-net,29,1,0,1,23,0,1159,,1125,2,0,0,0.01041666666666663,0.0,1,0,"",0,0,0,0,0,0,push:1125d release:1159d commits:0 active_maint:0 closed:0 merged:0,https://science.ecosyste.ms/projects/1659
1943,PACMAN,https://github.com/sebastian-zieba/pacman,active,95.0,5.170483995038152,0,Scientific Software,Peer-reviewed,Python,sebastian-zieba,Sebastian Zieba,user,Max Planck Institute for Astronomy,https://sebastian-zieba.github.io/,,,0,,,,5,0,,,24,13,63,2,0.14626865671641787,0.015873015873015928,2,0,"",0,2,0,1,0,0,push:24d commits:63 active_maint:0 closed:1 merged:1,https://science.ecosyste.ms/projects/1291
1944,MDEntropy,https://github.com/msmbuilder/mdentropy,unknown,95.0,5.170483995038151,0,Scientific Software,Peer-reviewed,Python,msmbuilder,MSMBuilder,organization,,http://msmbuilder.org,,,0,,,,33,0,,,3116,4,0,0,0.18918918918918914,0.0,2,0,"",0,0,0,0,0,0,push:3116d commits:0 active_maint:0 closed:0 merged:0,https://science.ecosyste.ms/projects/2959
1945,pylattica,https://github.com/mcgalcode/pylattica,dormant,93.0,7.16703787691222,0,Scientific Software,Peer-reviewed,Python,mcgalcode,Max Gallant,user,,,pypi,pylattica,35,0,0,1,11,0,556,,155,3,10,1,0.00877192982456143,0.0,1,1,mcgalcode,0,1,0,1,0,0,push:155d release:556d commits:10 active_maint:1 closed:1 merged:1,https://science.ecosyste.ms/projects/691
1946,torchio,https://github.com/torchio-project/torchio,active,77.0,23.165164335564132,0,,,Python,TorchIO-project,TorchIO,organization,,torchio.org,"conda,pypi",torchio,87806,79,19,1,2420,0,330,,10,62,197,8,0.15007656967840732,0.14720812182741116,1,1,fepegar,9,72,6,40,0,0,push:10d release:330d commits:172 active_maint:1 closed:55 merged:40,https://science.ecosyste.ms/projects/54692
1947,`nrCascadeSim` - A simulation tool for nuclear recoil cascades resulting from neutron capture,https://github.com/villano-lab/nrcascadesim,dead,95.0,5.164785973923514,0,Scientific Software,Peer-reviewed,Jupyter Notebook,villano-lab,UCD Villano Group,organization,,,,,0,,,,0,0,,,520,7,0,0,0.4412081984897519,0.0,2,0,"",1,0,0,0,0,0,push:520d commits:0 active_maint:0 closed:0 merged:0,https://science.ecosyste.ms/projects/1594
1948,TSInterpret,https://github.com/fzi-forschungszentrum-informatik/tsinterpret,dormant,93.0,7.160069207596127,0,Scientific Software,Peer-reviewed,Python,fzi-forschungszentrum-informatik,FZI Forschungszentrum Informatik,organization,,http://www.fzi.de,,,0,,,,142,0,,,253,9,2,1,0.1029082774049217,0.0,0,0,"",0,6,0,4,0,0,push:253d commits:2 active_maint:0 closed:5 merged:4,https://science.ecosyste.ms/projects/1150
1949,PhotonWeave,https://github.com/tqsd/photon_weave,dormant,93.0,7.15305163493748,0,Scientific Software,Peer-reviewed,Python,tqsd,TQSD,organization,,,pypi,photon-weave,70,0,0,1,4,0,447,,224,3,6,3,0.4285714285714286,0.5,2,1,kareem1925,0,6,0,4,0,0,push:224d release:447d commits:6 active_maint:1 closed:5 merged:4,https://science.ecosyste.ms/projects/269
1950,Samewords,https://github.com/stenskjaer/samewords,unknown,93.0,7.138866999945524,0,Scientific Software,Peer-reviewed,Python,stenskjaer,Michael Stenskjær Christensen,user,,,pypi,samewords,24,3,0,1,7,0,2893,,1921,3,0,0,0.03157894736842104,0.0,1,0,"",0,0,0,0,0,0,push:1921d release:2893d commits:0 active_maint:0 closed:0 merged:0,https://science.ecosyste.ms/projects/2601
1951,PERFORM,https://github.com/cwentland0/perform,unknown,95.0,5.12396397940326,0,Scientific Software,Peer-reviewed,Python,cwentland0,Chris Wentland,user,"University of Michigan, Ann Arbor",https://caslab.engin.umich.edu/,,,0,,,,30,0,,,956,3,0,0,0.04923076923076919,0.0,1,0,"",0,0,0,0,0,0,push:956d commits:0 active_maint:0 closed:0 merged:0,https://science.ecosyste.ms/projects/1344
1952,vdbfusion,https://github.com/prbonn/vdbfusion,dormant,85.0,15.12362713802014,0,,,C++,PRBonn,Photogrammetry & Robotics Bonn,organization,,www.ipb.uni-bonn.de,pypi,vdbfusion,797,2,0,1,620,0,1590,,554,8,0,0,0.42307692307692313,0.0,0,0,"",3,0,1,0,0,0,push:554d release:1590d commits:0 active_maint:0 closed:1 merged:0,https://science.ecosyste.ms/projects/14226
1953,h3ppy,https://github.com/henrikmelin/h3ppy,dormant,93.0,7.119635638017636,0,Scientific Software,Peer-reviewed,Python,henrikmelin,Henrik Melin,user,,,pypi,h3ppy,101,1,0,1,6,0,507,,490,2,0,0,0.01834862385321101,0.0,0,0,"",7,4,5,3,0,0,push:490d release:507d commits:0 active_maint:0 closed:8 merged:3,https://science.ecosyste.ms/projects/241
1954,BioGears,https://github.com/biogearsengine/core,active,93.0,7.103322062526112,0,Scientific Software,Peer-reviewed,C++,BioGearsEngine,BioGears,organization,,https://biogearsengine.com/,,,0,,,,66,0,,,194,19,16,2,0.5429999999999999,0.0625,0,0,"",2,1,0,1,0,0,push:194d commits:16 active_maint:0 closed:1 merged:1,https://science.ecosyste.ms/projects/2023
1955,bidsschematools,https://github.com/bids-standard/bids-specification,active,77.0,23.091305723672054,0,,,Python,bids-standard,Brain Imaging Data Structure,organization,,https://bids.neuroimaging.io,"conda,pypi,spack","bidsschematools,py-bidsschematools",195926,1,3,4,364,0,330,,6,110,314,25,0.7885814011468462,0.5382165605095541,40,11,"effigies,yarikoptic,ree-gupta,arokem,kabilar,Remi-Gau,bendhouseart,JuliusWelzel,neuromechanist,satra,tsalo",27,84,4,34,0,0,push:6d release:330d commits:258 active_maint:11 closed:39 merged:34,https://science.ecosyste.ms/projects/42913
1956,hsi-wizard: A magical open-source Python package for medical hyperspectral imaging applications,https://github.com/bluespacepotato/hsi-wizard,active,93.0,7.090076835776092,0,,,Python,BlueSpacePotato,,user,,,pypi,hsi-wizard,199,0,0,1,0,0,370,,148,1,21,1,0.0,0.0,1,1,BlueSpacePotato,25,34,14,25,0,0,push:148d release:370d commits:21 active_maint:1 closed:41 merged:25,https://science.ecosyste.ms/projects/373760
1957,datafold,https://gitlab.com/datafold-dev/datafold,dormant,89.0,11.076186384556935,0,Scientific Software,Peer-reviewed,,,,,,,pypi,datafold,174,2,0,2,7,0,1004,,,12,3,2,0.2757753562447611,0.33333333333333337,0,0,"",,,,,0,0,release:1004d commits:3 active_maint:0 closed:0 merged:0,https://science.ecosyste.ms/projects/2193
1958,Dune-MMesh,https://github.com/samuelburbulla/dune-mmesh,unknown,95.0,5.049856007249537,0,Scientific Software,Peer-reviewed,C++,samuelburbulla,Samuel Burbulla,user,,gitlab.dune-project.org/samuel.burbulla,pypi,dune-mmesh,24,1,0,1,1,0,1497,,1204,6,0,0,0.09836065573770492,0.0,1,0,"",0,0,0,0,0,0,push:1204d release:1497d commits:0 active_maint:0 closed:0 merged:0,https://science.ecosyste.ms/projects/1480
1959,CoreBreakout,https://github.com/rgmyr/corebreakout,unknown,95.0,5.043425116919247,0,Scientific Software,Peer-reviewed,Python,rgmyr,Ross Meyer,user,Colorado School of Mines,,,,0,,,,28,0,,,2157,5,0,0,0.39534883720930236,0.0,3,0,"",0,0,0,0,0,0,push:2157d commits:0 active_maint:0 closed:0 merged:0,https://science.ecosyste.ms/projects/2221
1960,The country converter coco - a Python package for converting country names between different classification schemes,https://github.com/indecol/country_converter,dormant,77.0,23.036519296013932,0,Scientific Software,Peer-reviewed,Python,IndEcol,Industrial Ecology,organization,,http://www.is4ie.org,"pypi,conda","country-converter,country_converter",1588997,91,17,1,259,0,384,,224,24,9,3,0.15264797507788164,0.2222222222222222,1,0,"",4,4,0,1,0,0,push:224d release:384d commits:9 active_maint:0 closed:2 merged:1,https://science.ecosyste.ms/projects/3008
1961,shoredate,https://github.com/isakro/shoredate,active,93.0,7.034387929915503,0,Scientific Software,Peer-reviewed,R,isakro,Isak Roalkvam,user,,,cran,shoredate,226,0,0,1,6,0,1010,,199,1,16,1,0.0,0.0,0,0,"",0,0,0,0,0,0,push:199d release:1010d commits:16 active_maint:0 closed:0 merged:0,https://science.ecosyste.ms/projects/1115
1962,jtools,https://github.com/jacob-long/jtools,dormant,93.0,7.033506484287697,0,Scientific Software,Peer-reviewed,R,jacob-long,Jacob Long,user,University of South Carolina,https://jacob-long.com,,,0,,,,171,0,,,191,6,3,1,0.007511737089201831,0.0,1,0,"",2,1,0,0,0,0,push:191d commits:3 active_maint:0 closed:0 merged:0,https://science.ecosyste.ms/projects/509
1963,MiSTree,https://github.com/knaidoo29/mistree,unknown,95.0,5.030437921392435,0,Scientific Software,Peer-reviewed,Python,knaidoo29,Krishna Naidoo,user,,www.krishnanaidoo.com,,,0,,,,54,0,,,609,3,0,0,0.32843137254901966,0.0,1,0,"",0,0,0,0,0,0,push:609d commits:0 active_maint:0 closed:0 merged:0,https://science.ecosyste.ms/projects/2422
1964,hivemind,https://github.com/learning-at-home/hivemind,dormant,77.0,23.026433570972202,0,,,Python,learning-at-home,learning@home,organization,,,"pypi,go","hivemind,github.com/learning-at-home/hivemind",124671,17,6,3,2468,0,466,,200,34,4,1,0.4642857142857143,0.0,9,1,mryab,2,13,1,2,0,0,push:200d release:466d commits:4 active_maint:1 closed:5 merged:2,https://science.ecosyste.ms/projects/32364
1965,MatSurv,https://github.com/aebergl/matsurv,dormant,95.0,5.0106352940962555,0,Scientific Software,Peer-reviewed,MATLAB,aebergl,,user,Moffitt,,,,0,,,,21,0,,,360,6,1,1,0.28971962616822433,0.0,1,0,"",0,0,0,0,0,0,push:360d commits:1 active_maint:0 closed:0 merged:0,https://science.ecosyste.ms/projects/2303
1966,RMAVIS v1.0,https://github.com/nerc-ceh/rmavis,active,100.0,0.0,0,Scientific Software,Peer-reviewed,HTML,NERC-CEH,UK Centre for Ecology & Hydrology,organization,,http://www.ceh.ac.uk/,,,0,,,,2,0,,,122,1,50,1,0.0,0.0,1,0,"",4,0,1,0,0,0,push:122d commits:50 active_maint:0 closed:1 merged:0,https://science.ecosyste.ms/projects/554
1967,DataFrames,https://github.com/juliadata/dataframes.jl,active,77.0,22.989120476762352,0,,,Julia,JuliaData,JuliaData,organization,,,"julia,go","DataFrames,github.com/juliadata/dataframes.jl,github.com/JuliaData/DataFrames.jl",0,604,975,0,1831,0,339,,6,239,24,10,0.7441860465116279,0.7083333333333333,6,4,"bkamins,andreasnoack,KristofferC,ronisbr",5,22,1,8,0,0,push:6d release:339d commits:16 active_maint:4 closed:11 merged:8,https://science.ecosyste.ms/projects/42246
1968,proteusPy,https://github.com/suchanek/proteuspy,dormant,93.0,6.984716320118266,0,Scientific Software,Peer-reviewed,Python,suchanek,"Eric G. Suchanek, Ph.D.",user,Flux-Frontiers,,pypi,proteuspy,107,0,0,1,2,0,460,,62,1,2,1,0.0,0.0,1,0,"",0,1,0,0,0,0,push:62d release:460d commits:2 active_maint:0 closed:0 merged:0,https://science.ecosyste.ms/projects/555
1969,MODE.behave,https://github.com/julianreul/mode_behave,unknown,95.0,4.927253685157205,0,Scientific Software,Peer-reviewed,Python,julianreul,,user,Forschungszentrum Jülich GmbH - IEK-3,,pypi,mode-behave,21,1,0,1,3,0,1026,,1026,2,0,0,0.375,0.0,1,0,"",0,0,0,0,0,0,push:1026d release:1026d commits:0 active_maint:0 closed:0 merged:0,https://science.ecosyste.ms/projects/1034
1970,Distributions,https://github.com/juliastats/distributions.jl,active,77.0,22.921905492697846,0,,,Julia,JuliaStats,Julia Statistics,organization,,https://juliastats.org,"julia,go","Distributions,github.com/juliastats/distributions.jl,github.com/JuliaStats/Distributions.jl",0,1137,966,0,1195,0,445,,3,246,41,11,0.7301401869158879,0.6341463414634146,10,1,devmotion,10,13,2,1,0,0,pkg:removed push:3d release:445d commits:32 active_maint:1 closed:3 merged:1,https://science.ecosyste.ms/projects/55715
1971,LinkingLines,https://github.com/aikubo/linkinglines,unknown,95.0,4.912654885736052,0,Scientific Software,Peer-reviewed,Python,aikubo,Allison Kubo,user,,aikubo.github.io,pypi,linkinglines,15,1,0,1,2,0,795,,783,4,0,0,0.02564102564102566,0.0,1,0,"",0,0,0,0,0,0,push:783d release:795d commits:0 active_maint:0 closed:0 merged:0,https://science.ecosyste.ms/projects/653
1972,kima,https://github.com/j-faria/kima,unknown,95.0,4.9126548857360515,0,Scientific Software,Peer-reviewed,C++,j-faria,João Faria,user,@iastro-pt ,joaofaria.space,,,0,,,,17,0,,,807,8,0,0,0.02688860435339313,0.0,3,0,"",0,0,0,0,0,0,push:807d commits:0 active_maint:0 closed:0 merged:0,https://science.ecosyste.ms/projects/2832
1973,LocalCop,https://github.com/mlysy/localcop,dormant,93.0,6.897704943128636,0,Scientific Software,Peer-reviewed,R,mlysy,,user,University of Waterloo,https://mlysy.github.io/,cran,LocalCop,164,0,0,1,1,0,686,,674,3,0,0,0.27710843373493976,0.0,2,0,"",0,4,0,2,0,0,push:674d release:686d commits:0 active_maint:0 closed:2 merged:2,https://science.ecosyste.ms/projects/485
1974,Visualizing alpha-helical peptides in R with helixvis,https://github.com/rrrlw/helixvis,unknown,93.0,6.895682697747868,0,Scientific Software,Peer-reviewed,R,rrrlw,Raoul,user,,,cran,helixvis,228,0,0,1,2,0,2816,,2743,1,0,0,0.0,0.0,1,0,"",0,0,0,0,0,0,push:2743d release:2816d commits:0 active_maint:0 closed:0 merged:0,https://science.ecosyste.ms/projects/2729
1975,Leafmap,https://github.com/opengeos/leafmap,active,77.0,22.883482132749926,0,Scientific Software,Peer-reviewed,Python,opengeos,Open Geospatial Solutions,organization,,https://opengeos.github.io,"pypi,go,conda","leafmap,github.com/opengeos/leafmap",60557,196,19,1,3735,0,336,,12,44,187,8,0.09435173299101407,0.18181818181818177,5,2,"giswqs,slowy07",8,83,7,56,0,0,push:12d release:336d commits:161 active_maint:2 closed:72 merged:56,https://science.ecosyste.ms/projects/1818
1976,TraViA,https://github.com/tud-hri/travia,unknown,95.0,4.882801922586371,0,Scientific Software,Peer-reviewed,Python,tud-hri,Human-Robot Interaction Lab - Delft University of Technology,organization,,,,,0,,,,44,0,,,798,3,0,0,0.06818181818181823,0.0,0,0,"",0,0,0,0,0,0,push:798d commits:0 active_maint:0 closed:0 merged:0,https://science.ecosyste.ms/projects/1759
1977,ctbench - compile-time benchmarking and analysis,https://github.com/jpenuchot/ctbench,active,95.0,4.882801922586371,0,Scientific Software,Peer-reviewed,C++,JPenuchot,Jules,user,"LISN, Paris-Saclay University",https://jpenuchot.github.io/,,,0,,,,26,0,,,122,4,14,1,0.005839416058394109,0.0,2,1,JPenuchot,0,2,0,1,0,0,push:122d commits:14 active_maint:1 closed:1 merged:1,https://science.ecosyste.ms/projects/1029
1978,LDDS,https://github.com/champsproject/ldds,dormant,95.0,4.867534450455582,0,Scientific Software,Peer-reviewed,HTML,champsproject,CHAMPS Project,organization,,https://champsproject.com/,,,0,,,,24,0,,,1766,5,0,0,0.5606617647058824,0.0,4,0,"",1,0,1,0,0,0,push:1766d commits:0 active_maint:0 closed:1 merged:0,https://science.ecosyste.ms/projects/1749
1979,Isoreader,https://github.com/isoverse/isoreader,dormant,95.0,4.859812404361672,0,Scientific Software,Peer-reviewed,R,isoverse,isoverse,organization,,https://www.isoverse.org,,,0,,,,13,0,,,52,3,3,1,0.01591187270501837,0.0,1,0,"",1,3,0,2,0,0,push:52d commits:3 active_maint:0 closed:2 merged:2,https://science.ecosyste.ms/projects/1908
1980,SIHR,https://github.com/vitorsr/sihr,dead,95.0,4.859812404361672,0,Scientific Software,Peer-reviewed,MATLAB,,,,,,,,0,,,,131,1,,,2272,1,0,0,0.0,0.0,1,0,"",0,0,0,0,0,0,archived push:2272d commits:0 active_maint:0 closed:0 merged:0,https://science.ecosyste.ms/projects/2339
1981,GrIML,https://github.com/geus-glaciology-and-climate/griml,dormant,93.0,6.8501261661455,0,Scientific Software,Peer-reviewed,Jupyter Notebook,GEUS-Glaciology-and-Climate,GEUS Glaciology and Climate,organization,,https://eng.geus.dk/about/organisation/departments/glaciology-and-climate,pypi,griml,57,1,0,1,9,0,380,,126,2,6,1,0.017094017094017144,0.0,1,0,"",7,56,4,56,0,0,push:126d release:380d commits:6 active_maint:0 closed:60 merged:56,https://science.ecosyste.ms/projects/69
1982,tehtuner,https://github.com/jackmwolf/tehtuner,unknown,93.0,6.829793737512425,0,Scientific Software,Peer-reviewed,R,jackmwolf,Jack M Wolf,user,University of Minnesota Biostatistics,jackmwolf.rbind.io,cran,tehtuner,184,0,0,1,6,0,1216,,477,1,0,0,0.0,0.0,1,0,"",0,0,0,0,0,0,push:477d release:1216d commits:0 active_maint:0 closed:0 merged:0,https://science.ecosyste.ms/projects/1084
1983,PhyloX,https://github.com/remiejanssen/phylox,dormant,93.0,6.828712071641684,0,Scientific Software,Peer-reviewed,Python,RemieJanssen,,user,,,pypi,phylox,20,1,0,1,3,0,745,,62,3,7,1,0.052631578947368474,0.0,1,1,RemieJanssen,3,5,1,3,0,0,push:62d release:745d commits:7 active_maint:1 closed:6 merged:3,https://science.ecosyste.ms/projects/378
1984,LibSWIFFT - A fast C/C++ Library for the SWIFFT Secure Homomorphic Hash Function,https://github.com/gvilitechltd/libswifft,unknown,95.0,4.820281565605037,0,Scientific Software,Peer-reviewed,C++,,,,,,,,0,,,,30,0,,,982,4,0,0,0.33333333333333337,0.0,0,0,"",0,0,0,0,0,0,push:982d commits:0 active_maint:0 closed:0 merged:0,https://science.ecosyste.ms/projects/1928
1985,The Glasgow Fortran Source-to-Source Compiler,https://github.com/wimvanderbauwhede/refactorf4acc,dormant,95.0,4.820281565605037,0,Scientific Software,Peer-reviewed,Fortran,wimvanderbauwhede,Wim Vanderbauwhede,user,University of Glasgow,http://www.dcs.gla.ac.uk/~wim/,,,0,,,,65,0,,,352,2,1,1,0.03344481605351168,0.0,0,0,"",1,0,0,0,0,0,push:352d commits:1 active_maint:0 closed:0 merged:0,https://science.ecosyste.ms/projects/2696
1986,sam2lca,https://github.com/maxibor/sam2lca,unknown,93.0,6.802394763324311,0,Scientific Software,Peer-reviewed,Python,maxibor,Maxime Borry,user,TRON - Translational Oncology Mainz,https://maximeborry.com,pypi,sam2lca,28,1,0,1,9,0,965,,706,3,0,0,0.05319148936170215,0.0,1,0,"",0,0,0,0,0,0,push:706d release:965d commits:0 active_maint:0 closed:0 merged:0,https://science.ecosyste.ms/projects/1498
1987,spatPomp,https://github.com/kidusasfaw/spatpomp,dormant,95.0,4.795790545596741,0,Scientific Software,Peer-reviewed,R,kidusasfaw,Kidus Asfaw,user,,,,,0,,,,12,0,,,586,11,0,0,0.40824742268041236,0.0,3,0,"",2,2,2,2,0,0,push:586d commits:0 active_maint:0 closed:4 merged:2,https://science.ecosyste.ms/projects/341
1988,baseflow,https://github.com/mgcooper/baseflow,unknown,98.0,1.791759469228055,0,Scientific Software,Peer-reviewed,HTML,mgcooper,Matt Cooper,user,,,,,0,,,,3,0,,,733,1,0,0,0.0,0.0,1,0,"",0,0,0,0,0,0,push:733d commits:0 active_maint:0 closed:0 merged:0,https://science.ecosyste.ms/projects/941
1989,MLMOD,https://github.com/atzberg/mlmod,active,98.0,1.791759469228055,0,Scientific Software,Peer-reviewed,C++,atzberg,Paul J. Atzberger,user,,http://atzberger.org/,,,0,,,,10,0,,,114,1,20,1,0.0,0.0,0,0,"",0,0,0,0,0,0,push:114d commits:20 active_maint:0 closed:0 merged:0,https://science.ecosyste.ms/projects/1000
1990,HealpixMPI.jl,https://github.com/leeobianchi/healpixmpi.jl,unknown,98.0,1.791759469228055,0,Scientific Software,Peer-reviewed,Julia,LeeoBianchi,Leo Alessandro Bianchi,user,UniMi / UiO,,julia,HealpixMPI,0,0,0,0,6,0,939,,801,1,0,0,0.0,0.0,1,0,"",0,0,0,0,0,0,push:801d release:939d commits:0 active_maint:0 closed:0 merged:0,https://science.ecosyste.ms/projects/702
1991,shinyssdtools,https://github.com/bcgov/shinyssdtools,active,95.0,4.787491742782047,0,Scientific Software,Peer-reviewed,HTML,bcgov,bcgov,organization,,https://github.com/bcgov/BC-Policy-Framework-For-GitHub,,,0,,,,8,0,,,49,10,300,2,0.17478152309612982,0.020000000000000018,3,0,"",3,8,1,6,0,0,push:49d commits:300 active_maint:0 closed:9 merged:6,https://science.ecosyste.ms/projects/1996
1992,MSMetaEnhancer,https://github.com/recetox/msmetaenhancer,active,95.0,4.787491742782046,0,Scientific Software,Peer-reviewed,Python,RECETOX,RECETOX,organization,,https://www.recetox.muni.cz/,,,0,,,,9,0,,,52,9,28,3,0.33853006681514475,0.3571428571428571,4,1,hechth,10,4,3,4,0,0,push:52d commits:19 active_maint:1 closed:7 merged:4,https://science.ecosyste.ms/projects/1356
1993,BTE,https://github.com/jmcbroome/bte,dormant,95.0,4.787491742782046,0,Scientific Software,Peer-reviewed,Cython,jmcbroome,Jakob McBroome,user,,,,,0,,,,14,0,,,428,6,0,0,0.02006688963210701,0.0,1,0,"",1,1,0,1,0,0,push:428d commits:0 active_maint:0 closed:1 merged:1,https://science.ecosyste.ms/projects/1414
1994,NEoST,https://github.com/xpsi-group/neost,active,95.0,4.787491742782046,0,Scientific Software,Peer-reviewed,Python,xpsi-group,xpsi-group,organization,,,,,0,,,,10,0,,,1,9,55,5,0.5416666666666667,0.509090909090909,4,2,"drannawatts,svisak",3,6,2,6,0,0,push:1d commits:55 active_maint:2 closed:8 merged:6,https://science.ecosyste.ms/projects/329
1995,Mat-dp,https://github.com/mat-dp/mat-dp-core,unknown,93.0,6.779921907472252,0,Scientific Software,Peer-reviewed,Python,Mat-dp,Mat-dp,organization,,,pypi,mat-dp-core,10,0,0,1,9,0,1476,,849,5,0,0,0.3674698795180723,0.0,2,0,"",0,0,0,0,0,0,push:849d release:1476d commits:0 active_maint:0 closed:0 merged:0,https://science.ecosyste.ms/projects/1428
1996,phylosmith,https://github.com/schuyler-smith/phylosmith,dormant,95.0,4.7535901911063645,0,Scientific Software,Peer-reviewed,R,schuyler-smith,Schuyler Smith,user,,https://schuyler-smith.github.io/,,,0,,,,28,0,,,541,4,0,0,0.05144032921810704,0.0,1,0,"",3,6,2,6,0,0,push:541d commits:0 active_maint:0 closed:8 merged:6,https://science.ecosyste.ms/projects/2535
1997,riskclustr,https://github.com/zabore/riskclustr,unknown,93.0,6.751101468936761,0,Scientific Software,Peer-reviewed,R,zabore,Emily C. Zabor,user,Cleveland Clinic,http://www.emilyzabor.com/,cran,riskclustr,284,0,0,1,1,0,924,,924,3,0,0,0.056451612903225756,0.0,1,0,"",0,0,0,0,0,0,push:924d release:924d commits:0 active_maint:0 closed:0 merged:0,https://science.ecosyste.ms/projects/2617
1998,compboost,https://github.com/schalkdaniel/compboost,unknown,93.0,6.745236349484362,0,Scientific Software,Peer-reviewed,C++,schalkdaniel,Daniel Schalk,user,@slds-lmu,danielschalk.com,,,0,,,,23,0,,,1219,17,0,0,0.14018691588785048,0.0,2,0,"",0,0,0,0,0,0,push:1219d commits:0 active_maint:0 closed:0 merged:0,https://science.ecosyste.ms/projects/2746
1999,BayesEoR,https://github.com/psims/bayeseor,active,95.0,4.74493212836325,0,Scientific Software,Peer-reviewed,Python,,,,,,,,0,,,,5,0,,,96,6,156,3,0.5209380234505863,0.16025641025641024,2,1,jburba,15,5,3,5,0,0,push:96d commits:145 active_maint:1 closed:8 merged:5,https://science.ecosyste.ms/projects/391
2000,DataScribe,https://github.com/chnm/datascribe-module,active,95.0,4.74493212836325,0,Scientific Software,Peer-reviewed,PHP,chnm,Roy Rosenzweig Center for History and New Media,organization,,http://rrchnm.org,,,0,,,,16,0,,,892,5,14,2,0.23076923076923073,0.4285714285714286,3,0,"",0,0,0,0,0,0,push:892d commits:14 active_maint:0 closed:0 merged:0,https://science.ecosyste.ms/projects/878
