rank,name,repository_url,bucket,science_score,project_score,total_citations,category,sub_category,language,owner_login,owner_name,owner_kind,owner_company,owner_website,ecosystems,package_names,monthly_downloads,dependent_repos,dependent_packages,registry_maintainers,stars,archived,days_since_release,days_since_commit,days_since_push,total_committers,past_year_commits,past_year_committers,dds,past_year_dds,issue_maintainers_count,active_maintainers_count,active_maintainers,past_year_issues,past_year_prs,past_year_issues_closed,past_year_prs_merged,advisories,unpatched_advisories,signals,science_html_url
6,Python Sorted Containers,https://github.com/grantjenks/python-sortedcontainers,dead,95.0,32.838905404969566,0,Scientific Software,Peer-reviewed,Python,grantjenks,Grant Jenks,user,,http://www.grantjenks.com/,"conda,go,pypi","sortedcontainers,github.com/grantjenks/python-sortedcontainers",131556604,23703,414,1,3968,0,1900,,874,24,0,0,0.05221518987341767,0.0,1,0,"",2,0,0,0,0,0,push:874d release:1900d commits:0 active_maint:0 closed:0 merged:0,https://science.ecosyste.ms/projects/2556
18,BlenderProc2,https://github.com/dlr-rm/blenderproc,dormant,100.0,23.24823291493664,0,Scientific Software,Peer-reviewed,Python,DLR-RM,DLR-RM,organization,,https://rm.dlr.de,"pypi,go","blenderproc,github.com/DLR-RM/BlenderProc,github.com/dlr-rm/blenderproc",55377,3,0,3,3636,0,646,,191,69,7,4,0.6832602527727625,0.4285714285714286,4,0,"",32,14,7,4,0,0,push:191d release:646d commits:7 active_maint:0 closed:13 merged:4,https://science.ecosyste.ms/projects/1237
21,Pannellum,https://github.com/mpetroff/pannellum,dormant,100.0,22.905230296709412,0,Scientific Software,Peer-reviewed,JavaScript,mpetroff,Matthew Petroff,user,,https://mpetroff.net/,"npm,maven","pannellum-next,pannellum-extended,org.webjars.npm:pannellum,sorokinsh-pannellum,pannellum",38606,86,21,1,4857,0,1414,,18,48,8,1,0.12107101280558785,0.0,1,0,"",10,3,5,3,2,0,pkg:unpublished push:18d release:1414d commits:8 active_maint:0 closed:8 merged:3 adv:2/0,https://science.ecosyste.ms/projects/2466
35,PyArabic,https://github.com/linuxscout/pyarabic,dormant,100.0,21.43565207426178,0,Scientific Software,Peer-reviewed,Python,linuxscout,Taha Zerrouki (طه زروقي ),user,Bouira University,tahadz.com,pypi,pyarabic,267103,34,7,1,484,0,1503,,195,16,1,1,0.17293233082706772,0.0,1,0,"",2,0,0,0,0,0,push:195d release:1503d commits:1 active_maint:0 closed:0 merged:0,https://science.ecosyste.ms/projects/1170
43,Yellowbrick,https://github.com/districtdatalabs/yellowbrick,dead,95.0,25.972600373086067,0,Scientific Software,Peer-reviewed,Python,DistrictDataLabs,District Data Labs,organization,,http://districtdatalabs.com,"conda,pypi","yellowbrick,yellowbrickhotfix",373048,1085,24,3,4397,0,1144,,526,112,0,0,0.6565656565656566,0.0,2,0,"",2,7,0,0,0,0,push:526d release:1144d commits:0 active_maint:0 closed:0 merged:0,https://science.ecosyste.ms/projects/2622
60,PyMatting,https://github.com/pymatting/pymatting,dormant,95.0,24.400603765754475,0,Scientific Software,Peer-reviewed,Python,pymatting,PyMatting,organization,,,"go,conda,pypi","github.com/pymatting/pymatting,pymatting",1507369,109,5,1,1907,0,440,,114,17,8,5,0.5677083333333333,0.625,1,0,"",3,2,0,1,0,0,push:114d release:440d commits:8 active_maint:0 closed:1 merged:1,https://science.ecosyste.ms/projects/2096
62,Surprise,https://github.com/nicolashug/surprise,dormant,95.0,24.377995044600613,0,Scientific Software,Peer-reviewed,Python,NicolasHug,Nicolas Hug,user,,http://nicolas-hug.com,"go,conda,pypi","github.com/NicolasHug/Surprise,scikit-surprise,github.com/nicolashug/surprise",128799,453,5,1,6796,0,802,,61,44,2,1,0.09646302250803862,0.0,1,0,"",4,6,1,0,0,0,push:61d release:802d commits:2 active_maint:0 closed:3 merged:0,https://science.ecosyste.ms/projects/2168
63,Pubmed Parser,https://github.com/titipata/pubmed_parser,dormant,100.0,19.36617367080193,0,Scientific Software,Peer-reviewed,Python,titipata,Titipat Achakulvisut,user,Mahidol University,titipata.github.io,pypi,pubmed-parser,3572,4,1,1,734,0,699,,364,39,1,1,0.68944099378882,0.0,3,0,"",3,2,0,0,0,0,push:364d release:699d commits:1 active_maint:0 closed:0 merged:0,https://science.ecosyste.ms/projects/2311
67,DendroPy 5,https://github.com/jeetsukumaran/dendropy,dormant,100.0,19.051858952587068,0,Scientific Software,Peer-reviewed,Python,jeetsukumaran,Jeet Sukumaran,user,http://sukumaranlab.org,http://jeetblogs.org,pypi,dendropy,21664,109,33,3,236,0,421,,17,36,3,2,0.1521832191780822,0.33333333333333337,3,0,"",1,12,0,3,0,0,push:17d release:421d commits:3 active_maint:0 closed:11 merged:3,https://science.ecosyste.ms/projects/489
70,TorchGAN,https://github.com/torchgan/torchgan,dormant,100.0,18.9356429203754,0,Scientific Software,Peer-reviewed,Python,torchgan,torchgan,organization,,,"go,pypi","github.com/torchgan/torchgan,torchgan",11504,11,0,1,1425,0,1746,,1376,10,0,0,0.31404958677685946,0.0,2,0,"",0,1,0,0,0,0,push:1376d release:1746d commits:0 active_maint:0 closed:1 merged:0,https://science.ecosyste.ms/projects/1719
76,Phonemizer,https://github.com/bootphon/phonemizer,dormant,95.0,23.63513057047248,0,Scientific Software,Peer-reviewed,Python,bootphon,CoML,organization,,https://cognitive-ml.fr,pypi,"phonemizer,phonemizer-fork",390944,438,29,2,1556,0,546,,672,15,0,0,0.5764331210191083,0.0,3,0,"",6,0,1,0,0,0,push:672d release:546d commits:0 active_maint:0 closed:1 merged:0,https://science.ecosyste.ms/projects/1656
77,emcee v3,https://github.com/dfm/emcee,dormant,95.0,23.634212766786533,0,Scientific Software,Peer-reviewed,Python,dfm,Dan Foreman-Mackey,user,,https://dfm.io,"alpine,go,conda,pypi","py3-emcee-pyc,py3-emcee,github.com/dfm/emcee,emcee",148138,538,161,1,1596,0,832,,17,78,24,6,0.3528722157092614,0.5416666666666667,2,1,dfm,4,31,0,14,0,0,push:17d release:832d commits:5 active_maint:1 closed:14 merged:14,https://science.ecosyste.ms/projects/2390
78,htmldate,https://github.com/adbar/htmldate,dormant,95.0,23.631932233843873,0,Scientific Software,Peer-reviewed,Python,adbar,Adrien Barbaresi,user,Berlin-Brg. Academy of Sciences (BBAW),adrien.barbaresi.eu,pypi,htmldate,4920761,50,5,1,153,0,577,,32,25,7,2,0.25072886297376096,0.1428571428571429,1,1,adbar,1,8,1,6,0,0,push:32d release:577d commits:7 active_maint:1 closed:7 merged:6,https://science.ecosyste.ms/projects/2177
81,Spleeter,https://github.com/deezer/spleeter,dormant,95.0,23.488145508162887,0,Scientific Software,Peer-reviewed,Python,deezer,Deezer,organization,,http://developers.deezer.com/,"go,pypi,conda","github.com/Deezer/spleeter,spleeter-gpu,spleeter,github.com/deezer/spleeter",28467,87,2,1,28342,0,483,,42,20,1,1,0.65,0.0,5,1,romi1502,10,2,2,1,0,0,push:42d release:483d commits:1 active_maint:1 closed:3 merged:1,https://science.ecosyste.ms/projects/2214
86,Retriever,https://github.com/weecology/retriever,dormant,100.0,18.165830093458318,0,Scientific Software,Peer-reviewed,Python,weecology,Weecology,organization,,http://weecology.org,"conda,pypi",retriever,818,3,0,2,326,0,1553,,493,73,0,0,0.6339901477832512,0.0,2,0,"",4,14,1,0,0,0,push:493d release:1553d commits:0 active_maint:0 closed:6 merged:0,https://science.ecosyste.ms/projects/2958
89,Dynamax,https://github.com/probml/dynamax,dormant,100.0,17.984398426140014,0,Scientific Software,Peer-reviewed,Python,probml,Probabilistic machine learning,organization,,probml.ai,pypi,dynamax,2036,1,1,2,982,0,446,,35,36,8,3,0.6920821114369502,0.375,7,1,slinderman,8,20,0,3,0,0,push:35d release:446d commits:8 active_maint:1 closed:4 merged:3,https://science.ecosyste.ms/projects/228
91,tidytext,https://github.com/juliasilge/tidytext,dormant,95.0,22.716452668292185,0,Scientific Software,Peer-reviewed,R,juliasilge,Julia Silge,user,@posit-pbc,https://juliasilge.com/,"cran,go,conda","tidytext,github.com/juliasilge/tidytext,r-tidytext",42128,194,66,1,1201,0,370,,33,35,5,3,0.2701949860724234,0.4,2,0,"",3,6,1,3,0,0,push:33d release:370d commits:5 active_maint:0 closed:5 merged:3,https://science.ecosyste.ms/projects/3119
96,resampy,https://github.com/bmcfee/resampy,dead,95.0,22.565535537798382,0,Scientific Software,Peer-reviewed,Python,bmcfee,Brian McFee,user,New York University,https://brianmcfee.net,"conda,spack,pypi","resampy,py-resampy",1470571,3118,74,1,283,0,877,,668,10,0,0,0.17372881355932202,0.0,1,0,"",2,0,0,0,0,0,push:668d release:877d commits:0 active_maint:0 closed:0 merged:0,https://science.ecosyste.ms/projects/3085
98,Nashpy,https://github.com/drvinceknight/nashpy,dormant,100.0,17.45915517025356,0,Scientific Software,Peer-reviewed,Python,drvinceknight,Vince Knight,user,"Cardiff University, School of Mathematics",https://fosstodon.org/@vinceknight,"alpine,pypi,conda","py3-nashpy,py3-nashpy-doc,nashpy,py3-nashpy-pyc",5418,38,2,1,372,0,754,,259,20,6,3,0.09933774834437081,0.33333333333333337,1,1,drvinceknight,2,4,0,4,0,0,push:259d release:754d commits:6 active_maint:1 closed:4 merged:4,https://science.ecosyste.ms/projects/2749
102,normflows,https://github.com/vincentstimper/normalizing-flows,dormant,100.0,17.406378261315073,0,Scientific Software,Peer-reviewed,Python,VincentStimper,Vincent Stimper,user,Isomorphic Labs,https://vincentstimper.com/,"go,pypi","github.com/VincentStimper/normalizing-flows,github.com/vincentstimper/normalizing-flows,normflows",2923,2,1,1,956,0,987,,704,14,0,0,0.1615168539325843,0.0,4,0,"",2,4,0,0,0,0,push:704d release:987d commits:0 active_maint:0 closed:1 merged:0,https://science.ecosyste.ms/projects/1090
103,Learning from Crowds with Crowd-Kit,https://github.com/toloka/crowd-kit,dormant,100.0,17.28980820421339,0,Scientific Software,Peer-reviewed,Python,Toloka,Toloka,organization,,https://toloka.ai,pypi,crowd-kit,4916,5,3,2,246,0,695,,241,28,13,2,0.6143617021276595,0.23076923076923073,2,0,"",4,3,2,2,0,0,push:241d release:695d commits:10 active_maint:0 closed:4 merged:2,https://science.ecosyste.ms/projects/749
105,impedance.py,https://github.com/ecshackweek/impedance.py,dormant,100.0,17.209915254824153,0,Scientific Software,Peer-reviewed,Python,ECSHackWeek,ECS Hack Week ,organization,,,"go,pypi","github.com/ecshackweek/impedance.py,github.com/ECSHackWeek/impedance.py,impedance",3673,5,6,1,290,0,1116,,111,26,6,2,0.5284552845528455,0.5,3,0,"",5,5,0,0,0,0,push:111d release:1116d commits:3 active_maint:0 closed:0 merged:0,https://science.ecosyste.ms/projects/2171
109,Soundata,https://github.com/soundata/soundata,dormant,100.0,17.045239672232476,0,Scientific Software,Peer-reviewed,Python,soundata,soundata,organization,,,pypi,soundata,2279,2,0,2,357,0,779,,16,30,5,2,0.7707082833133253,0.19999999999999996,10,2,"yujin-kimmm,magdalenafuentes",1,16,0,4,0,0,push:16d release:779d commits:5 active_maint:2 closed:4 merged:4,https://science.ecosyste.ms/projects/636
110,PySwarms,https://github.com/ljvmiranda921/pyswarms,dormant,95.0,21.999842001493597,0,Scientific Software,Peer-reviewed,Python,ljvmiranda921,Lj Miranda,user,@explosion,https://ljvmiranda921.github.io/,"alpine,pypi,conda","py3-pyswarms-pyc,pyswarms,clpso,py3-pyswarms",58316,59,16,1,1393,0,839,,723,44,0,0,0.5989010989010989,0.0,2,0,"",1,3,0,0,0,0,push:723d release:839d commits:0 active_maint:0 closed:2 merged:0,https://science.ecosyste.ms/projects/2935
111,CMasher,https://github.com/1313e/cmasher,dormant,98.0,18.96533858899074,0,Scientific Software,Peer-reviewed,Python,1313e,Ellert van der Velden,user,Energyworx,https://orcid.org/0000-0002-1559-9832,pypi,cmasher,36770,39,17,2,489,0,618,,42,10,53,3,0.5431034482758621,0.2264150943396226,2,1,neutrinoceros,0,26,0,24,0,0,push:42d release:618d commits:8 active_maint:1 closed:26 merged:24,https://science.ecosyste.ms/projects/2312
112,cuallee,https://github.com/canimus/cuallee,dormant,98.0,18.925760934279772,0,Scientific Software,Peer-reviewed,Python,canimus,Herminio Vazquez,user,iovio,http://iovio.com,pypi,cuallee,49315,1,1,2,242,0,593,,175,16,9,2,0.2908777969018933,0.4444444444444444,2,1,canimus,4,156,2,29,0,0,push:175d release:593d commits:5 active_maint:1 closed:128 merged:29,https://science.ecosyste.ms/projects/628
114,corner.py,https://github.com/dfm/corner.py,dormant,95.0,21.762810110823175,0,Scientific Software,Peer-reviewed,Python,dfm,Dan Foreman-Mackey,user,,https://dfm.io,"pypi,alpine,conda","corner,py3-corner,py3-corner-pyc",103654,374,147,1,575,0,614,,4,47,33,7,0.5317725752508361,0.5454545454545454,1,1,dfm,7,33,3,20,0,0,push:4d release:614d commits:8 active_maint:1 closed:23 merged:20,https://science.ecosyste.ms/projects/3125
115,Hickle,https://github.com/telegraphic/hickle,dormant,95.0,21.747039297989453,0,Scientific Software,Peer-reviewed,Python,telegraphic,Danny Price,user,Curtin / UC Berkeley ,http://www.thetelegraphic.com,"pypi,go,conda","hickle,fits2hdf,github.com/telegraphic/hickle",162942,323,10,2,503,0,852,,91,28,18,3,0.4651685393258427,0.2777777777777778,2,0,"",1,8,0,7,0,0,push:91d release:852d commits:5 active_maint:0 closed:8 merged:7,https://science.ecosyste.ms/projects/2694
116,PySD,https://github.com/sdxorg/pysd,dormant,100.0,16.644719955738672,0,Scientific Software,Peer-reviewed,Python,SDXorg,SDXorg,organization,,,"conda,pypi",pysd,1723,17,5,2,458,0,494,,150,21,7,2,0.5775492716366752,0.1428571428571429,3,0,"",5,5,0,2,0,0,push:150d release:494d commits:1 active_maint:0 closed:2 merged:2,https://science.ecosyste.ms/projects/1364
123,opt\_einsum - A Python package for optimizing contraction order for einsum-like expressions,https://github.com/dgasmith/opt_einsum,dormant,100.0,16.353500366043995,0,Scientific Software,Peer-reviewed,Python,dgasmith,Daniel Smith,user,Flagship Pioneering,,"alpine,conda,go,spack","py3-opt_einsum,py3-opt_einsum-doc,opt_einsum,github.com/dgasmith/opt_einsum,py3-opt_einsum-pyc,py-opt-einsum,opt-einsum",0,219,5,1,988,0,610,,133,28,1,1,0.43202416918429,0.0,3,0,"",4,0,1,0,0,0,push:133d release:610d commits:1 active_maint:0 closed:1 merged:0,https://science.ecosyste.ms/projects/2819
126,Regl-Scatterplot,https://github.com/flekschas/regl-scatterplot,dormant,100.0,16.230426517180824,0,Scientific Software,Peer-reviewed,JavaScript,flekschas,Fritz Lekschas,user,,https://lekschas.de,npm,regl-scatterplot,4919,7,2,1,237,0,453,,6,11,31,3,0.11375661375661372,0.25806451612903225,3,0,"",2,11,1,7,0,0,push:6d release:453d commits:8 active_maint:0 closed:8 merged:7,https://science.ecosyste.ms/projects/1186
133,visdat,https://github.com/ropensci/visdat,dormant,95.0,21.073459253998006,0,Scientific Software,Peer-reviewed,R,ropensci,rOpenSci,organization,,https://ropensci.org/,"cran,go,conda","visdat,github.com/ropensci/visdat,r-visdat",20339,25,5,1,462,0,1274,,87,19,1,1,0.11506276150627615,0.0,3,1,njtierney,2,1,0,0,0,0,push:87d release:1274d commits:1 active_maint:1 closed:0 merged:0,https://science.ecosyste.ms/projects/3000
134,ReproZip,https://github.com/vida-nyu/reprozip,dormant,100.0,16.063014137690008,0,Scientific Software,Peer-reviewed,Python,VIDA-NYU,VIDA-NYU,organization,,https://vida.engineering.nyu.edu/,"pypi,conda","reprounzip-docker,reprounzip-vistrails,reprounzip-vagrant,reprozip-jupyter,reprounzip-qt,reprounzip,reprozip",1340,10,5,2,362,0,1269,,176,16,3,1,0.07829670329670335,0.0,2,0,"",1,1,1,0,0,0,push:176d release:1269d commits:3 active_maint:0 closed:1 merged:0,https://science.ecosyste.ms/projects/3089
141,Augmentor,https://github.com/mdbloice/augmentor,dead,95.0,20.696539665375848,0,Scientific Software,Peer-reviewed,Python,mdbloice,Marcus D. Bloice,user,Medical University Graz,https://imi.medunigraz.at,"alpine,pypi","py3-augmentor,augmentor,py3-augmentor-pyc",7999,16,0,1,5138,0,839,,861,23,0,0,0.08300395256916993,0.0,0,0,"",0,1,0,0,0,0,push:861d release:839d commits:0 active_maint:0 closed:0 merged:0,https://science.ecosyste.ms/projects/2964
142,exoplanet,https://github.com/exoplanet-dev/exoplanet,dead,100.0,15.659265524977355,0,Scientific Software,Peer-reviewed,Python,exoplanet-dev,exoplanet,organization,,https://exoplanet.codes,"conda,pypi",exoplanet,1400,35,5,1,238,0,835,,3,17,0,0,0.12561983471074378,0.0,1,0,"",1,5,0,0,0,0,push:3d release:835d commits:0 active_maint:0 closed:0 merged:0,https://science.ecosyste.ms/projects/1853
143,pyMannKendall,https://github.com/mmhs013/pymannkendall,dead,95.0,20.643135301666142,0,Scientific Software,Peer-reviewed,Python,mmhs013,Md. Manjurul Hussain Shourov,user,,https://www.researchgate.net/profile/Md_Manjurul_Shourov,"pypi,conda",pymannkendall,665928,59,9,1,287,0,1293,,495,5,0,0,0.11764705882352944,0.0,1,0,"",1,0,0,0,0,0,push:495d release:1293d commits:0 active_maint:0 closed:0 merged:0,https://science.ecosyste.ms/projects/2501
144,TextDescriptives,https://github.com/hlasse/textdescriptives,dormant,98.0,17.641940467439316,0,Scientific Software,Peer-reviewed,Python,HLasse,Lasse Hansen,user,Aarhus University,lassehansen.me,pypi,textdescriptives,8260,1,4,2,366,0,591,,86,16,11,2,0.4929378531073446,0.18181818181818177,3,1,KennethEnevoldsen,4,3,1,0,0,0,push:86d release:591d commits:11 active_maint:1 closed:3 merged:0,https://science.ecosyste.ms/projects/1157
145,Machine Learning Validation via Rational Dataset Sampling with astartes,https://github.com/jacksonburns/astartes,dormant,100.0,15.638361634670003,0,Scientific Software,Peer-reviewed,Python,JacksonBurns,Jackson Burns,user,,jacksonwarnerburns.com,pypi,astartes,17191,1,0,1,102,0,366,,303,4,4,1,0.18398637137989782,0.0,3,1,JacksonBurns,3,1,2,1,0,0,push:303d release:366d commits:4 active_maint:1 closed:3 merged:1,https://science.ecosyste.ms/projects/929
162,Visions,https://github.com/dylan-profiler/visions,dormant,93.0,22.203184597741426,0,Scientific Software,Peer-reviewed,Python,dylan-profiler,dylan-profiler,organization,,,"conda,pypi",visions,1072345,722,6,2,222,0,544,,64,12,9,2,0.3770491803278688,0.11111111111111116,1,0,"",2,0,0,0,0,0,push:64d release:544d commits:9 active_maint:0 closed:0 merged:0,https://science.ecosyste.ms/projects/2258
166,effectsize,https://github.com/easystats/effectsize,dormant,95.0,20.137178537304884,0,Scientific Software,Peer-reviewed,R,easystats,easystats,organization,,https://easystats.github.io/easystats/,"cran,go,conda","effectsize,github.com/easystats/effectsize,r-effectsize",53521,49,25,1,352,0,429,,29,16,22,5,0.26617826617826623,0.5454545454545454,6,1,mattansb,8,19,4,16,0,0,push:29d release:429d commits:11 active_maint:1 closed:21 merged:16,https://science.ecosyste.ms/projects/2015
169,ALNS,https://github.com/n-wouda/alns,dormant,98.0,17.103584033350767,0,Scientific Software,Peer-reviewed,Python,N-Wouda,Niels Wouda,user,,https://nielswouda.com,pypi,alns,6096,2,1,1,635,0,647,,520,8,0,0,0.149171270718232,0.0,2,1,N-Wouda,5,2,3,2,0,0,push:520d release:647d commits:0 active_maint:1 closed:5 merged:2,https://science.ecosyste.ms/projects/1273
170,PlatiPy,https://github.com/pyplati/platipy,dormant,100.0,15.093590334443432,0,Scientific Software,Peer-reviewed,Python,pyplati,pyplati,organization,,,pypi,platipy,1125,9,3,1,150,0,750,,71,13,3,3,0.4053333333333333,0.6666666666666667,2,0,"",2,4,0,1,0,0,push:71d release:750d commits:2 active_maint:0 closed:1 merged:1,https://science.ecosyste.ms/projects/1086
171,Matching,https://github.com/daffidwilde/matching,dormant,100.0,15.055348934015234,0,Scientific Software,Peer-reviewed,Python,daffidwilde,Henry Wilde,user,Dŵr Cymru Welsh Water,,"pypi,conda",matching,3615,33,0,1,167,0,1030,,300,5,0,0,0.03649635036496346,0.0,1,0,"",3,4,3,3,0,0,push:300d release:1030d commits:0 active_maint:0 closed:6 merged:3,https://science.ecosyste.ms/projects/2253
172,small_gicp,https://github.com/koide3/small_gicp,dormant,98.0,17.046540777999894,0,Scientific Software,Peer-reviewed,C++,koide3,,user,AIST,https://staff.aist.go.jp/k.koide/,pypi,small-gicp,3752,0,1,1,979,0,720,,8,10,3,2,0.11038961038961037,0.33333333333333337,1,0,"",7,0,1,0,0,0,push:8d release:720d commits:3 active_maint:0 closed:1 merged:0,https://science.ecosyste.ms/projects/547
173,Managing Larger Data on a GitHub Repository,https://github.com/ropensci/piggyback,dormant,95.0,20.028458118456165,0,Scientific Software,Peer-reviewed,R,ropensci,rOpenSci,organization,,https://ropensci.org/,"cran,conda,go,spack","piggyback,r-piggyback,github.com/ropensci/piggyback",119090,30,4,1,203,0,1051,,262,19,2,2,0.38557993730407525,0.5,7,1,mpadge,1,3,0,3,0,0,push:262d release:1051d commits:2 active_maint:1 closed:3 merged:3,https://science.ecosyste.ms/projects/2764
176,GCM-Filters,https://github.com/ocean-eddy-cpt/gcm-filters,dormant,100.0,14.902945950522177,0,Scientific Software,Peer-reviewed,Python,ocean-eddy-cpt,Ocean Eddy CPT,organization,,https://ocean-eddy-cpt.github.io,"conda,pypi","gcm_filters,gcm-filters",3778,4,0,1,48,0,624,,329,14,0,0,0.42138364779874216,0.0,3,0,"",4,13,1,11,0,0,push:329d release:624d commits:0 active_maint:0 closed:12 merged:11,https://science.ecosyste.ms/projects/1608
177,OpenOA,https://github.com/nrel/openoa,dormant,100.0,14.887951341018614,0,Scientific Software,Peer-reviewed,Jupyter Notebook,NREL,National Renewable Energy Laboratory,organization,,http://www.nrel.gov,"go,pypi","github.com/NREL/OpenOA,openoa,github.com/nrel/openoa",488,2,1,2,209,0,545,,416,26,4,2,0.7011308562197092,0.25,7,2,"RHammond2,ejsimley",5,12,1,9,0,0,push:416d release:545d commits:4 active_maint:2 closed:10 merged:9,https://science.ecosyste.ms/projects/1970
182,EarthPy,https://github.com/earthlab/earthpy,dormant,95.0,19.77317943055001,0,Scientific Software,Peer-reviewed,Python,earthlab,Earth Lab,organization,,https://www.earthdatascience.org/,"go,conda,pypi","github.com/earthlab/earthpy,earthpy",15892,91,16,3,535,0,437,,108,38,9,1,0.53220696937698,0.0,2,0,"",2,6,0,4,0,0,push:108d release:437d commits:9 active_maint:0 closed:4 merged:4,https://science.ecosyste.ms/projects/2394
185,mpi4jax,https://github.com/mpi4jax/mpi4jax,dormant,100.0,14.603230373682074,0,Scientific Software,Peer-reviewed,Python,mpi4jax,mpi4jax,organization,,,"pypi,go,conda,spack","mpi4jax,github.com/mpi4jax/mpi4jax,py-mpi4jax",604,1,2,2,537,0,368,,13,7,16,2,0.6114649681528662,0.1875,2,1,dionhaefner,6,18,2,9,0,0,push:13d release:368d commits:3 active_maint:1 closed:18 merged:9,https://science.ecosyste.ms/projects/1777
187,"Helper for Bézier Curves, Triangles, and Higher Order Objects",https://github.com/dhermes/bezier,dormant,93.0,21.47965552167663,0,Scientific Software,Peer-reviewed,Python,dhermes,Danny Hermes,user,Co-founder @hardfinhq,https://bossylobster.com,"pypi,conda","bezier,libbezier",541419,65,16,1,280,0,769,,584,11,0,0,0.021276595744680882,0.0,1,0,"",3,0,1,0,0,0,push:584d release:769d commits:0 active_maint:0 closed:1 merged:0,https://science.ecosyste.ms/projects/3009
197,Nimbus,https://github.com/xuanxu/nimbus,dormant,98.0,16.240817404379985,0,Scientific Software,Peer-reviewed,Ruby,xuanxu,Juanjo Bazán,user,,http://juanjobazan.com,rubygems,nimbus,0,2,0,1,59,0,1239,,52,3,2,1,0.009708737864077666,0.0,1,0,"",0,0,0,0,0,0,push:52d release:1239d commits:2 active_maint:0 closed:0 merged:0,https://science.ecosyste.ms/projects/3001
203,Windrose,https://github.com/python-windrose/windrose,dormant,95.0,19.12698301562129,0,Scientific Software,Peer-reviewed,Python,python-windrose,python-windrose,organization,,,"go,conda,pypi","github.com/python-windrose/windrose,windrose",15371,30,9,2,358,0,730,,2,26,50,4,0.544578313253012,0.48,4,2,"ocefpaf,s-celles",3,38,2,33,0,0,push:2d release:730d commits:11 active_maint:2 closed:36 merged:33,https://science.ecosyste.ms/projects/2772
205,'Spectrum',https://github.com/cokelaer/spectrum,dormant,95.0,19.11299644893228,0,Scientific Software,Peer-reviewed,Python,cokelaer,Thomas Cokelaer,user,Institut Pasteur,http://thomas-cokelaer.info/,"pypi,conda",spectrum,26201,68,5,1,374,0,599,,146,22,19,2,0.14371257485029942,0.052631578947368474,1,0,"",0,1,0,1,0,0,push:146d release:599d commits:1 active_maint:0 closed:1 merged:1,https://science.ecosyste.ms/projects/2968
207,Confidence Intervals for Random Forests in Python,https://github.com/scikit-learn-contrib/forest-confidence-interval,dead,95.0,19.058704525682828,0,Scientific Software,Peer-reviewed,HTML,scikit-learn-contrib,scikit-learn-contrib,organization,,http://contrib.scikit-learn.org,"pypi,conda",forestci,35665,39,4,3,288,0,1396,,5,18,0,0,0.5655430711610487,0.0,4,0,"",2,2,0,0,0,0,push:5d release:1396d commits:0 active_maint:0 closed:0 merged:0,https://science.ecosyste.ms/projects/2962
208,PsychroLib,https://github.com/psychrometrics/psychrolib,dormant,95.0,19.044561026197723,0,Scientific Software,Peer-reviewed,C#,,,,,,"cran,nuget,pypi",psychrolib,34919,9,2,1,296,0,1888,,1301,9,0,0,0.4299065420560748,0.0,0,0,"",0,3,0,0,0,0,push:1301d release:1888d commits:0 active_maint:0 closed:1 merged:0,https://science.ecosyste.ms/projects/2685
209,ggalluvial,https://github.com/corybrunson/ggalluvial,dormant,95.0,19.004803839505374,0,Scientific Software,Peer-reviewed,R,corybrunson,Cory Brunson,user,@LaboratoryForSystemsMedicine,http://systemsmedicine.pulmonary.medicine.ufl.edu/profile/brunson-jason/,"conda,go,cran","r-ggalluvial,github.com/corybrunson/ggalluvial,ggalluvial",20693,79,12,1,521,0,1254,,124,8,9,2,0.40922619047619047,0.11111111111111116,1,1,corybrunson,12,1,2,0,0,0,push:124d release:1254d commits:9 active_maint:1 closed:2 merged:0,https://science.ecosyste.ms/projects/2239
210,mpl-interactions,https://github.com/mpl-extensions/mpl-interactions,dead,95.0,18.969645265150735,0,Scientific Software,Peer-reviewed,Python,mpl-extensions,mpl-extensions,organization,,,pypi,mpl-interactions,54365,9,5,1,143,0,688,,24,15,0,0,0.2791519434628975,0.0,1,0,"",0,1,0,0,0,0,push:24d release:688d commits:0 active_maint:0 closed:0 merged:0,https://science.ecosyste.ms/projects/844
215,textnets,https://github.com/jboynyc/textnets,dormant,100.0,13.870992567423277,0,Scientific Software,Peer-reviewed,Python,jboynyc,John Boy,user,Leiden University,https://www.jboy.space,"conda,pypi",textnets,403,1,0,1,294,0,489,,77,9,5,1,0.04088397790055254,0.0,1,0,"",1,0,1,0,0,0,push:77d release:489d commits:5 active_maint:0 closed:1 merged:0,https://science.ecosyste.ms/projects/2093
216,Ripser.py,https://github.com/scikit-tda/ripser.py,dormant,95.0,18.864667077039247,0,Scientific Software,Peer-reviewed,C++,scikit-tda,Scikit-TDA,organization,,scikit-tda.org,"pypi,conda",ripser,20641,31,10,3,334,0,509,,33,24,18,3,0.6527777777777778,0.38888888888888884,3,0,"",4,29,2,12,0,0,push:33d release:509d commits:7 active_maint:0 closed:19 merged:12,https://science.ecosyste.ms/projects/2770
217,Talisman,https://github.com/yomguithereal/talisman,dormant,93.0,20.86463034669815,0,Scientific Software,Peer-reviewed,JavaScript,Yomguithereal,Guillaume Plique,user,médialab - Sciences Po,https://yomguithereal.github.io/,"npm,go","talisman,github.com/Yomguithereal/talisman,github.com/yomguithereal/talisman",70476,20812,48,1,730,0,2016,,767,11,0,0,0.02197802197802201,0.0,1,1,Yomguithereal,1,0,0,0,0,0,push:767d release:2016d commits:0 active_maint:1 closed:0 merged:0,https://science.ecosyste.ms/projects/2057
221,CCA-Zoo,https://github.com/jameschapman19/cca_zoo,dormant,100.0,13.820545859528814,0,Scientific Software,Peer-reviewed,Python,jameschapman19,James Chapman,user,UCL,https://jameschapman19.github.io,pypi,cca-zoo,1030,3,0,1,224,0,832,,117,5,10,1,0.01285634432643934,0.0,1,1,jameschapman19,0,2,0,2,0,0,push:117d release:832d commits:10 active_maint:1 closed:2 merged:2,https://science.ecosyste.ms/projects/1655
223,pymatgen-analysis-defects,https://github.com/materialsproject/pymatgen-analysis-defects,dormant,95.0,18.770585431337445,0,Scientific Software,Peer-reviewed,Python,materialsproject,Materials Project,organization,,https://www.materialsproject.org,pypi,pymatgen-analysis-defects,240484,2,10,1,67,0,557,,31,12,7,4,0.17775090689238215,0.4285714285714286,5,2,"jmmshn,esoteric-ephemera",2,12,1,5,0,0,push:31d release:557d commits:6 active_maint:2 closed:9 merged:5,https://science.ecosyste.ms/projects/858
226,matador,https://github.com/ml-evs/matador,dormant,100.0,13.725590226794326,0,Scientific Software,Peer-reviewed,Python,ml-evs,Matthew Evans,user,@modl-uclouvain / @matgenix / @datalab-industries,ml-evs.science,"pypi,go","matador-db,github.com/ml-evs/matador",1298,3,0,1,35,0,470,,179,9,0,0,0.02310231023102305,0.0,2,0,"",0,39,0,2,0,0,push:179d release:470d commits:0 active_maint:0 closed:9 merged:2,https://science.ecosyste.ms/projects/2074
231,Collaborative Container Modules with Singularity Registry HPC,https://github.com/singularityhub/singularity-hpc,dormant,100.0,13.52067093122589,0,Scientific Software,Peer-reviewed,Python,singularityhub,Container Tools,organization,,https://singularityhub.github.io,"spack,pypi",singularity-hpc,273,3,0,2,132,0,474,,229,18,2,2,0.35860655737704916,0.5,1,0,"",2,3,0,2,0,0,push:229d release:474d commits:2 active_maint:0 closed:2 merged:2,https://science.ecosyste.ms/projects/1822
232,Netwulf,https://github.com/benmaier/netwulf,dead,98.0,15.520364826383991,0,Scientific Software,Peer-reviewed,Python,benmaier,Benjamin F. Maier,user,Technical University of Denmark,benmaier.org,pypi,netwulf,2877,12,2,1,302,0,2221,,1279,6,0,0,0.2063492063492064,0.0,2,0,"",1,0,0,0,0,0,push:1279d release:2221d commits:0 active_maint:0 closed:0 merged:0,https://science.ecosyste.ms/projects/2439
233,MNE-ICALabel,https://github.com/mne-tools/mne-icalabel,dormant,98.0,15.470845692137402,0,Scientific Software,Peer-reviewed,Python,mne-tools,MNE tools for MEG and EEG data analysis,organization,,http://mne.tools,"conda,pypi",mne-icalabel,4012,3,3,2,121,0,734,,31,14,63,8,0.7157894736842105,0.39682539682539686,5,1,mscheltienne,4,50,3,40,0,0,push:31d release:734d commits:10 active_maint:1 closed:43 merged:40,https://science.ecosyste.ms/projects/1423
236,PVGeo,https://github.com/opengeovis/pvgeo,dormant,100.0,13.42858257085452,0,Scientific Software,Peer-reviewed,Python,OpenGeoVis,OpenGeoVis: open-source geovisualization tools,organization,,https://opengeovis.org,"go,pypi","github.com/opengeovis/pvgeo,pvgeo,github.com/OpenGeoVis/PVGeo",411,6,1,2,233,0,893,,267,7,2,1,0.019053117782909967,0.0,1,0,"",2,2,0,2,0,0,push:267d release:893d commits:2 active_maint:0 closed:2 merged:2,https://science.ecosyste.ms/projects/2526
239,The Walrus,https://github.com/xanaduai/thewalrus,dormant,95.0,18.3909548345492,0,Scientific Software,Peer-reviewed,Python,XanaduAI,Xanadu,organization,,http://xanadu.ai,"go,conda,pypi,spack","github.com/xanaduai/thewalrus,github.com/xanaduAI/thewalrus,thewalrus,py-thewalrus",22632,18,4,2,109,0,440,,258,36,3,3,0.369807497467072,0.6666666666666667,8,1,ziofil,2,7,0,2,0,0,push:258d release:440d commits:3 active_maint:1 closed:2 merged:2,https://science.ecosyste.ms/projects/2351
240,Easy SimAuto (ESA),https://github.com/mzy2240/esa,dormant,100.0,13.378232749493442,0,Scientific Software,Peer-reviewed,Python,mzy2240,Zeyu Mao,user,DRW,https://zeyumao.com,"go,pypi","github.com/mzy2240/ESA,esa,github.com/mzy2240/esa",865,1,1,1,53,0,1151,,211,12,1,1,0.5365448504983389,0.0,4,0,"",3,1,0,0,0,0,push:211d release:1151d commits:1 active_maint:0 closed:0 merged:0,https://science.ecosyste.ms/projects/2224
243,GNOLL,https://github.com/ianfhunter/gnoll,dormant,100.0,13.266143323735896,0,Scientific Software,Peer-reviewed,Python,ianfhunter,Ian Hunter,user,AMD,http://ianhunter.ie,"julia,pypi,go","GnollDiceNotation,gnoll,github.com/ianfhunter/gnoll,dice-tower",294,0,0,1,50,0,452,,122,19,1,1,0.06161673261729794,0.0,1,1,ianfhunter,3,19,0,17,0,0,push:122d release:452d commits:1 active_maint:1 closed:17 merged:17,https://science.ecosyste.ms/projects/1275
244,eyecite,https://github.com/freelawproject/eyecite,dormant,95.0,18.265843178273023,0,Scientific Software,Peer-reviewed,Python,freelawproject,Free Law Project,organization,,https://free.law,pypi,eyecite,19418,3,1,1,252,0,400,,35,21,7,4,0.6170634920634921,0.7142857142857143,4,1,quevon24,5,9,2,0,0,0,push:35d release:400d commits:7 active_maint:1 closed:3 merged:0,https://science.ecosyste.ms/projects/1735
246,PyClustering,https://github.com/annoviko/pyclustering,dead,93.0,20.245515205016282,0,Scientific Software,Peer-reviewed,Python,annoviko,Andrei Novikov,user,,,"conda,pypi",pyclustering,20651,104,10,1,1215,0,2078,,886,23,0,0,0.12594840667678298,0.0,1,0,"",1,1,0,0,0,0,push:886d release:2078d commits:0 active_maint:0 closed:0 merged:0,https://science.ecosyste.ms/projects/2600
248,pyuca,https://github.com/jtauber/pyuca,dead,93.0,20.230436373195346,0,Scientific Software,Peer-reviewed,Python,jtauber,James Tauber,user,,https://jtauber.com/,"conda,pypi,go","pyuca,github.com/jtauber/pyuca",222329,263,10,1,226,0,685,,5,5,0,0,0.13868613138686137,0.0,1,0,"",0,1,0,0,0,0,push:5d release:685d commits:0 active_maint:0 closed:0 merged:0,https://science.ecosyste.ms/projects/3130
257,pyro,https://github.com/python-hydro/pyro2,dormant,100.0,13.0559158352451,0,Scientific Software,Peer-reviewed,Jupyter Notebook,python-hydro,python-hydro,organization,,,pypi,pyro-hydro,71,0,0,1,333,0,549,,6,18,5,2,0.12893462469733652,0.4,5,1,zingale,1,18,0,3,0,0,push:6d release:549d commits:2 active_maint:1 closed:14 merged:3,https://science.ecosyste.ms/projects/2648
259,DelaunayTriangulation.jl,https://github.com/juliageometry/delaunaytriangulation.jl,dormant,98.0,15.030826781750633,0,Scientific Software,Peer-reviewed,Julia,JuliaGeometry,JuliaGeometry,organization,,https://github.com/JuliaGeometry/meta,julia,DelaunayTriangulation,0,0,4,0,97,0,575,,32,10,9,4,0.028735632183908066,0.4444444444444444,4,2,"DanielVandH,t-bltg",5,11,2,6,0,0,push:32d release:575d commits:4 active_maint:2 closed:10 merged:6,https://science.ecosyste.ms/projects/476
262,movement_primitives,https://github.com/dfki-ric/movement_primitives,dormant,100.0,12.966130531372745,0,Scientific Software,Peer-reviewed,Python,dfki-ric,"DFKI GmbH, Robotics Innovation Center",organization,,https://robotik.dfki-bremen.de/en/,pypi,movement-primitives,157,1,0,2,290,0,439,,407,11,0,0,0.06469002695417791,0.0,2,0,"",1,4,0,3,0,0,push:407d release:439d commits:0 active_maint:0 closed:3 merged:3,https://science.ecosyste.ms/projects/673
264,netrankr,https://github.com/schochastics/netrankr,dormant,100.0,12.937757613795199,0,Scientific Software,Peer-reviewed,R,schochastics,David Schoch,user,cynkra,mr.schochastics.net,"conda,cran","r-netrankr,netrankr",1150,2,2,1,49,0,540,,310,7,6,1,0.37447698744769875,0.0,1,0,"",1,8,0,8,0,0,push:310d release:540d commits:6 active_maint:0 closed:8 merged:8,https://science.ecosyste.ms/projects/1396
265,SCALib,https://github.com/simple-crypto/scalib,dormant,100.0,12.935098422125018,0,Scientific Software,Peer-reviewed,C++,simple-crypto,simple-crypto,organization,,https://www.simple-crypto.org,pypi,scalib,346,1,0,2,116,0,401,,111,11,0,0,0.5862068965517242,0.0,1,0,"",2,10,1,4,0,0,push:111d release:401d commits:0 active_maint:0 closed:5 merged:4,https://science.ecosyste.ms/projects/1114
272,phasespace,https://github.com/zfit/phasespace,dormant,100.0,12.773259698961915,0,Scientific Software,Peer-reviewed,Python,zfit,zfit,organization,,,"conda,pypi",phasespace,1136,6,1,1,24,0,828,,24,11,24,4,0.5733113673805601,0.29166666666666663,1,0,"",0,11,0,6,0,0,push:24d release:828d commits:4 active_maint:0 closed:6 merged:6,https://science.ecosyste.ms/projects/2407
275,GemGIS - Spatial Data Processing for Geomodeling,https://github.com/cgre-aachen/gemgis,dormant,98.0,14.688014905854159,0,Scientific Software,Peer-reviewed,Python,cgre-aachen,Computational Geoscience and Reservoir Engineering @RWTH Aachen,organization,,https://www.cgre.rwth-aachen.de,"pypi,go,conda","gemgis,github.com/cgre-aachen/gemgis",324,4,1,2,292,0,951,,154,16,3,1,0.2864674868189807,0.0,2,1,AlexanderJuestel,5,2,0,1,0,0,push:154d release:951d commits:3 active_maint:1 closed:2 merged:1,https://science.ecosyste.ms/projects/1526
279,colorspace,https://github.com/retostauffer/python-colorspace,dormant,100.0,12.598114733306197,0,Scientific Software,Peer-reviewed,Python,retostauffer,Reto Stauffer,user,,http://www.retostauffer.org,pypi,colorspace,796,2,0,2,80,0,640,,187,5,2,1,0.07538461538461538,0.0,2,0,"",7,5,7,3,0,0,push:187d release:640d commits:2 active_maint:0 closed:12 merged:3,https://science.ecosyste.ms/projects/426
283,pentapy,https://github.com/geostat-framework/pentapy,dormant,100.0,12.567220072987212,0,Scientific Software,Peer-reviewed,Python,GeoStat-Framework,GeoStat Framework,organization,,https://geostat-framework.org,"pypi,conda",pentapy,5027,2,2,3,15,0,455,,287,3,7,1,0.024844720496894457,0.0,1,1,MuellerSeb,0,2,0,2,0,0,push:287d release:455d commits:7 active_maint:1 closed:2 merged:2,https://science.ecosyste.ms/projects/2432
287,PyExperimenter,https://github.com/tornede/py_experimenter,dormant,100.0,12.50860761555222,0,Scientific Software,Peer-reviewed,Python,tornede,,user,,,pypi,py-experimenter,488,1,0,4,39,0,777,,134,9,8,1,0.6583850931677019,0.0,7,2,"LukasFehring,mwever",5,10,1,6,0,0,push:134d release:777d commits:8 active_maint:2 closed:7 merged:6,https://science.ecosyste.ms/projects/1169
288,alv,https://github.com/arvestad/alv,dormant,100.0,12.500662057292402,0,Scientific Software,Peer-reviewed,Python,arvestad,Lars Arvestad,user,Stockholm University,https://www.su.se/english/profiles/arve-1.232358,pypi,alv,252,1,1,1,121,0,880,,100,9,11,1,0.5113636363636364,0.0,1,0,"",1,2,1,1,0,0,push:100d release:880d commits:11 active_maint:0 closed:2 merged:1,https://science.ecosyste.ms/projects/2723
290,otoole,https://github.com/osemosys/otoole,dormant,100.0,12.467436409664082,0,Scientific Software,Peer-reviewed,Python,OSeMOSYS,OSeMOSYS,organization,,http://www.osemosys.org/,pypi,otoole,696,4,0,2,32,0,622,,619,5,0,0,0.4115755627009646,0.0,2,0,"",2,0,1,0,0,0,push:619d release:622d commits:0 active_maint:0 closed:1 merged:0,https://science.ecosyste.ms/projects/887
291,xagg,https://github.com/ks905383/xagg,dead,100.0,12.421054984563677,0,Scientific Software,Peer-reviewed,Python,ks905383,Kevin Schwarzwald,user,"IRI, Columbia, LDEO",,"conda,pypi","xagg,xagg-no-xesmf-deps",351,1,2,1,102,0,1123,,248,6,0,0,0.12442396313364057,0.0,1,0,"",3,2,0,0,0,0,push:248d release:1123d commits:0 active_maint:0 closed:0 merged:0,https://science.ecosyste.ms/projects/336
295,qnm,https://github.com/duetosymmetry/qnm,dormant,100.0,12.39627969659812,0,Scientific Software,Peer-reviewed,Python,duetosymmetry,Leo C. Stein,user,,https://duetosymmetry.com/,"conda,pypi",qnm,1012,5,3,1,52,0,493,,10,5,4,1,0.045662100456621,0.0,1,0,"",0,6,0,4,0,0,push:10d release:493d commits:0 active_maint:0 closed:4 merged:4,https://science.ecosyste.ms/projects/2438
302,Netgraph,https://github.com/paulbrodersen/netgraph,dormant,95.0,17.272005771805453,0,Scientific Software,Peer-reviewed,Python,paulbrodersen,Paul Brodersen,user,University of Oxford,http://paulbrodersen.pythonanywhere.com/,pypi,netgraph,4249,15,8,1,747,0,962,,555,10,0,0,0.01740294511378848,0.0,0,0,"",3,0,1,0,0,0,push:555d release:962d commits:0 active_maint:0 closed:1 merged:0,https://science.ecosyste.ms/projects/1062
307,AtlasReader,https://github.com/miykael/atlasreader,dormant,100.0,12.187654060006157,0,Scientific Software,Peer-reviewed,Jupyter Notebook,miykael,Michael Notter,user,,,pypi,atlasreader,150,2,1,1,124,0,896,,10,11,11,3,0.4899328859060402,0.36363636363636365,3,0,"",1,3,0,1,0,0,push:10d release:896d commits:8 active_maint:0 closed:1 merged:1,https://science.ecosyste.ms/projects/2647
309,PyCPD,https://github.com/siavashk/pycpd,dormant,95.0,17.138106049032828,0,Scientific Software,Peer-reviewed,Python,siavashk,Siavash Khallaghi,user,Unraveled AI,http://siavashk.github.io,pypi,pycpd,2819,9,4,1,595,0,2297,,1087,17,0,0,0.6121212121212121,0.0,3,0,"",3,5,2,0,0,0,push:1087d release:2297d commits:0 active_maint:0 closed:5 merged:0,https://science.ecosyste.ms/projects/1299
315,Blimpy,https://github.com/ucberkeleyseti/blimpy,dead,98.0,14.0698426507345,0,Scientific Software,Peer-reviewed,Python,UCBerkeleySETI,UC Berkeley SETI Program,organization,,http://seti.berkeley.edu,"pypi,conda",blimpy,817,8,1,5,54,0,1351,,1350,25,0,0,0.7160578911095796,0.0,2,0,"",0,1,0,0,0,0,push:1350d release:1351d commits:0 active_maint:0 closed:0 merged:0,https://science.ecosyste.ms/projects/2418
320,AMLTK,https://github.com/automl/amltk,dormant,100.0,12.007511944685133,0,Scientific Software,Peer-reviewed,Python,automl,AutoML-Freiburg-Hannover,organization,,www.automl.org,pypi,amltk,118,0,0,1,75,0,716,,637,13,0,0,0.1364485981308411,0.0,4,0,"",2,2,1,2,0,0,push:637d release:716d commits:0 active_maint:0 closed:3 merged:2,https://science.ecosyste.ms/projects/543
322,"UltraNest - a robust, general purpose Bayesian inference engine",https://github.com/johannesbuchner/ultranest,dormant,95.0,16.99873002341639,0,Scientific Software,Peer-reviewed,Python,JohannesBuchner,Johannes Buchner,user,,http://astrost.at/istics/,"conda,pypi",ultranest,7627,28,19,1,204,0,594,,152,16,11,3,0.08082191780821912,0.5454545454545454,1,1,JohannesBuchner,6,4,1,2,0,0,push:152d release:594d commits:11 active_maint:1 closed:3 merged:2,https://science.ecosyste.ms/projects/1942
324,Bempp-cl,https://github.com/bempp/bempp-cl,dormant,98.0,13.996556301254177,0,Scientific Software,Peer-reviewed,Python,bempp,Bempp,organization,,http://www.bempp.com,"conda,pypi",bempp-cl,435,1,1,2,217,0,485,,10,13,2,2,0.38175270108043213,0.5,4,0,"",6,1,3,0,0,0,push:10d release:485d commits:2 active_maint:0 closed:3 merged:0,https://science.ecosyste.ms/projects/1951
326,The pdb2sql Python Package,https://github.com/deeprank/pdb2sql,dead,100.0,11.941273418947132,0,Scientific Software,Peer-reviewed,Python,DeepRank,DeepRank,organization,,,pypi,pdb2sql,423,9,2,2,24,0,1231,,1231,11,0,0,0.39660056657223797,0.0,5,0,"",2,0,0,0,0,0,push:1231d release:1231d commits:0 active_maint:0 closed:0 merged:0,https://science.ecosyste.ms/projects/2236
327,qujax,https://github.com/cqcl/qujax,dormant,98.0,13.907113875837274,0,Scientific Software,Peer-reviewed,Python,CQCL,Cambridge Quantum,organization,,http://www.cambridgequantum.com,pypi,qujax,2252,1,1,1,71,0,1008,,339,6,13,2,0.3119266055045872,0.07692307692307687,4,0,"",0,8,0,1,0,0,push:339d release:1008d commits:1 active_maint:0 closed:3 merged:1,https://science.ecosyste.ms/projects/1006
338,DeepRank2,https://github.com/deeprank/deeprank2,dormant,100.0,11.758378303204273,0,Scientific Software,Peer-reviewed,Python,DeepRank,DeepRank,organization,,,pypi,deeprank2,43,0,0,1,59,0,682,,140,35,0,0,0.6623634558093346,0.0,7,1,cbaakman,2,3,0,0,0,0,push:140d release:682d commits:0 active_maint:1 closed:0 merged:0,https://science.ecosyste.ms/projects/817
344,Larq,https://github.com/larq/larq,dead,95.0,16.699612702846842,0,Scientific Software,Peer-reviewed,Python,larq,larq,organization,,https://larq.dev,pypi,larq,1315,8,1,1,732,1,1114,,48,19,4,2,0.510148849797023,0.25,1,0,"",2,5,1,4,0,0,archived push:48d release:1114d commits:3 active_maint:0 closed:5 merged:4,https://science.ecosyste.ms/projects/2337
346,CMinx,https://github.com/cmakepp/cminx,dormant,98.0,13.690708949648744,0,Scientific Software,Peer-reviewed,Python,CMakePP,CMakePP,organization,,https://cmakepp.github.io/,pypi,"cminx,cminxtestingpackage",5252,1,0,1,15,0,380,,188,7,1,1,0.3877551020408163,0.0,1,0,"",9,2,1,1,0,0,push:188d release:380d commits:1 active_maint:0 closed:2 merged:1,https://science.ecosyste.ms/projects/1395
348,CellPyLib,https://github.com/lantunes/cellpylib,dead,93.0,18.66213168760886,0,Scientific Software,Peer-reviewed,Python,lantunes,Luis Antunes,user,,,pypi,cellpylib,169741,3,1,1,245,0,1261,,1255,3,0,0,0.34104046242774566,0.0,2,0,"",1,0,0,0,0,0,push:1255d release:1261d commits:0 active_maint:0 closed:0 merged:0,https://science.ecosyste.ms/projects/1697
349,tidyhydat,https://github.com/ropensci/tidyhydat,dormant,93.0,18.651982922967942,0,Scientific Software,Peer-reviewed,R,ropensci,rOpenSci,organization,,https://ropensci.org/,"cran,go","tidyhydat,github.com/ropensci/tidyhydat",632,10,4,1,75,0,506,,49,12,9,1,0.047550432276657006,0.0,3,2,"boshek,maelle",6,6,4,5,0,0,push:49d release:506d commits:9 active_maint:2 closed:9 merged:5,https://science.ecosyste.ms/projects/2943
350,tidygeocoder,https://github.com/jessecambon/tidygeocoder,dormant,95.0,16.63608197560116,0,Scientific Software,Peer-reviewed,R,jessecambon,Jesse Cambon,user,Lighthouse,jessecambon.github.io,"go,conda,cran","github.com/jessecambon/tidygeocoder,r-tidygeocoder,tidygeocoder",5856,15,4,1,300,0,486,,162,9,0,0,0.2492492492492493,0.0,1,0,"",2,1,1,1,0,0,push:162d release:486d commits:0 active_maint:0 closed:2 merged:1,https://science.ecosyste.ms/projects/1773
352,metrica,https://github.com/adriancorrendo/metrica,dead,95.0,16.605919551773972,0,Scientific Software,Peer-reviewed,R,adriancorrendo,Adrian Correndo,user,Kansas State University,https://adriancorrendo.github.io/,"cran,conda","metrica,r-metrica",512,2,1,1,79,0,760,,760,8,0,0,0.07894736842105265,0.0,5,0,"",1,0,0,0,0,0,push:760d release:760d commits:0 active_maint:0 closed:0 merged:0,https://science.ecosyste.ms/projects/1323
353,PDFIO,https://github.com/sambitdash/pdfio.jl,dormant,100.0,11.601595465682728,0,Scientific Software,Peer-reviewed,Julia,sambitdash,Sambit Kumar Dash,user,,https://www.linkedin.com/in/sambitdash/,julia,PDFIO,0,0,0,0,137,0,544,,540,6,0,0,0.03672316384180796,0.0,1,0,"",3,2,2,0,0,0,push:540d release:544d commits:0 active_maint:0 closed:4 merged:0,https://science.ecosyste.ms/projects/2393
357,drms,https://github.com/sunpy/drms,dormant,95.0,16.561033792069953,0,Scientific Software,Peer-reviewed,Python,sunpy,SunPy,organization,,https://www.sunpy.org,"pypi,conda",drms,36942,29,10,4,25,0,540,,24,15,17,6,0.5785714285714285,0.6470588235294117,10,2,"Cadair,nabobalis",1,21,1,9,0,0,push:24d release:540d commits:10 active_maint:2 closed:15 merged:9,https://science.ecosyste.ms/projects/2477
359,scene_synthesizer,https://github.com/nvlabs/scene_synthesizer,dormant,98.0,13.538301452045067,0,Scientific Software,Peer-reviewed,Python,NVlabs,NVIDIA Research Projects,organization,,http://research.nvidia.com,pypi,scene-synthesizer,4118,0,0,1,227,0,397,,397,1,0,0,0.0,0.0,0,0,"",11,6,6,4,0,0,push:397d release:397d commits:0 active_maint:0 closed:12 merged:4,https://science.ecosyste.ms/projects/304
361,TimeseriesSurrogates.jl,https://github.com/juliadynamics/timeseriessurrogates.jl,dormant,100.0,11.52872007086887,0,Scientific Software,Peer-reviewed,Julia,JuliaDynamics,JuliaDynamics,organization,,https://juliadynamics.github.io/JuliaDynamics/,julia,TimeseriesSurrogates,0,4,4,0,56,0,697,,271,9,3,2,0.3929712460063898,0.33333333333333337,3,1,Datseris,1,4,0,3,0,0,push:271d release:697d commits:2 active_maint:1 closed:3 merged:3,https://science.ecosyste.ms/projects/1406
365,qicharts2,https://github.com/anhoej/qicharts2,dormant,95.0,16.480913766917322,0,Scientific Software,Peer-reviewed,R,anhoej,Jacob Anhøj,user,,,cran,qicharts2,792,9,3,1,42,0,402,,28,8,7,1,0.05666666666666664,0.0,1,0,"",2,0,2,0,0,0,push:28d release:402d commits:7 active_maint:0 closed:2 merged:0,https://science.ecosyste.ms/projects/2848
369,FDApy,https://github.com/stevengolovkine/fdapy,dormant,100.0,11.42704072581306,0,Scientific Software,Peer-reviewed,Python,StevenGolovkine,Steven,user,,,pypi,fdapy,228,1,0,1,56,0,520,,511,7,0,0,0.012509773260359625,0.0,1,0,"",10,18,8,17,0,0,push:511d release:520d commits:0 active_maint:0 closed:25 merged:17,https://science.ecosyste.ms/projects/265
372,kuibit,https://github.com/sbozzolo/kuibit,dormant,100.0,11.400607468744903,0,Scientific Software,Peer-reviewed,AGS Script,Sbozzolo,Gabriele Bozzola,user,"Amazon Web Services, Center for Quantum Computing",sbozzolo.github.io,pypi,kuibit,226,1,0,1,42,0,392,,33,11,11,4,0.018995929443690662,0.5454545454545454,2,1,Sbozzolo,3,6,0,2,0,0,push:33d release:392d commits:11 active_maint:1 closed:2 merged:2,https://science.ecosyste.ms/projects/1926
373,coalitions,https://github.com/adibender/coalitions,dormant,95.0,16.396136394810817,0,Scientific Software,Peer-reviewed,R,adibender,Andreas Bender,user,LMU,https://twitter.com/adiBender,cran,coalitions,350,0,0,1,23,0,1443,,738,13,11,1,0.23351648351648346,0.0,2,1,adibender,0,1,0,1,0,0,pkg:removed push:738d release:1443d commits:11 active_maint:1 closed:1 merged:1,https://science.ecosyste.ms/projects/2892
379,schwimmbad,https://github.com/adrn/schwimmbad,dormant,95.0,16.332659784089024,0,Scientific Software,Peer-reviewed,Python,adrn,Adrian Price-Whelan,user,Flatiron Institute,adrian.pw,"conda,pypi",schwimmbad,7484,57,23,1,121,0,868,,151,9,0,0,0.19072164948453607,0.0,2,0,"",2,9,0,0,0,0,push:151d release:868d commits:0 active_maint:0 closed:3 merged:0,https://science.ecosyste.ms/projects/2990
389,Rdataretriever,https://github.com/ropensci/rdataretriever,dead,93.0,18.253809958852443,0,Scientific Software,Peer-reviewed,R,ropensci,rOpenSci,organization,,https://ropensci.org/,cran,rdataretriever,277,1,0,1,47,0,735,,735,17,0,0,0.6238244514106583,0.0,5,0,"",1,0,0,0,0,0,push:735d release:735d commits:0 active_maint:0 closed:0 merged:0,https://science.ecosyste.ms/projects/2010
391,ODES,https://github.com/bmcage/odes,dead,95.0,16.24323997020575,0,Scientific Software,Peer-reviewed,Python,bmcage,Benny,user,ugent.be,http://cage.ugent.be/~bm,"conda,pypi,spack","scikits.odes,scikits-odes-core,py-scikits-odes,scikits-odes-daepack,scikits-odes-sundials,scikits-odes",4657,0,0,2,131,0,564,,564,16,0,0,0.5829787234042554,0.0,2,0,"",1,2,0,0,0,0,push:564d release:564d commits:0 active_maint:0 closed:0 merged:0,https://science.ecosyste.ms/projects/2897
394,LISC,https://github.com/lisc-tools/lisc,dormant,100.0,11.216592750037657,0,Scientific Software,Peer-reviewed,Python,lisc-tools,LISC,organization,,https://lisc-tools.github.io/,"pypi,conda",lisc,91,2,0,1,111,0,510,,50,7,3,1,0.03384094754653133,0.0,1,1,TomDonoghue,0,1,0,1,0,0,push:50d release:510d commits:3 active_maint:1 closed:1 merged:1,https://science.ecosyste.ms/projects/2443
395,OpenRepGrid,https://github.com/markheckmann/openrepgrid,dormant,100.0,11.201169255299416,0,Scientific Software,Peer-reviewed,R,markheckmann,Mark Heckmann,user,Deutsche Bahn,markheckmann.de,cran,OpenRepGrid,349,2,0,1,21,0,387,,118,8,0,0,0.1454545454545455,0.0,1,1,markheckmann,19,4,7,4,0,0,push:118d release:387d commits:0 active_maint:1 closed:11 merged:4,https://science.ecosyste.ms/projects/345
399,pulse,https://github.com/finsberg/pulse,dormant,100.0,11.110415984687696,0,Scientific Software,Peer-reviewed,Python,finsberg,Henrik Finsberg,user,Simula Research Laboratoy,https://finsberg.github.io,"pypi,conda","fenics-pulse,pulse",215,1,2,1,17,0,419,,17,8,0,0,0.19771863117870725,0.0,1,0,"",0,4,0,3,0,0,push:17d release:419d commits:0 active_maint:0 closed:3 merged:3,https://science.ecosyste.ms/projects/2445
400,FielDHub,https://github.com/didiermurillof/fieldhub,dormant,95.0,16.103903415937484,0,Scientific Software,Peer-reviewed,HTML,DidierMurilloF,Didier A Murillo Florez,user,NDSU,,cran,FielDHub,790,1,1,1,57,0,734,,29,9,9,2,0.2142857142857143,0.11111111111111116,1,1,DidierMurilloF,1,5,0,5,0,0,push:29d release:734d commits:9 active_maint:1 closed:5 merged:5,https://science.ecosyste.ms/projects/1887
408,coxeter,https://github.com/glotzerlab/coxeter,dormant,98.0,12.986296200967342,0,Scientific Software,Peer-reviewed,Python,glotzerlab,Glotzer Group,organization,,https://glotzerlab.engin.umich.edu,"conda,pypi",coxeter,515,1,0,6,24,0,521,,29,23,63,5,0.41628545288197616,0.15873015873015872,7,2,"janbridley,joaander",3,42,0,34,0,0,push:29d release:521d commits:7 active_maint:2 closed:35 merged:34,https://science.ecosyste.ms/projects/1832
410,startinpy,https://github.com/hugoledoux/startinpy,dormant,100.0,10.951683355290221,0,Scientific Software,Peer-reviewed,Rust,hugoledoux,Hugo Ledoux,user,Delft University of Technology,https://3d.bk.tudelft.nl/hledoux,pypi,startinpy,324,1,0,1,40,0,367,,9,5,11,1,0.03389830508474578,0.0,1,0,"",1,2,0,0,0,0,push:9d release:367d commits:11 active_maint:0 closed:1 merged:0,https://science.ecosyste.ms/projects/409
412,cspy,https://github.com/torressa/cspy,dead,95.0,15.91621199793827,0,Scientific Software,Peer-reviewed,C++,torressa,David Torres,user,Gurobi Optimization,,"nuget,pypi","cspy.dotnet,cspy.dn,cspy,cspy.dotnet.runtime.osx-arm64,cspy.dn.runtime.osx-x64,cspy.dotnet.runtime.linux-x64",5629,8,1,1,94,0,1302,,780,10,0,0,0.4818652849740933,0.0,1,0,"",1,0,0,0,0,0,push:780d release:1302d commits:0 active_maint:0 closed:0 merged:0,https://science.ecosyste.ms/projects/2238
413,Pycapacity,https://github.com/auctus-team/pycapacity,dormant,100.0,10.912284536881874,0,Scientific Software,Peer-reviewed,Python,,,,,,pypi,pycapacity,275,1,0,1,39,0,528,,108,7,5,2,0.2373887240356083,0.19999999999999996,1,0,"",1,1,0,0,0,0,push:108d release:528d commits:5 active_maint:0 closed:0 merged:0,https://science.ecosyste.ms/projects/1005
415,Pymer4,https://github.com/ejolly/pymer4,dormant,95.0,15.906284395935083,0,Scientific Software,Peer-reviewed,Python,ejolly,Eshin Jolly,user,,https://eshinjolly.com,pypi,pymer4,5269,7,1,1,231,0,428,,329,7,2,1,0.08933717579250722,0.0,1,0,"",8,7,2,3,0,0,push:329d release:428d commits:2 active_maint:0 closed:5 merged:3,https://science.ecosyste.ms/projects/2713
416,Nostril,https://github.com/casics/nostril,dead,95.0,15.875117436834799,0,Scientific Software,Peer-reviewed,Python,casics,CASICS,organization,,https://casics.github.io/overview,pypi,nostril-detector,36648,0,0,1,199,1,914,,1545,1,0,0,0.0,0.0,1,0,"",1,0,0,0,0,0,archived push:1545d release:914d commits:0 active_maint:0 closed:0 merged:0,https://science.ecosyste.ms/projects/2851
418,Spafe,https://github.com/superkogito/spafe,dormant,93.0,17.871227591064653,0,Scientific Software,Peer-reviewed,Python,SuperKogito,Ayoub Malek,user,@Huawei,https://superkogito.github.io/,"go,pypi","github.com/superkogito/spafe,spafe",10074,9,1,1,485,0,791,,497,12,0,0,0.06997084548104959,0.0,1,0,"",0,3,0,2,0,0,push:497d release:791d commits:0 active_maint:0 closed:2 merged:2,https://science.ecosyste.ms/projects/1265
424,checkpoint_schedules,https://github.com/firedrakeproject/checkpoint_schedules,dormant,100.0,10.795485591841238,0,Scientific Software,Peer-reviewed,Python,firedrakeproject,Firedrake,organization,,https://www.firedrakeproject.org,pypi,checkpoint-schedules,2438,0,0,2,4,0,644,,497,4,0,0,0.05693069306930698,0.0,1,0,"",1,4,1,3,0,0,push:497d release:644d commits:0 active_maint:0 closed:4 merged:3,https://science.ecosyste.ms/projects/773
429,Clustergram,https://github.com/martinfleis/clustergram,dormant,98.0,12.758266674506904,0,Scientific Software,Peer-reviewed,Jupyter Notebook,martinfleis,Martin Fleischmann,user,,martinfleischmann.net,"conda,pypi",clustergram,875,5,0,1,126,0,855,,9,4,16,3,0.18452380952380953,0.5625,1,1,martinfleis,0,10,0,9,0,0,push:9d release:855d commits:7 active_maint:1 closed:9 merged:9,https://science.ecosyste.ms/projects/1019
431,piecewise-regression (aka segmented regression) in Python,https://github.com/chasmani/piecewise-regression,dead,93.0,17.711707245290153,0,Scientific Software,Peer-reviewed,Python,chasmani,Chasmani,user,,,"conda,pypi",piecewise-regression,129169,1,2,1,130,0,955,,781,3,0,0,0.10185185185185186,0.0,1,0,"",1,0,0,0,0,0,push:781d release:955d commits:0 active_maint:0 closed:0 merged:0,https://science.ecosyste.ms/projects/1676
436,SCIMAP,https://github.com/labsyspharm/scimap,dormant,95.0,15.662866341960939,0,Scientific Software,Peer-reviewed,Python,labsyspharm,Laboratory of Systems Pharmacology @ Harvard,organization,,https://labsyspharm.org/,pypi,scimap,3363,1,0,1,113,0,395,,141,14,4,2,0.09785202863961817,0.25,1,0,"",7,3,3,1,0,0,push:141d release:395d commits:4 active_maint:0 closed:4 merged:1,https://science.ecosyste.ms/projects/681
437,MCMCvis,https://github.com/caseyyoungflesh/mcmcvis,dormant,95.0,15.65271268996371,0,Scientific Software,Peer-reviewed,HTML,caseyyoungflesh,Casey Youngflesh,user,Michigan State University,www.caseyyoungflesh.com,cran,MCMCvis,1822,6,2,1,39,0,1017,,246,6,10,1,0.3545706371191135,0.0,2,0,"",2,0,2,0,0,0,push:246d release:1017d commits:10 active_maint:0 closed:2 merged:0,https://science.ecosyste.ms/projects/2872
439,InvertibleNetworks.jl,https://github.com/slimgroup/invertiblenetworks.jl,dormant,100.0,10.624736163206949,0,Scientific Software,Peer-reviewed,Julia,slimgroup,SLIM GROUP,organization,,https://slim.gatech.edu,julia,InvertibleNetworks,0,0,0,0,170,0,667,,302,23,8,2,0.6799116997792494,0.25,8,1,flexie,3,14,0,5,0,0,push:302d release:667d commits:8 active_maint:1 closed:5 merged:5,https://science.ecosyste.ms/projects/568
440,OSTIR,https://github.com/barricklab/ostir,dormant,100.0,10.624249900129048,0,Scientific Software,Peer-reviewed,Python,barricklab,Barrick Lab,organization,,http://barricklab.org,pypi,"ostir,ostir50,ostir-50",253,1,1,2,33,0,616,,365,5,2,1,0.3144654088050315,0.0,1,0,"",1,0,1,0,0,0,push:365d release:616d commits:2 active_maint:0 closed:1 merged:0,https://science.ecosyste.ms/projects/1799
444,Mashpit,https://github.com/tongzhouxu/mashpit,dormant,100.0,10.551637367165338,0,Scientific Software,Peer-reviewed,Python,tongzhouxu,Tongzhou Xu,user,,,pypi,mashpit,237,1,0,1,14,0,592,,28,10,3,1,0.3523316062176166,0.0,1,0,"",9,1,8,1,0,0,push:28d release:592d commits:3 active_maint:0 closed:9 merged:1,https://science.ecosyste.ms/projects/349
448,GTFS Segments,https://github.com/utel-uiuc/gtfs_segments,dormant,100.0,10.509441521393695,0,Scientific Software,Peer-reviewed,Python,UTEL-UIUC,UTEL-UIUC,organization,,,"go,pypi","github.com/utel-uiuc/gtfs_segments,gtfs-segments,github.com/UTEL-UIUC/gtfs_segments",258,0,1,1,49,0,682,,395,3,0,0,0.02941176470588236,0.0,1,0,"",4,6,2,4,0,0,push:395d release:682d commits:0 active_maint:0 closed:6 merged:4,https://science.ecosyste.ms/projects/777
449,PyAutoCTI,https://github.com/jammy2211/pyautocti,dormant,100.0,10.505889119789328,0,Scientific Software,Peer-reviewed,Python,Jammy2211,James Nightingale,user,Durham University,www.jamesnightingale.net,pypi,"autocti-no-gsl,autocti",560,0,0,2,6,0,1292,,624,5,0,0,0.2893639207507821,0.0,3,0,"",0,1,0,1,0,0,push:624d release:1292d commits:0 active_maint:0 closed:1 merged:1,https://science.ecosyste.ms/projects/671
454,MParT,https://github.com/measuretransport/mpart,dormant,100.0,10.466981524869203,0,Scientific Software,Peer-reviewed,C++,MeasureTransport,MeasureTransport,organization,,,"conda,pypi",mpart,60,0,0,1,18,0,884,,239,8,0,0,0.5279866332497911,0.0,0,0,"",1,1,1,0,0,0,push:239d release:884d commits:0 active_maint:0 closed:1 merged:0,https://science.ecosyste.ms/projects/1288
460,uravu,https://github.com/arm61/uravu,dormant,100.0,10.38145935143104,0,Scientific Software,Peer-reviewed,Python,arm61,Andrew McCluskey,user,European Spallation Source,https://mccluskey.scot,pypi,uravu,189,1,1,1,27,0,1011,,639,6,0,0,0.3477011494252874,0.0,1,0,"",0,1,0,1,0,0,push:639d release:1011d commits:0 active_maint:0 closed:1 merged:1,https://science.ecosyste.ms/projects/2234
463,Virgo,https://github.com/0xcoto/virgo,dead,98.0,12.311621143518215,0,Scientific Software,Peer-reviewed,Python,0xCoto,Apostolos,user,,,pypi,astro-virgo,292,1,0,1,189,0,1430,,1103,4,0,0,0.03157894736842104,0.0,1,0,"",3,0,0,0,0,0,push:1103d release:1430d commits:0 active_maint:0 closed:0 merged:0,https://science.ecosyste.ms/projects/1872
465,xphyle,https://github.com/jdidion/xphyle,dormant,100.0,10.237241813090291,0,Scientific Software,Peer-reviewed,Python,jdidion,John Didion,user,Apton,http://john.didion.net,"conda,pypi",xphyle,172,4,2,1,24,0,1021,,25,4,7,1,0.2801204819277109,0.0,2,2,"jdidion,pyup-bot",2,7,1,4,0,0,push:25d release:1021d commits:7 active_maint:2 closed:6 merged:4,https://science.ecosyste.ms/projects/3021
469,HylleraasMD,https://github.com/cascella-group-uio/hymd,dormant,100.0,10.199137794637085,0,Scientific Software,Peer-reviewed,Python,Cascella-Group-UiO,Cascella-Group-UiO,organization,,,pypi,hymd,28,1,0,1,30,0,1028,,692,16,0,0,0.6968421052631579,0.0,3,0,"",0,1,0,1,0,0,push:692d release:1028d commits:0 active_maint:0 closed:1 merged:1,https://science.ecosyste.ms/projects/1163
470,LenslessPiCam,https://github.com/lcav/lenslesspicam,dormant,100.0,10.173819986652795,0,Scientific Software,Peer-reviewed,Jupyter Notebook,LCAV,Audiovisual Communications Laboratory,organization,,lcav.epfl.ch,pypi,lensless,34,1,0,1,91,0,395,,34,8,2,1,0.10676156583629892,0.0,2,0,"",1,9,0,5,0,0,push:34d release:395d commits:2 active_maint:0 closed:5 merged:5,https://science.ecosyste.ms/projects/1087
472,libecpint,https://github.com/robashaw/libecpint,dormant,100.0,10.134361149912248,0,Scientific Software,Peer-reviewed,C++,robashaw,Robert Shaw,user,,https://www.rashaw.net,"go,conda,homebrew,spack","github.com/robashaw/libecpint,libecpint",31,1,1,0,28,0,1152,,38,21,10,4,0.5630252100840336,0.6,2,1,robashaw,2,7,1,0,0,0,push:38d release:1152d commits:10 active_maint:1 closed:1 merged:0,https://science.ecosyste.ms/projects/1923
477,"A GPU-Accelerated Open-Source Python Package for Calculating Powder Diffraction, Small-Angle-, and Total Scattering with the Debye Scattering Equation",https://github.com/frederiklizakjohansen/debyecalculator,dormant,100.0,10.064542911536916,0,Scientific Software,Peer-reviewed,Jupyter Notebook,FrederikLizakJohansen,Frederik Lizak Johansen,user,@NanostructureUCPH ,,pypi,debyecalculator,126,0,0,1,37,0,638,,588,5,0,0,0.5124378109452736,0.0,3,0,"",1,2,1,2,0,0,push:588d release:638d commits:0 active_maint:0 closed:3 merged:2,https://science.ecosyste.ms/projects/825
480,MF2,https://github.com/sjvrijn/mf2,dormant,100.0,10.04810724214607,0,Scientific Software,Peer-reviewed,Python,sjvrijn,Sander van Rijn,user,@NLeSC ,http://www.svrijn.nl,"pypi,conda",mf2,105,1,0,1,30,0,1513,,335,6,9,1,0.022662889518413554,0.0,1,0,"",0,1,0,0,0,0,push:335d release:1513d commits:9 active_maint:0 closed:0 merged:0,https://science.ecosyste.ms/projects/2153
482,Nempy,https://github.com/unsw-ceem/nempy,dormant,96.0,14.018634242387492,0,Scientific Software,Peer-reviewed,Python,UNSW-CEEM,Collaboration on Energy and Environmental Markets (CEEM),organization,,http://ceem.unsw.edu.au/,"pypi,go","nempy,github.com/UNSW-CEEM/nempy,github.com/unsw-ceem/nempy",2571,1,1,1,68,0,510,,281,8,2,1,0.11267605633802813,0.0,1,1,nick-gorman,2,5,0,1,0,0,push:281d release:510d commits:2 active_maint:1 closed:1 merged:1,https://science.ecosyste.ms/projects/1612
484,effmass,https://github.com/lucydot/effmass,dormant,98.0,11.999196066679836,0,Scientific Software,Peer-reviewed,Jupyter Notebook,lucydot,Lucy Whalley,user,Northumbria University,lucydot.github.io,pypi,effmass,152,1,0,1,86,0,1155,,80,11,3,1,0.10747663551401865,0.0,1,0,"",0,0,0,0,0,0,push:80d release:1155d commits:3 active_maint:0 closed:0 merged:0,https://science.ecosyste.ms/projects/2799
485,SelfEEG,https://github.com/medmaxlab/selfeeg,dormant,100.0,9.991498429858842,0,Scientific Software,Peer-reviewed,Python,MedMaxLab,MedMaxLab,organization,,,pypi,selfeeg,51,0,0,1,73,0,422,,413,7,0,0,0.1164021164021164,0.0,1,0,"",0,6,0,2,0,0,push:413d release:422d commits:0 active_maint:0 closed:5 merged:2,https://science.ecosyste.ms/projects/781
486,Stripy,https://github.com/underworldcode/stripy,dormant,95.0,14.990358315962965,0,Scientific Software,Peer-reviewed,Jupyter Notebook,underworldcode,Underworld geodynamics software platform and tools,organization,,http://www.underworldcode.org,"conda,pypi",stripy,2794,5,4,3,55,0,967,,7,17,0,0,0.6761061946902656,0.0,4,1,brmather,2,1,0,0,0,0,push:7d release:967d commits:0 active_maint:1 closed:0 merged:0,https://science.ecosyste.ms/projects/2545
487,ENZO,https://github.com/enzo-project/enzo-dev,dormant,100.0,9.98377638376493,0,Scientific Software,Peer-reviewed,C,enzo-project,enzo-project,organization,,,,,0,,,,99,0,,,337,126,11,1,0.8909837595669218,0.0,1,0,"",2,1,0,0,0,0,push:337d commits:11 active_maint:0 closed:1 merged:0,https://science.ecosyste.ms/projects/2435
488,Snek5000,https://github.com/snek5000/snek5000,dormant,100.0,9.9813740911932,0,Scientific Software,Peer-reviewed,Python,snek5000,snek5000,organization,,,pypi,snek5000,42,1,3,1,30,0,1071,,198,10,2,1,0.4,0.0,1,0,"",0,13,0,10,0,0,push:198d release:1071d commits:0 active_maint:0 closed:10 merged:10,https://science.ecosyste.ms/projects/1027
491,fmcmc,https://github.com/uscbiostats/fmcmc,dormant,96.0,13.910047711788263,0,Scientific Software,Peer-reviewed,R,USCbiostats,USC Division of Biostatistics,organization,,https://biostatsepi.usc.edu/,cran,fmcmc,363,3,2,1,16,0,1066,,229,3,8,2,0.019736842105263164,0.25,1,0,"",0,1,0,0,0,0,push:229d release:1066d commits:8 active_maint:0 closed:0 merged:0,https://science.ecosyste.ms/projects/2515
494,A Framework to Quality Control Oceanographic Data,https://github.com/castelao/cotede,dead,98.0,11.89130710466865,0,Scientific Software,Peer-reviewed,Python,castelao,Guilherme Castelão,user,@NREL,www.castelao.net,"conda,pypi",cotede,546,5,1,1,59,0,1143,,1095,4,0,0,0.003898635477582846,0.0,1,0,"",1,0,0,0,0,0,push:1095d release:1143d commits:0 active_maint:0 closed:0 merged:0,https://science.ecosyste.ms/projects/2260
497,terrainr,https://github.com/ropensci/terrainr,dormant,98.0,11.85423597823169,0,Scientific Software,Peer-reviewed,R,ropensci,rOpenSci,organization,,https://ropensci.org/,cran,terrainr,605,2,1,1,77,0,370,,370,3,2,1,0.15300546448087426,0.0,2,0,"",2,0,1,0,0,0,push:370d release:370d commits:2 active_maint:0 closed:1 merged:0,https://science.ecosyste.ms/projects/1634
501,PyXAB - A Python Library for $\mathcal{X}$-Armed Bandit and Online Blackbox Optimization Algorithms,https://github.com/williamlwj/pyxab,dormant,100.0,9.780189336191635,0,Scientific Software,Peer-reviewed,Python,WilliamLwj,William,user,,https://williamlwj.github.io/About/,pypi,pyxab,33,0,0,1,127,0,1139,,644,4,0,0,0.1849529780564263,0.0,2,0,"",1,1,0,1,0,0,push:644d release:1139d commits:0 active_maint:0 closed:1 merged:1,https://science.ecosyste.ms/projects/428
504,mosartwmpy,https://github.com/immm-sfa/mosartwmpy,dormant,100.0,9.737432968206045,0,Scientific Software,Peer-reviewed,Python,IMMM-SFA,Integrated Multisector Multiscale Modeling,organization,,https://im3.pnnl.gov/,"go,conda,pypi","github.com/IMMM-SFA/mosartwmpy,mosartwmpy,github.com/immm-sfa/mosartwmpy",119,1,0,1,25,0,931,,6,4,0,0,0.24186046511627912,0.0,2,1,cameronbracken,1,5,0,0,0,0,push:6d release:931d commits:0 active_maint:1 closed:3 merged:0,https://science.ecosyste.ms/projects/1846
510,imucal - A Python library to calibrate 6 DOF IMUs,https://github.com/mad-lab-fau/imucal,dormant,98.0,11.668954379809259,0,Scientific Software,Peer-reviewed,Python,mad-lab-fau,Machine Learning and Data Analytics Lab FAU,organization,,https://www.mad.tf.fau.de,"alpine,pypi","py3-imucal,py3-imucal-pyc,imucal",353,5,2,2,51,0,582,,461,7,0,0,0.06785714285714284,0.0,2,0,"",2,0,2,0,0,0,push:461d release:582d commits:0 active_maint:0 closed:2 merged:0,https://science.ecosyste.ms/projects/1505
513,jstor,https://github.com/ropensci/jstor,dormant,93.0,16.62150310803577,0,Scientific Software,Peer-reviewed,R,ropensci,rOpenSci,organization,,https://ropensci.org/,cran,jstor,309,0,0,1,47,0,1079,,457,6,3,1,0.01602136181575431,0.0,2,0,"",0,0,0,0,0,0,push:457d release:1079d commits:3 active_maint:0 closed:0 merged:0,https://science.ecosyste.ms/projects/2798
516,ZodiPy,https://github.com/cosmoglobe/zodipy,dormant,100.0,9.599676098154465,0,Scientific Software,Peer-reviewed,Python,Cosmoglobe,Cosmoglobe,organization,,cosmoglobe.uio.no,pypi,"quadcube,zodipy",161,1,0,2,13,0,465,,38,7,8,3,0.04259634888438135,0.25,2,0,"",1,10,0,3,0,0,push:38d release:465d commits:2 active_maint:0 closed:7 merged:3,https://science.ecosyste.ms/projects/736
519,iced,https://github.com/hiclib/iced,dormant,98.0,11.582134313132538,0,Scientific Software,Peer-reviewed,Python,hiclib,hiclib,organization,,,pypi,iced,281,9,2,1,41,0,435,,435,6,0,0,0.10460251046025104,0.0,0,0,"",1,3,0,2,0,0,push:435d release:435d commits:0 active_maint:0 closed:3 merged:2,https://science.ecosyste.ms/projects/2609
525,Zoomerjoin,https://github.com/beniaminogreen/zoomerjoin,dormant,98.0,11.543027808786672,0,Scientific Software,Peer-reviewed,R,beniaminogreen,Beniamino Green,user,Yale University,,cran,zoomerjoin,225,0,0,1,109,0,473,,104,6,11,3,0.13486842105263153,0.2727272727272727,2,1,beniaminogreen,4,5,2,4,0,0,push:104d release:473d commits:11 active_maint:1 closed:6 merged:4,https://science.ecosyste.ms/projects/981
528,sorn,https://github.com/saran-nns/sorn,dormant,98.0,11.531158233231288,0,Scientific Software,Peer-reviewed,Python,Saran-nns,Saranraj Nambusubramaniyan,user,,,pypi,sorn,1338,1,0,1,39,0,1536,,694,2,0,0,0.3628691983122363,0.0,1,0,"",0,1,0,1,0,0,push:694d release:1536d commits:0 active_maint:0 closed:1 merged:1,https://science.ecosyste.ms/projects/1768
530,Representation and Manipulation of Genomic Tuples in R,https://github.com/petehaitch/genomictuples,dormant,95.0,14.507814883421633,0,Scientific Software,Peer-reviewed,R,PeteHaitch,Peter Hickey,user,,www.peterhickey.org,bioconductor,GenomicTuples,0,0,0,1,5,0,464,,83,11,4,1,0.2490974729241877,0.0,1,0,"",0,0,0,0,0,0,push:83d release:464d commits:4 active_maint:0 closed:0 merged:0,https://science.ecosyste.ms/projects/3127
532,academictwitteR,https://github.com/cjbarrie/academictwitter,dead,95.0,14.486068512265025,0,Scientific Software,Peer-reviewed,R,cjbarrie,Christopher Barrie,user,University of Edinburgh,https://cjbarrie.com,"cran,go,conda","academictwitteR,github.com/cjbarrie/academictwitteR,github.com/cjbarrie/academictwitter,r-academictwitter",799,4,0,1,275,1,1625,,1126,8,0,0,0.5791245791245792,0.0,3,0,"",0,0,0,0,0,0,archived push:1126d release:1625d commits:0 active_maint:0 closed:0 merged:0,https://science.ecosyste.ms/projects/1868
533,quadkeyr,https://github.com/ropensci/quadkeyr,dormant,100.0,9.475163150281881,0,Scientific Software,Peer-reviewed,R,ropensci,rOpenSci,organization,,https://ropensci.org/,cran,quadkeyr,180,0,0,1,15,0,493,,492,4,0,0,0.1352941176470588,0.0,2,0,"",5,12,3,10,0,0,push:492d release:493d commits:0 active_maint:0 closed:15 merged:10,https://science.ecosyste.ms/projects/769
535,comorbidity,https://github.com/ellessenne/comorbidity,dead,95.0,14.44635671232684,0,Scientific Software,Peer-reviewed,R,ellessenne,Alessandro Gasparini,user,@RedDoorAnalytics,https://www.ellessenne.xyz,cran,comorbidity,1641,2,1,1,92,0,744,,744,9,0,0,0.14179104477611937,0.0,1,0,"",1,1,0,0,0,0,push:744d release:744d commits:0 active_maint:0 closed:0 merged:0,https://science.ecosyste.ms/projects/2879
538,NiBetaSeries,https://github.com/hbclab/nibetaseries,dead,98.0,11.411601236977113,0,Scientific Software,Peer-reviewed,Python,HBClab,"Health, Brain, & Cognition Lab",organization,,https://psychology.uiowa.edu/health-brain-cognition-lab,"pypi,spack","nibetaseries,py-nibetaseries",35,1,0,1,36,0,1577,,1151,29,0,0,0.33029612756264237,0.0,1,0,"",1,0,0,0,0,0,pkg:removed push:1151d release:1577d commits:0 active_maint:0 closed:0 merged:0,https://science.ecosyste.ms/projects/2451
541,set6,https://github.com/xoopr/set6,dead,95.0,14.387252525697537,0,Scientific Software,Peer-reviewed,R,xoopR,xoop,organization,,,"cran,conda","set6,r-set6",0,6,3,0,14,1,1746,,1035,3,0,0,0.11111111111111116,0.0,1,0,"",0,0,0,0,0,0,archived pkg:removed push:1035d release:1746d commits:0 active_maint:0 closed:0 merged:0,https://science.ecosyste.ms/projects/2055
554,Omniscape.jl,https://github.com/circuitscape/omniscape.jl,dormant,98.0,11.297005758745339,0,Scientific Software,Peer-reviewed,Julia,Circuitscape,Circuitscape,organization,,https://circuitscape.org/,julia,Omniscape,0,0,0,0,70,0,895,,38,9,9,2,0.2844036697247706,0.33333333333333337,3,0,"",2,6,0,3,0,0,push:38d release:895d commits:6 active_maint:0 closed:3 merged:3,https://science.ecosyste.ms/projects/1991
557,DynamicalBilliards.jl,https://github.com/juliadynamics/dynamicalbilliards.jl,dead,100.0,9.254835611862733,0,Scientific Software,Peer-reviewed,Julia,JuliaDynamics,JuliaDynamics,organization,,https://juliadynamics.github.io/JuliaDynamics/,julia,DynamicalBilliards,0,0,1,0,114,0,789,,769,17,0,0,0.28648068669527893,0.0,1,0,"",0,2,0,0,0,0,push:769d release:789d commits:0 active_maint:0 closed:0 merged:0,https://science.ecosyste.ms/projects/2956
566,UncertainSCI,https://github.com/sciinstitute/uncertainsci,dormant,100.0,9.20230820027892,0,Scientific Software,Peer-reviewed,Python,SCIInstitute,The Scientific Computing and Imaging Institute,organization,,www.sci.utah.edu,pypi,uncertainsci,29,1,0,2,11,0,1022,,7,11,11,1,0.6929347826086957,0.0,2,1,asher-m,3,2,2,1,0,0,push:7d release:1022d commits:11 active_maint:1 closed:3 merged:1,https://science.ecosyste.ms/projects/937
568,RiskPortfolios,https://github.com/ardiad/riskportfolios,dormant,93.0,16.199927034919305,0,Scientific Software,Peer-reviewed,R,ArdiaD,David Ardia,user,HEC Montréal,https://ardiad.github.io,cran,RiskPortfolios,355,1,3,1,54,0,1901,,1901,4,0,0,0.16249999999999998,0.0,2,0,"",2,0,1,0,0,0,push:1901d release:1901d commits:0 active_maint:0 closed:1 merged:0,https://science.ecosyste.ms/projects/3067
569,A Python package for homogenization procedures in fiber reinforced polymers,https://github.com/extraweich/homopy,dormant,100.0,9.182763604205947,0,Scientific Software,Peer-reviewed,Python,Extraweich,Nicolas Christ,user,Karlsruhe Institute of Technology,,pypi,homopy,25,0,0,1,25,0,1125,,481,8,0,0,0.5432525951557093,0.0,1,0,"",0,1,0,1,0,0,push:481d release:1125d commits:0 active_maint:0 closed:1 merged:1,https://science.ecosyste.ms/projects/1067
571,timeseriesflattener,https://github.com/aarhus-psychiatry-research/timeseriesflattener,dormant,98.0,11.168870552387599,0,Scientific Software,Peer-reviewed,Python,Aarhus-Psychiatry-Research,"PSYCOP, Aarhus Psychiatry Research",organization,,https://www.psykiatrien.rm.dk/afdelinger/auhpsykiatrien/afdeling-for-depression-og-angst/About/,pypi,timeseriesflattener,284,1,1,1,20,0,408,,408,13,0,0,0.4489402697495183,0.0,4,0,"",2,46,2,7,0,0,push:408d release:408d commits:0 active_maint:0 closed:39 merged:7,https://science.ecosyste.ms/projects/1196
574,PyVBMC,https://github.com/acerbilab/pyvbmc,dormant,98.0,11.139075296231315,0,Scientific Software,Peer-reviewed,Python,acerbilab,acerbilab,organization,,www.helsinki.fi/machine-and-human-intelligence,pypi,pyvbmc,91,0,1,2,128,0,673,,63,6,10,1,0.528125,0.0,4,0,"",0,10,0,2,0,0,push:63d release:673d commits:0 active_maint:0 closed:2 merged:2,https://science.ecosyste.ms/projects/1098
575,UM-Bridge,https://github.com/um-bridge/umbridge,dormant,95.0,14.135417777710792,0,Scientific Software,Peer-reviewed,C++,UM-Bridge,UM-Bridge,organization,,,pypi,umbridge,667,1,2,2,42,0,981,,8,18,5,2,0.2857142857142857,0.4,14,1,chun9l,4,18,0,6,0,0,push:8d release:981d commits:5 active_maint:1 closed:9 merged:6,https://science.ecosyste.ms/projects/1206
576,cerf,https://github.com/immm-sfa/cerf,dead,100.0,9.123038043573386,0,Scientific Software,Peer-reviewed,Jupyter Notebook,IMMM-SFA,Integrated Multisector Multiscale Modeling,organization,,https://im3.pnnl.gov/,pypi,cerf,77,0,0,2,16,0,675,,552,4,0,0,0.011363636363636354,0.0,1,0,"",1,1,0,0,0,0,push:552d release:675d commits:0 active_maint:0 closed:0 merged:0,https://science.ecosyste.ms/projects/1755
580,SolvationAnalysis,https://github.com/mdanalysis/solvation-analysis,dormant,95.0,14.075681649955472,0,Scientific Software,Peer-reviewed,Python,MDAnalysis,MDAnalysis,organization,,https://mdanalysis.org,pypi,solvation-analysis,2250,1,0,1,54,0,742,,246,9,8,1,0.06686046511627908,0.0,4,1,orionarcher,1,1,0,1,0,0,push:246d release:742d commits:8 active_maint:1 closed:1 merged:1,https://science.ecosyste.ms/projects/1179
581,elapid,https://github.com/earth-chris/elapid,dormant,98.0,11.06325765418233,0,Scientific Software,Peer-reviewed,Python,earth-chris,Christopher Anderson,user,@planetlabs,https://earth-chris.github.io,"conda,go,pypi","elapid,github.com/earth-chris/elapid",950,1,0,1,74,0,521,,49,3,5,3,0.007317073170731714,0.6,2,1,thomas-maschler,2,5,1,5,0,0,push:49d release:521d commits:5 active_maint:1 closed:6 merged:5,https://science.ecosyste.ms/projects/1172
586,Foundry-ML - Software and Services to Simplify Access to Machine Learning Datasets in Materials Science,https://github.com/mlmi2-cssi/foundry,dormant,95.0,13.997432034736889,0,Scientific Software,Peer-reviewed,Python,MLMI2-CSSI,Machine Learning Materials Innovation Infrastructure - NSF CSSI Project,organization,,,"pypi,conda","foundry-ml,foundry_ml",348,1,1,3,87,0,713,,189,24,11,2,0.7701767870868563,0.18181818181818177,5,0,"",0,7,0,6,0,0,push:189d release:713d commits:9 active_maint:0 closed:6 merged:6,https://science.ecosyste.ms/projects/855
591,causal-curve,https://github.com/ronikobrosly/causal-curve,dormant,93.0,15.953065335274394,0,Scientific Software,Peer-reviewed,Python,ronikobrosly,Roni Kobrosly,user,DrFirst,https://www.kobrosly.net,"go,pypi","github.com/ronikobrosly/causal-curve,causal-curve",7487,2,0,1,284,0,798,,206,4,1,1,0.038461538461538436,0.0,1,0,"",1,0,1,0,0,0,push:206d release:798d commits:1 active_maint:0 closed:1 merged:0,https://science.ecosyste.ms/projects/2143
593,ijtiff,https://github.com/ropensci/ijtiff,dormant,93.0,15.906774439570635,0,Scientific Software,Peer-reviewed,R,ropensci,rOpenSci,organization,,https://ropensci.org/,cran,ijtiff,1272,6,5,1,17,0,481,,185,5,7,1,0.202247191011236,0.0,4,0,"",0,0,0,0,0,0,push:185d release:481d commits:7 active_maint:0 closed:0 merged:0,https://science.ecosyste.ms/projects/2886
598,PyMSM,https://github.com/hrossman/pymsm,dead,98.0,10.866165563963404,0,Scientific Software,Peer-reviewed,Jupyter Notebook,hrossman,Hagai_Rossman,user,Weizmann institute of science,https://hrossman.github.io/,pypi,pymsm,298,1,0,2,57,0,1585,,1390,3,0,0,0.15042372881355937,0.0,2,0,"",0,2,0,0,0,0,push:1390d release:1585d commits:0 active_maint:0 closed:0 merged:0,https://science.ecosyste.ms/projects/1380
600,caracas,https://github.com/r-cas/caracas,dormant,93.0,15.850727447645355,0,Scientific Software,Peer-reviewed,R,r-cas,Computer algebra systems in R,organization,,,cran,caracas,536,2,0,1,31,0,973,,184,3,4,1,0.31400966183574874,0.0,1,0,"",0,0,0,0,0,0,push:184d release:973d commits:4 active_maint:0 closed:0 merged:0,https://science.ecosyste.ms/projects/1826
603,BayesO,https://github.com/jungtaekkim/bayeso,dormant,98.0,10.838011052671343,0,Scientific Software,Peer-reviewed,Python,jungtaekkim,Jungtaek Kim,user,,https://jungtaek.github.io,"go,pypi","github.com/jungtaekkim/bayeso,bayeso",266,1,0,1,96,0,870,,199,2,1,1,0.001481481481481528,0.0,1,1,jungtaekkim,0,1,0,1,0,0,push:199d release:870d commits:1 active_maint:1 closed:1 merged:1,https://science.ecosyste.ms/projects/963
604,partition,https://github.com/uscbiostats/partition,dormant,98.0,10.836753388616245,0,Scientific Software,Peer-reviewed,HTML,USCbiostats,USC Division of Biostatistics,organization,,https://biostatsepi.usc.edu/,cran,partition,323,1,1,1,37,0,659,,627,4,0,0,0.12658227848101267,0.0,2,0,"",2,2,1,2,0,0,push:627d release:659d commits:0 active_maint:0 closed:3 merged:2,https://science.ecosyste.ms/projects/2274
605,Autorank,https://github.com/sherbold/autorank,dormant,95.0,13.836146171564346,0,Scientific Software,Peer-reviewed,Python,sherbold,Steffen Herbold,user,,https://www.fim.uni-passau.de/ai-engineering,pypi,autorank,2382,4,1,1,99,0,422,,41,6,1,1,0.11864406779661019,0.0,1,0,"",2,3,1,1,0,0,push:41d release:422d commits:1 active_maint:0 closed:4 merged:1,https://science.ecosyste.ms/projects/2255
608,Shapelets,https://github.com/uw-comphys/shapelets,dormant,100.0,8.787525625532906,0,Scientific Software,Peer-reviewed,Python,uw-comphys,uw-comphys,organization,,,pypi,shapelets,48,2,0,2,19,0,593,,273,6,9,1,0.22535211267605637,0.0,2,1,mptino,3,19,1,16,0,0,push:273d release:593d commits:9 active_maint:1 closed:17 merged:16,https://science.ecosyste.ms/projects/779
612,JAXbind,https://github.com/nifty-ppl/jaxbind,dormant,95.0,13.768687258248175,0,Scientific Software,Peer-reviewed,Python,NIFTy-PPL,NIFTy-PPL,organization,,,pypi,jaxbind,3136,0,0,3,82,0,464,,168,4,11,2,0.5763688760806917,0.2727272727272727,2,1,roth-jakob,0,5,0,4,0,0,push:168d release:464d commits:11 active_maint:1 closed:4 merged:4,https://science.ecosyste.ms/projects/631
613,scPCA,https://github.com/philboileau/scpca,dormant,95.0,13.74586461613044,0,Scientific Software,Peer-reviewed,R,PhilBoileau,Philippe Boileau,user,,pboileau.ca,"go,bioconductor","github.com/PhilBoileau/scPCA,scPCA,github.com/philboileau/scpca",0,0,0,1,12,0,464,,535,6,0,0,0.23765432098765427,0.0,2,0,"",0,2,0,2,0,0,push:535d release:464d commits:0 active_maint:0 closed:2 merged:2,https://science.ecosyste.ms/projects/2291
616,TransBigData,https://github.com/ni1o1/transbigdata,dormant,93.0,15.716469663984848,0,Scientific Software,Peer-reviewed,Python,ni1o1,Qing Yu,user,Southern University of Science and Technology,https://ni1o1.github.io/,"pypi,conda",transbigdata,1398,2,1,1,536,0,1006,,1006,9,0,0,0.26590538336052205,0.0,2,0,"",4,0,1,0,0,0,push:1006d release:1006d commits:0 active_maint:0 closed:1 merged:0,https://science.ecosyste.ms/projects/1589
620,finreportr,https://github.com/sewardlee337/finreportr,dead,93.0,15.684669860933788,0,Scientific Software,Peer-reviewed,R,sewardlee337,Seward Lee,user,,https://sewardlee.com,cran,finreportr,401,0,0,1,135,0,1655,,1655,1,0,0,0.0,0.0,0,0,"",1,0,0,0,0,0,pkg:removed push:1655d release:1655d commits:0 active_maint:0 closed:0 merged:0,https://science.ecosyste.ms/projects/3086
621,OpenTripPlanner for R,https://github.com/ropensci/opentripplanner,dead,95.0,13.666274780193953,0,Scientific Software,Peer-reviewed,R,ropensci,rOpenSci,organization,,https://ropensci.org/,cran,opentripplanner,838,2,1,1,89,0,815,,586,11,0,0,0.1724709784411277,0.0,2,0,"",0,4,0,0,0,0,push:586d release:815d commits:0 active_maint:0 closed:0 merged:0,https://science.ecosyste.ms/projects/2372
623,hal9001,https://github.com/tlverse/hal9001,dormant,95.0,13.658341995573597,0,Scientific Software,Peer-reviewed,R,tlverse,tlverse,organization,,https://tlverse.org,cran,hal9001,1496,26,3,1,49,0,989,,618,10,0,0,0.5337837837837838,0.0,6,0,"",1,1,1,1,0,0,push:618d release:989d commits:0 active_maint:0 closed:2 merged:1,https://science.ecosyste.ms/projects/2116
624,ReferenceSeeker,https://github.com/oschwengers/referenceseeker,dormant,100.0,8.65032450401942,0,Scientific Software,Peer-reviewed,Python,oschwengers,Oliver Schwengers,user,@ag-computational-bio - JLU Giessen,,pypi,referenceseeker,54,1,0,1,101,0,1658,,554,1,0,0,0.0,0.0,1,0,"",2,0,1,0,0,0,push:554d release:1658d commits:0 active_maint:0 closed:1 merged:0,https://science.ecosyste.ms/projects/2318
625,MemCNN,https://github.com/silvandeleemput/memcnn,dormant,95.0,13.646689458504138,0,Scientific Software,Peer-reviewed,Python,silvandeleemput,Sil van de Leemput,user,,,pypi,memcnn,309,4,0,1,257,0,1177,,140,11,5,2,0.13533834586466165,0.19999999999999996,1,0,"",0,1,0,1,0,0,push:140d release:1177d commits:5 active_maint:0 closed:1 merged:1,https://science.ecosyste.ms/projects/2495
627,"pycoQC, interactive quality control for Oxford Nanopore Sequencing",https://github.com/a-slide/pycoqc,dead,95.0,13.622469350466508,0,Scientific Software,Peer-reviewed,Python,a-slide,Adrien Leger,user,@nanoporetech,https://adrienleger.com/,"pypi,go","pycoqc,github.com/a-slide/pycoQC,github.com/a-slide/pycoqc",451,0,0,1,285,1,2052,,650,6,0,0,0.06561679790026242,0.0,2,0,"",2,0,1,0,0,0,archived push:650d release:2052d commits:0 active_maint:0 closed:1 merged:0,https://science.ecosyste.ms/projects/2639
630,"Building, Importing, and Exporting GEXF Graph Files with rgexf",https://github.com/gvegayon/rgexf,dormant,95.0,13.606112108441735,0,Scientific Software,Peer-reviewed,JavaScript,gvegayon,George G. Vega Yon,user,University of Utah,https://ggvy.cl,"conda,cran","r-rgexf,rgexf",859,12,5,1,32,0,759,,7,8,6,1,0.14720812182741116,0.0,2,1,gvegayon,0,3,0,3,0,0,push:7d release:759d commits:6 active_maint:1 closed:3 merged:3,https://science.ecosyste.ms/projects/1805
634,stacks,https://github.com/tidymodels/stacks,dormant,93.0,15.56144665773202,0,Scientific Software,Peer-reviewed,R,tidymodels,tidymodels,organization,,,"conda,cran,go","r-stacks,stacks,github.com/tidymodels/stacks",2292,18,5,1,302,0,429,,281,8,2,2,0.0625,0.5,4,2,"simonpcouch,EmilHvitfeldt",6,12,3,10,0,0,push:281d release:429d commits:2 active_maint:2 closed:13 merged:10,https://science.ecosyste.ms/projects/1466
641,verdata,https://github.com/hrdag/verdata,dormant,98.0,10.502324053624832,0,Scientific Software,Peer-reviewed,R,HRDAG,Human Rights Data Analysis Group,organization,,https://hrdag.org,cran,verdata,454,0,0,1,17,0,462,,176,4,9,1,0.3207547169811321,0.0,1,0,"",1,0,1,0,0,0,push:176d release:462d commits:9 active_maint:0 closed:1 merged:0,https://science.ecosyste.ms/projects/880
643,biopeaks,https://github.com/jancbrammer/biopeaks,dead,98.0,10.492273717771331,0,Scientific Software,Peer-reviewed,Python,JanCBrammer,Jan C. Brammer,user,,https://jancbrammer.github.io/,pypi,biopeaks,154,1,0,1,76,0,1667,,705,3,0,0,0.012072434607645843,0.0,1,0,"",0,1,0,0,0,0,push:705d release:1667d commits:0 active_maint:0 closed:0 merged:0,https://science.ecosyste.ms/projects/2072
644,quickBayes,https://github.com/isisneutronmuon/quickbayes,dormant,100.0,8.491875383431948,0,Scientific Software,Peer-reviewed,Python,ISISNeutronMuon,UKRI STFC ISIS Neutron and Muon Facility,organization,,https://www.isis.stfc.ac.uk/,pypi,quickbayes,74,0,0,1,1,0,499,,107,5,1,1,0.08695652173913049,0.0,2,1,AnthonyLim23,0,1,0,1,0,0,push:107d release:499d commits:1 active_maint:1 closed:1 merged:1,https://science.ecosyste.ms/projects/227
645,BAMnostic,https://github.com/betteridiot/bamnostic,dormant,95.0,13.490687208831812,0,Scientific Software,Peer-reviewed,Python,betteridiot,Marcus D Sherman,user,,,"conda,pypi",bamnostic,789,1,3,1,99,0,1191,,184,9,2,1,0.048295454545454586,0.0,1,0,"",1,2,0,2,0,0,push:184d release:1191d commits:2 active_maint:0 closed:2 merged:2,https://science.ecosyste.ms/projects/2795
646,GaussianRandomFields.jl,https://github.com/pieterjanrobbe/gaussianrandomfields.jl,dormant,98.0,10.475144835508363,0,Scientific Software,Peer-reviewed,Julia,PieterjanRobbe,PieterjanR,user,Sandia National Laboratories,,julia,GaussianRandomFields,0,1,1,0,79,0,485,,318,9,2,1,0.25668449197860965,0.0,1,0,"",2,3,1,3,0,0,push:318d release:485d commits:2 active_maint:0 closed:4 merged:3,https://science.ecosyste.ms/projects/1020
647,Pyafscgap.org,https://github.com/schmidtdse/afscgap,dormant,100.0,8.457018468380166,0,Scientific Software,Peer-reviewed,Python,SchmidtDSE,DSE,organization,,https://dse.berkeley.edu/,pypi,afscgap,211,2,0,1,5,0,568,,175,3,9,2,0.009202453987730008,0.33333333333333337,0,0,"",5,20,2,17,0,0,push:175d release:568d commits:6 active_maint:0 closed:19 merged:17,https://science.ecosyste.ms/projects/1080
648,liionpack,https://github.com/pybamm-team/liionpack,dormant,95.0,13.449148848435998,0,Scientific Software,Peer-reviewed,Python,pybamm-team,PyBaMM Team,organization,,https://www.pybamm.org/,"go,pypi","github.com/pybamm-team/liionpack,liionpack",376,1,0,1,115,0,556,,10,14,1,1,0.3781965006729475,0.0,8,0,"",1,3,0,0,0,0,push:10d release:556d commits:0 active_maint:0 closed:1 merged:0,https://science.ecosyste.ms/projects/1596
649,Fasten,https://github.com/lskatz/fasten,dormant,93.0,15.442832395416934,0,Scientific Software,Peer-reviewed,Rust,lskatz,Lee Katz,user,CDC (work) + personal projects,https://lskatz.github.io,cargo,fasten,0,0,0,1,82,0,421,,279,4,5,1,0.019073569482288777,0.0,1,1,lskatz,2,12,1,12,0,0,push:279d release:421d commits:5 active_maint:1 closed:13 merged:12,https://science.ecosyste.ms/projects/833
653,bayes-toolbox,https://github.com/hyosubkim/bayes-toolbox,dormant,98.0,10.426913458277857,0,Scientific Software,Peer-reviewed,Python,hyosubkim,Hyosub Kim,user,,https://osf.io/y75ud/wiki/home/,pypi,bayes-toolbox,85,0,0,2,93,0,392,,393,4,0,0,0.08247422680412375,0.0,2,0,"",0,16,0,16,0,0,push:393d release:392d commits:0 active_maint:0 closed:16 merged:16,https://science.ecosyste.ms/projects/938
656,EoN (Epidemics on Networks),https://github.com/springer-math/mathematics-of-epidemics-on-networks,dormant,95.0,13.398727644435644,0,Scientific Software,Peer-reviewed,Python,springer-math,Springer Math,organization,,http://www.springer.com/mathematics/,pypi,eon,280,2,1,1,165,0,2536,,15,11,7,1,0.08080808080808077,0.0,1,0,"",1,1,0,0,0,0,push:15d release:2536d commits:7 active_maint:0 closed:0 merged:0,https://science.ecosyste.ms/projects/2348
662,modisfast,https://github.com/ptaconet/modisfast,dormant,98.0,10.383070156562187,0,Scientific Software,Peer-reviewed,R,ptaconet,Paul Taconet,user,French Institute for Sustainable Development (IRD),,cran,modisfast,393,0,0,1,43,0,378,,316,2,2,1,0.005154639175257714,0.0,1,0,"",6,0,3,0,0,0,push:316d release:378d commits:2 active_maint:0 closed:3 merged:0,https://science.ecosyste.ms/projects/403
668,Elektra,https://github.com/elektrainitiative/libelektra,dead,95.0,13.32438951747262,0,Scientific Software,Peer-reviewed,C,ElektraInitiative,Elektra Initiative,organization,,https://www.libelektra.org,"go,maven","github.com/ElektraInitiative/libelektra,github.com/elektrainitiative/libelektra/src/bindings/go-elektra,github.com/ElektraInitiative/libelektra/src/bindings/go-elektra,org.libelektra:libelektra,github.com/elektrainitiative/libelektra,org.libelektra:libelektra-kotlin",0,19,1,0,210,1,1059,,1057,141,0,0,0.7792916649567038,0.0,5,0,"",1,0,0,0,0,0,archived push:1057d release:1059d commits:0 active_maint:0 closed:0 merged:0,https://science.ecosyste.ms/projects/3082
669,TipToft,https://github.com/andrewjpage/tiptoft,dormant,100.0,8.318742252692399,0,Scientific Software,Peer-reviewed,Python,andrewjpage,andrewjpage,user,Theiagen Genomics,,pypi,tiptoft,18,1,0,1,41,0,2429,,153,6,7,2,0.11494252873563215,0.4285714285714286,1,1,andrewjpage,0,2,0,2,0,0,push:153d release:2429d commits:3 active_maint:1 closed:2 merged:2,https://science.ecosyste.ms/projects/2638
672,FastVPINNs,https://github.com/cmgcds/fastvpinns,dormant,100.0,8.305978210967302,0,Scientific Software,Peer-reviewed,Python,cmgcds,Computational Mathematics Group (CMG),organization,,http://cmg.cds.iisc.ac.in/,pypi,fastvpinns,22,0,0,1,43,0,731,,543,4,0,0,0.17105263157894735,0.0,2,0,"",2,8,1,6,0,0,push:543d release:731d commits:0 active_maint:0 closed:9 merged:6,https://science.ecosyste.ms/projects/565
674,Multiblock PLS,https://github.com/dtucomputestatisticsanddataanalysis/mbpls,dead,98.0,10.28547930445865,0,Scientific Software,Peer-reviewed,Python,DTUComputeStatisticsAndDataAnalysis,DTU Compute Statistics and Data Analysis,organization,,https://www.compute.dtu.dk/english/research/research-sections/stat,pypi,mbpls,290,2,2,2,33,0,2389,,2389,3,0,0,0.3904109589041096,0.0,2,0,"",3,1,0,0,0,0,push:2389d release:2389d commits:0 active_maint:0 closed:0 merged:0,https://science.ecosyste.ms/projects/2664
675,signnet,https://github.com/schochastics/signnet,dormant,98.0,10.283839959829217,0,Scientific Software,Peer-reviewed,R,schochastics,David Schoch,user,cynkra,mr.schochastics.net,cran,signnet,423,0,0,1,23,0,540,,160,3,11,2,0.04516129032258065,0.4545454545454546,1,0,"",1,5,0,4,0,0,push:160d release:540d commits:11 active_maint:0 closed:4 merged:4,https://science.ecosyste.ms/projects/1266
677,Bodge,https://github.com/jabirali/bodge,dormant,100.0,8.277920258172145,0,Scientific Software,Peer-reviewed,Python,jabirali,Jabir Ali Ouassou,user,Western Norway University of Applied Sciences (HVL),https://jabirali.github.io/,pypi,bodge,81,0,0,1,14,0,659,,301,6,3,1,0.01121495327102806,0.0,0,0,"",4,1,4,1,0,0,push:301d release:659d commits:3 active_maint:0 closed:5 merged:1,https://science.ecosyste.ms/projects/457
680,forestatrisk,https://github.com/ghislainv/forestatrisk,dormant,95.0,13.258822480100186,0,Scientific Software,Peer-reviewed,Python,ghislainv,Ghislain Vieilledent,user,Cirad,https://ecology.ghislainv.fr,"pypi,go","forestatrisk,github.com/ghislainv/forestatrisk",600,1,0,1,128,0,501,,345,7,2,1,0.02470930232558144,0.0,2,0,"",1,0,1,0,0,0,push:345d release:501d commits:2 active_maint:0 closed:1 merged:0,https://science.ecosyste.ms/projects/1968
683,DeepReg,https://github.com/deepregnet/deepreg,dormant,95.0,13.242809530480196,0,Scientific Software,Peer-reviewed,Python,DeepRegNet,DeepReg,organization,,deepreg.net,"go,pypi","github.com/deepregnet/deepreg,deepreg,github.com/DeepRegNet/DeepReg",45,1,0,1,626,0,2005,,1323,20,0,0,0.48453608247422686,0.0,5,0,"",0,1,0,0,0,0,push:1323d release:2005d commits:0 active_maint:0 closed:1 merged:0,https://science.ecosyste.ms/projects/2063
684,piglot,https://github.com/cm2s/piglot,dormant,100.0,8.237479288613633,0,Scientific Software,Peer-reviewed,Python,CM2S,CM2S,organization,,,pypi,piglot,34,0,0,2,24,0,408,,28,5,0,0,0.21818181818181814,0.0,3,1,ruicoelhopedro,0,24,0,16,0,0,push:28d release:408d commits:0 active_maint:1 closed:20 merged:16,https://science.ecosyste.ms/projects/580
687,ParaMonte,https://github.com/cdslaborg/paramonte,dormant,95.0,13.21513214874597,0,Scientific Software,Peer-reviewed,Fortran,cdslaborg,Computational Data Science Lab,organization,,www.cdslab.org,"go,pypi","github.com/cdslaborg/paramonte,paramonte",292,1,0,1,306,0,1844,,35,7,8,2,0.04532019704433499,0.125,5,2,"theoneineed,shahmoradi",3,3,0,1,0,0,push:35d release:1844d commits:8 active_maint:2 closed:2 merged:1,https://science.ecosyste.ms/projects/1894
689,rf,https://github.com/trichter/rf,dormant,95.0,13.202755562465066,0,Scientific Software,Peer-reviewed,Python,trichter,Tom Eulenfeld,user,,https://trichter.github.io/,pypi,rf,648,6,1,1,123,0,524,,86,7,7,1,0.049056603773584895,0.0,2,0,"",1,0,1,0,0,0,push:86d release:524d commits:7 active_maint:0 closed:1 merged:0,https://science.ecosyste.ms/projects/2261
694,ddtlcm,https://github.com/limengbinggz/ddtlcm,dormant,100.0,8.17526610411206,0,Scientific Software,Peer-reviewed,R,limengbinggz,Mengbing Li,user,,,cran,ddtlcm,147,0,0,1,6,0,847,,348,4,3,1,0.16470588235294115,0.0,1,0,"",0,1,0,0,0,0,push:348d release:847d commits:3 active_maint:0 closed:0 merged:0,https://science.ecosyste.ms/projects/597
695,WordTokenizers.jl,https://github.com/juliatext/wordtokenizers.jl,dead,95.0,13.16131482353927,0,Scientific Software,Peer-reviewed,Julia,JuliaText,JuliaText,organization,,,"go,julia","github.com/JuliaText/WordTokenizers.jl,github.com/juliatext/wordtokenizers.jl,WordTokenizers",0,19,14,0,99,0,2163,,1673,17,0,0,0.6635071090047393,0.0,4,0,"",1,0,0,0,0,0,push:1673d release:2163d commits:0 active_maint:0 closed:0 merged:0,https://science.ecosyste.ms/projects/2297
696,Bluebonnet,https://github.com/frank1010111/bluebonnet,dormant,100.0,8.156223323194624,0,Scientific Software,Peer-reviewed,Python,frank1010111,Frank Male,user,Penn State University,,pypi,bluebonnet,40,0,0,1,15,0,756,,2,5,41,3,0.32285714285714284,0.14634146341463417,2,0,"",0,26,0,18,0,0,push:2d release:756d commits:5 active_maint:0 closed:19 merged:18,https://science.ecosyste.ms/projects/1035
701,robustHD,https://github.com/aalfons/robusthd,dormant,93.0,15.101918283261579,0,Scientific Software,Peer-reviewed,R,aalfons,Andreas Alfons,user,Erasmus University Rotterdam,https://personal.eur.nl/alfons/,cran,robustHD,1831,6,8,1,11,0,760,,191,5,11,2,0.3320158102766798,0.36363636363636365,2,0,"",0,1,0,1,0,0,push:191d release:760d commits:11 active_maint:0 closed:1 merged:1,https://science.ecosyste.ms/projects/1704
705,Badread,https://github.com/rrwick/badread,dormant,98.0,10.05517806577656,0,Scientific Software,Peer-reviewed,Python,rrwick,Ryan Wick,user,University of Melbourne,https://rrwick.github.io,homebrew,badread,46,0,0,0,293,0,378,,6,3,4,2,0.013513513513513487,0.25,0,0,"",3,1,2,1,0,0,push:6d release:378d commits:4 active_maint:0 closed:3 merged:1,https://science.ecosyste.ms/projects/2608
707,KALMUS,https://github.com/kalmus-color-toolkit/kalmus,dead,100.0,8.049427057110693,0,Scientific Software,Peer-reviewed,Python,KALMUS-Color-Toolkit,KALMUS Color Toolkit,organization,,https://kalmus-color-toolkit.github.io/KALMUS/,pypi,kalmus,84,2,0,1,20,0,1483,,861,2,0,0,0.05128205128205132,0.0,1,0,"",1,1,0,0,0,0,push:861d release:1483d commits:0 active_maint:0 closed:0 merged:0,https://science.ecosyste.ms/projects/1888
708,hplc-py,https://github.com/cremerlab/hplc-py,dormant,98.0,10.0418572218009,0,Scientific Software,Peer-reviewed,Python,cremerlab,cremerlab,organization,,,pypi,hplc-py,197,0,0,1,74,0,1037,,34,3,10,2,0.00952380952380949,0.09999999999999998,1,1,gchure,0,4,0,4,0,0,push:34d release:1037d commits:10 active_maint:1 closed:4 merged:4,https://science.ecosyste.ms/projects/828
712,diyepw,https://github.com/immm-sfa/diyepw,dormant,98.0,10.004237455636272,0,Scientific Software,Peer-reviewed,Python,IMMM-SFA,Integrated Multisector Multiscale Modeling,organization,,https://im3.pnnl.gov/,pypi,diyepw,77,1,0,1,39,0,393,,75,7,0,0,0.29513888888888884,0.0,1,0,"",0,5,0,2,0,0,push:75d release:393d commits:0 active_maint:0 closed:2 merged:2,https://science.ecosyste.ms/projects/1783
715,sptotal,https://github.com/highamm/sptotal,dead,95.0,12.99029377298949,0,Scientific Software,Peer-reviewed,R,highamm,Matt Higham,user,,,cran,sptotal,292,0,0,1,4,0,1327,,720,5,0,0,0.24096385542168675,0.0,2,0,"",1,0,0,0,0,0,push:720d release:1327d commits:0 active_maint:0 closed:0 merged:0,https://science.ecosyste.ms/projects/1120
716,qgs,https://github.com/climdyn/qgs,dormant,98.0,9.988334087946246,0,Scientific Software,Peer-reviewed,Jupyter Notebook,Climdyn,RMIB - Dynamical Meteorology and Climatology,organization,,http://climdyn.meteo.be,"pypi,go","qgs,github.com/climdyn/qgs,github.com/Climdyn/qgs",176,0,0,1,42,0,489,,414,3,0,0,0.07499999999999996,0.0,1,0,"",2,7,0,5,0,0,push:414d release:489d commits:0 active_maint:0 closed:6 merged:5,https://science.ecosyste.ms/projects/2014
717,IFermi,https://github.com/fermisurfaces/ifermi,dormant,95.0,12.98592490617564,0,Scientific Software,Peer-reviewed,Python,fermisurfaces,Fermi Surfaces,organization,,,"pypi,conda",ifermi,255,4,1,2,102,0,668,,29,17,45,5,0.576829268292683,0.19999999999999996,2,0,"",1,20,0,14,0,0,push:29d release:668d commits:3 active_maint:0 closed:17 merged:14,https://science.ecosyste.ms/projects/1953
719,CiteLang,https://github.com/vsoch/citelang,dormant,98.0,9.95227771670556,0,Scientific Software,Peer-reviewed,Python,vsoch,Vanessasaurus,user,,https://vsoch.github.io,pypi,citelang,249,0,0,1,10,0,556,,556,7,0,0,0.14516129032258063,0.0,1,0,"",1,2,0,2,0,0,push:556d release:556d commits:0 active_maint:0 closed:2 merged:2,https://science.ecosyste.ms/projects/1413
720,Your,https://github.com/thepetabyteproject/your,dormant,95.0,12.945053242433291,0,Scientific Software,Peer-reviewed,Python,thepetabyteproject,The Petabyte Project,organization,,thepetabyteproject.github.io,"spack,pypi","py-your,your",475,70,2,3,39,0,785,,99,19,8,2,0.536923076923077,0.25,4,0,"",4,21,0,12,0,0,push:99d release:785d commits:2 active_maint:0 closed:14 merged:12,https://science.ecosyste.ms/projects/2053
722,SimuPy,https://github.com/simupy/simupy,dormant,93.0,14.932700868195802,0,Scientific Software,Peer-reviewed,Python,,,,,,pypi,simupy,4806,4,1,2,645,0,1536,,66,2,0,0,0.00497512437810943,0.0,0,0,"",0,1,0,0,0,0,push:66d release:1536d commits:0 active_maint:0 closed:1 merged:0,https://science.ecosyste.ms/projects/2984
724,crystal-torture,https://github.com/connorourke/crystal_torture,dormant,100.0,7.927324360309793,0,Scientific Software,Peer-reviewed,Python,connorourke,Conn O'Rourke,user,University of Southampton,,pypi,crystal-torture,129,1,0,2,8,0,416,,191,3,2,1,0.4204204204204204,0.0,1,1,bjmorgan,0,2,0,2,0,0,push:191d release:416d commits:2 active_maint:1 closed:2 merged:2,https://science.ecosyste.ms/projects/2531
729,DiffeRT2d,https://github.com/jeertmans/differt2d,dormant,100.0,7.89655270164304,0,Scientific Software,Peer-reviewed,Python,jeertmans,Jérome Eertmans,user,UCLouvain,https://eertmans.be/,pypi,differt2d,31,0,0,1,19,0,510,,125,6,9,2,0.18037135278514593,0.2222222222222222,1,1,jeertmans,0,13,0,10,0,0,push:125d release:510d commits:2 active_maint:1 closed:10 merged:10,https://science.ecosyste.ms/projects/619
730,Climate variability indices for ecological and crop models in R,https://github.com/agrdatasci/climatrends,dormant,95.0,12.891711710599798,0,Scientific Software,Peer-reviewed,R,AgrDataSci,AgrDataSci,organization,,,"cran,go","climatrends,github.com/agrdatasci/climatrends,github.com/AgrDataSci/climatrends",432,6,3,1,4,0,1661,,251,3,6,1,0.01754385964912286,0.0,1,0,"",0,0,0,0,0,0,push:251d release:1661d commits:6 active_maint:0 closed:0 merged:0,https://science.ecosyste.ms/projects/1143
732,PowNet 2.0,https://github.com/critical-infrastructure-systems-lab/pownet,dormant,98.0,9.852615222162372,0,Scientific Software,Peer-reviewed,Python,Critical-Infrastructure-Systems-Lab,CRITICAL Infrastructure Systems Lab,organization,,https://people.sutd.edu.sg/~stefano_galelli/,pypi,pownet,23,0,0,1,93,0,422,,164,9,10,1,0.1899280575539568,0.0,3,0,"",4,1,3,1,0,0,push:164d release:422d commits:10 active_maint:0 closed:4 merged:1,https://science.ecosyste.ms/projects/68
737,FuseMedML,https://github.com/biomedsciai/fuse-med-ml,dormant,93.0,14.844393990089149,0,Scientific Software,Peer-reviewed,Python,BiomedSciAI,BiomedSciAI,organization,,,pypi,fuse-med-ml,396,1,0,1,159,0,646,,109,39,9,7,0.7453798767967146,0.7777777777777778,23,4,"mosheraboh,alex-golts,bensha6757,Yishailevine",0,9,0,6,0,0,push:109d release:646d commits:9 active_maint:4 closed:6 merged:6,https://science.ecosyste.ms/projects/1267
740,ExoTiC-LD,https://github.com/exo-tic/exotic-ld,dormant,98.0,9.82978718960617,0,Scientific Software,Peer-reviewed,Python,Exo-TiC,Exo-Tic,organization,,https://exo-tic.github.io,pypi,exotic-ld,557,5,0,1,10,0,848,,3,5,3,2,0.3416149068322981,0.33333333333333337,3,1,lili-alderson,2,3,0,2,0,0,push:3d release:848d commits:3 active_maint:1 closed:2 merged:2,https://science.ecosyste.ms/projects/549
743,nestcheck,https://github.com/ejhigson/nestcheck,dead,95.0,12.817901304912532,0,Scientific Software,Peer-reviewed,Python,,,,,,"conda,pypi",nestcheck,3464,13,2,1,17,0,2096,,1118,7,0,0,0.021604938271604923,0.0,0,0,"",1,0,0,0,0,0,push:1118d release:2096d commits:0 active_maint:0 closed:0 merged:0,https://science.ecosyste.ms/projects/2769
746,WATTS,https://github.com/watts-dev/watts,dormant,95.0,12.812888218005247,0,Scientific Software,Peer-reviewed,Python,watts-dev,watts-dev,organization,,,pypi,watts,267,1,0,1,39,0,472,,6,32,2,2,0.5928338762214984,0.5,0,0,"",2,2,1,1,0,0,push:6d release:472d commits:2 active_maint:0 closed:2 merged:1,https://science.ecosyste.ms/projects/1341
747,CLOVER,https://github.com/clover-energy/clover,dormant,98.0,9.803446198355902,0,Scientific Software,Peer-reviewed,Python,CLOVER-energy,CLOVER-energy,organization,,,"go,pypi","github.com/CLOVER-energy/CLOVER,github.com/clover-energy/clover,clover-energy",74,1,1,2,17,0,1101,,15,3,0,0,0.11696522655426767,0.0,2,0,"",2,2,1,2,0,0,push:15d release:1101d commits:0 active_maint:0 closed:3 merged:2,https://science.ecosyste.ms/projects/1249
748,Bayesian X-ray Analysis (BXA) v4.0,https://github.com/johannesbuchner/bxa,dormant,95.0,12.795136272546795,0,Scientific Software,Peer-reviewed,Python,JohannesBuchner,Johannes Buchner,user,,http://astrost.at/istics/,"conda,pypi",bxa,515,2,1,1,68,0,389,,138,11,1,1,0.04662379421221863,0.0,1,0,"",3,6,3,5,0,0,push:138d release:389d commits:1 active_maint:0 closed:8 merged:5,https://science.ecosyste.ms/projects/1907
753,DRDMannTurb,https://github.com/methods-group/drdmannturb,dormant,100.0,7.772752716468741,0,Scientific Software,Peer-reviewed,Python,METHODS-Group,METHODS Group,organization,,,pypi,drdmannturb,23,0,0,2,6,0,656,,178,5,0,0,0.5221445221445222,0.0,5,0,"",7,48,2,13,0,0,push:178d release:656d commits:0 active_maint:0 closed:32 merged:13,https://science.ecosyste.ms/projects/430
755,STITCHES,https://github.com/jgcri/stitches,dead,100.0,7.738488122494646,0,Scientific Software,Peer-reviewed,Jupyter Notebook,JGCRI,Joint Global Change Research Institute,organization,,https://www.pnnl.gov/projects/jgcri,pypi,stitches-emulator,16,0,0,1,9,0,899,,412,5,0,0,0.37364620938628157,0.0,4,0,"",1,0,0,0,0,0,push:412d release:899d commits:0 active_maint:0 closed:0 merged:0,https://science.ecosyste.ms/projects/706
756,xrnet,https://github.com/uscbiostats/xrnet,dormant,98.0,9.708931458073831,0,Scientific Software,Peer-reviewed,R,USCbiostats,USC Division of Biostatistics,organization,,https://biostatsepi.usc.edu/,cran,xrnet,193,1,1,1,10,0,744,,225,8,3,1,0.1320224719101124,0.0,4,1,gweaverbiodev,1,2,0,2,0,0,push:225d release:744d commits:3 active_maint:1 closed:2 merged:2,https://science.ecosyste.ms/projects/2366
760,pyflowline,https://github.com/changliao1025/pyflowline,dormant,98.0,9.69424690639091,0,Scientific Software,Peer-reviewed,Python,changliao1025,Chang Liao,user,Pacific Northwest National Laboratory,https://changliao.github.io/,"conda,pypi",pyflowline,48,1,1,1,24,0,812,,67,4,8,1,0.03026315789473688,0.0,1,1,changliao1025,6,4,0,3,0,0,push:67d release:812d commits:8 active_maint:1 closed:3 merged:3,https://science.ecosyste.ms/projects/925
762,GRAPL,https://github.com/max-little/grapl,dormant,98.0,9.688312170871095,0,Scientific Software,Peer-reviewed,Python,max-little,Max A. Little,user,,,pypi,grapl-causal,46,0,1,1,85,0,973,,587,4,0,0,0.06730769230769229,0.0,1,0,"",0,1,0,1,0,0,push:587d release:973d commits:0 active_maint:0 closed:1 merged:1,https://science.ecosyste.ms/projects/1445
765,ivis,https://github.com/beringresearch/ivis,dormant,93.0,14.669708841291222,0,Scientific Software,Peer-reviewed,Python,beringresearch,beringresearch,user,Bering Limited,http://beringresearch.com,pypi,ivis,680,7,1,1,345,0,777,,262,10,1,1,0.47686832740213525,0.0,2,0,"",1,0,0,0,0,0,push:262d release:777d commits:1 active_maint:0 closed:0 merged:0,https://science.ecosyste.ms/projects/2489
766,toughio,https://github.com/keurfonluu/toughio,dormant,98.0,9.661161181805145,0,Scientific Software,Peer-reviewed,Python,keurfonluu,Keurfon Luu,user,INTERA Incorporated,,pypi,toughio,216,1,0,1,67,0,710,,237,1,0,0,0.0,0.0,1,0,"",5,0,3,0,0,0,push:237d release:710d commits:0 active_maint:0 closed:3 merged:0,https://science.ecosyste.ms/projects/2182
770,secuTrialR,https://github.com/swissclinicaltrialorganisation/secutrialr,dead,95.0,12.637907008658406,0,Scientific Software,Peer-reviewed,R,SwissClinicalTrialOrganisation,Swiss Clinical Trial Organisation,organization,,https://www.scto.ch/,"cran,conda","secuTrialR,r-secutrialr",620,0,0,1,10,0,791,,479,16,0,0,0.4278523489932886,0.0,3,0,"",1,2,0,0,0,0,push:479d release:791d commits:0 active_maint:0 closed:0 merged:0,https://science.ecosyste.ms/projects/2044
771,VisWaterNet,https://github.com/tylertrimble/viswaternet,dormant,100.0,7.6362696033793735,0,Scientific Software,Peer-reviewed,Python,,,,,,pypi,viswaternet,13,0,0,1,22,0,646,,335,4,5,1,0.43005181347150256,0.0,2,0,"",3,0,0,0,0,0,push:335d release:646d commits:5 active_maint:0 closed:0 merged:0,https://science.ecosyste.ms/projects/1187
772,MAESTROeX,https://github.com/amrex-astro/maestroex,dormant,100.0,7.622663951323595,0,Scientific Software,Peer-reviewed,C++,AMReX-Astro,AMReX-Astro,organization,,,,,0,,,,45,0,,,10,28,0,0,0.7002237136465325,0.0,5,1,zingale,0,7,0,5,0,0,push:10d commits:0 active_maint:1 closed:5 merged:5,https://science.ecosyste.ms/projects/2353
773,pymnet,https://github.com/mnets/pymnet,dormant,95.0,12.617453554067643,0,Scientific Software,Peer-reviewed,Python,mnets,mnets,organization,,,pypi,pymnet,189,0,0,2,163,0,736,,736,10,0,0,0.5627177700348431,0.0,3,0,"",6,1,1,1,0,0,push:736d release:736d commits:0 active_maint:0 closed:2 merged:1,https://science.ecosyste.ms/projects/577
774,FastGeodis,https://github.com/masadcv/fastgeodis,dormant,95.0,12.608312558282643,0,Scientific Software,Peer-reviewed,C++,masadcv,Muhammad Asad,user,Medtronic,https://masadcv.github.io,pypi,fastgeodis,448,0,0,1,108,0,902,,140,6,0,0,0.03305785123966942,0.0,3,0,"",3,1,2,0,0,0,push:140d release:902d commits:0 active_maint:0 closed:2 merged:0,https://science.ecosyste.ms/projects/1325
778,SHARPy,https://github.com/imperialcollegelondon/sharpy,dormant,95.0,12.576946308868719,0,Scientific Software,Peer-reviewed,Python,ImperialCollegeLondon,Imperial College London,organization,,,"go,pypi","github.com/imperialcollegelondon/sharpy,github.com/ImperialCollegeLondon/sharpy,ic-sharpy,icl-sharpy",62,0,0,1,189,0,494,,84,25,4,1,0.7239297475301867,0.0,9,1,ben-l-p,1,5,1,3,0,0,push:84d release:494d commits:4 active_maint:1 closed:4 merged:3,https://science.ecosyste.ms/projects/2359
779,swyft,https://github.com/undark-lab/swyft,dead,95.0,12.559008608182051,0,Scientific Software,Peer-reviewed,Jupyter Notebook,undark-lab,UnDark Lab,organization,,www.christophweniger.com,pypi,swyft,88,1,0,2,172,0,1049,,852,17,0,0,0.4821917808219178,0.0,7,0,"",3,0,0,0,0,0,push:852d release:1049d commits:0 active_maint:0 closed:0 merged:0,https://science.ecosyste.ms/projects/1456
784,`pygetpapers`,https://github.com/petermr/pygetpapers,dormant,95.0,12.537675905039883,0,Scientific Software,Peer-reviewed,Python,petermr,,user,,,pypi,"pygetpapers1,pygetpapers",423,2,2,2,91,0,419,,174,6,0,0,0.13588850174216027,0.0,4,0,"",6,0,2,0,0,0,push:174d release:419d commits:0 active_maint:0 closed:2 merged:0,https://science.ecosyste.ms/projects/1465
787,ECabc,https://github.com/ecrl/ecabc,dead,98.0,9.513108081846005,0,Scientific Software,Peer-reviewed,Python,ecrl,UMass Lowell Energy and Combustion Research Laboratory,organization,,https://sites.uml.edu/hunter-mack/,pypi,ecabc,90,1,1,2,11,0,1093,,7,12,0,0,0.17391304347826086,0.0,3,0,"",0,2,0,0,0,0,push:7d release:1093d commits:0 active_maint:0 closed:0 merged:0,https://science.ecosyste.ms/projects/2511
789,CircuitGraph,https://github.com/circuitgraph/circuitgraph,dead,95.0,12.509549323880595,0,Scientific Software,Peer-reviewed,Verilog,circuitgraph,circuitgraph,organization,,,"pypi,go","circuitgraph,github.com/circuitgraph/circuitgraph",328,2,0,2,129,0,1164,,986,6,0,0,0.3744493392070485,0.0,0,0,"",1,0,0,0,0,0,push:986d release:1164d commits:0 active_maint:0 closed:0 merged:0,https://science.ecosyste.ms/projects/2031
797,PurpleCaffeine,https://github.com/icekhan13/purplecaffeine,dormant,100.0,7.434847875212,0,Scientific Software,Peer-reviewed,Python,IceKhan13,Iskandar Sitdikov,user,IBM,https://www.linkedin.com/in/icekhan/,pypi,purplecaffeine,21,0,0,1,7,0,1045,,318,7,0,0,0.6371681415929203,0.0,4,0,"",0,41,0,16,0,0,push:318d release:1045d commits:0 active_maint:0 closed:30 merged:16,https://science.ecosyste.ms/projects/971
800,ms3,https://github.com/johentsch/ms3,dormant,95.0,12.390891082522716,0,Scientific Software,Peer-reviewed,Python,johentsch,Johannes Hentschel,user,@DCMLab ,,pypi,ms3,397,1,2,1,56,0,499,,77,9,13,4,0.08076165462902163,0.46153846153846156,3,0,"",1,3,0,2,0,0,push:77d release:499d commits:10 active_maint:0 closed:2 merged:2,https://science.ecosyste.ms/projects/1033
801,slurmR,https://github.com/uscbiostats/slurmr,dead,96.0,11.378856785175659,0,Scientific Software,Peer-reviewed,R,USCbiostats,USC Division of Biostatistics,organization,,https://biostatsepi.usc.edu/,cran,slurmR,366,2,0,1,61,0,1065,,773,3,0,0,0.036363636363636376,0.0,1,0,"",1,0,0,0,0,0,push:773d release:1065d commits:0 active_maint:0 closed:0 merged:0,https://science.ecosyste.ms/projects/2516
802,IWOPY,https://github.com/fraunhoferiwes/iwopy,dormant,100.0,7.367708572374371,0,Scientific Software,Peer-reviewed,Python,FraunhoferIWES,FraunhoferIWES,organization,,,pypi,iwopy,195,1,1,1,4,0,609,,91,2,8,1,0.33333333333333337,0.0,1,0,"",0,1,0,1,0,0,push:91d release:609d commits:8 active_maint:0 closed:1 merged:1,https://science.ecosyste.ms/projects/456
803,Starmatrix,https://github.com/xuanxu/starmatrix,dormant,100.0,7.352441100243583,0,Scientific Software,Peer-reviewed,Python,xuanxu,Juanjo Bazán,user,,http://juanjobazan.com,pypi,starmatrix,128,1,0,1,1,0,1279,,46,4,6,1,0.012618296529968487,0.0,1,0,"",0,1,0,1,0,0,push:46d release:1279d commits:6 active_maint:0 closed:1 merged:1,https://science.ecosyste.ms/projects/1457
804,tell,https://github.com/immm-sfa/tell,dead,98.0,9.347490210123416,0,Scientific Software,Peer-reviewed,Python,IMMM-SFA,Integrated Multisector Multiscale Modeling,organization,,https://im3.pnnl.gov/,"go,pypi","github.com/immm-sfa/tell,github.com/IMMM-SFA/tell,tell",27,7,0,3,31,0,680,,387,7,0,0,0.5802047781569966,0.0,2,0,"",3,2,0,0,0,0,push:387d release:680d commits:0 active_maint:0 closed:0 merged:0,https://science.ecosyste.ms/projects/1339
807,pyomeca,https://github.com/pyomeca/pyomeca,dormant,95.0,12.342481145309723,0,Scientific Software,Peer-reviewed,Jupyter Notebook,pyomeca,pyomeca,organization,,,"conda,pypi",pyomeca,198,6,2,1,139,0,611,,423,6,0,0,0.28240740740740744,0.0,2,0,"",0,6,0,0,0,0,push:423d release:611d commits:0 active_maint:0 closed:3 merged:0,https://science.ecosyste.ms/projects/2137
812,GNS,https://github.com/geoelements/gns,dormant,100.0,7.294377299288822,0,Scientific Software,Peer-reviewed,Python,geoelements,Extreme-scale computational geomechanics research,organization,,,,,0,,,,232,0,,,125,8,0,0,0.4251968503937008,0.0,3,0,"",3,1,1,1,0,0,push:125d commits:0 active_maint:0 closed:2 merged:1,https://science.ecosyste.ms/projects/1024
814,KerrGeoPy,https://github.com/blackholeperturbationtoolkit/kerrgeopy,dormant,100.0,7.283448228756631,0,Scientific Software,Peer-reviewed,Python,BlackHolePerturbationToolkit,Black Hole Perturbation Toolkit,organization,,bhptoolkit.org,pypi,kerrgeopy,25,0,0,1,30,0,792,,784,2,0,0,0.020270270270270285,0.0,3,0,"",1,2,1,0,0,0,push:784d release:792d commits:0 active_maint:0 closed:1 merged:0,https://science.ecosyste.ms/projects/668
816,nrt,https://github.com/ec-jrc/nrt,dormant,98.0,9.272375762895635,0,Scientific Software,Peer-reviewed,Python,ec-jrc,"European Commission, Joint Research Centre (JRC)",organization,,https://ec.europa.eu/jrc/,"go,pypi","github.com/ec-jrc/nrt,nrt",33,1,0,1,83,0,700,,374,4,0,0,0.4,0.0,1,0,"",2,1,1,0,0,0,push:374d release:700d commits:0 active_maint:0 closed:1 merged:0,https://science.ecosyste.ms/projects/541
818,GXBeam,https://github.com/byuflowlab/gxbeam.jl,dormant,98.0,9.268609280100158,0,Scientific Software,Peer-reviewed,Julia,byuflowlab,BYU FLOW Lab,organization,,http://flow.byu.edu,julia,GXBeam,0,0,0,0,101,0,424,,63,10,6,2,0.1512605042016807,0.33333333333333337,5,1,Cardoza2,5,7,2,5,0,0,push:63d release:424d commits:6 active_maint:1 closed:8 merged:5,https://science.ecosyste.ms/projects/1510
822,The Basic Model Interface 2.0,https://github.com/csdms/bmi,dormant,100.0,7.244227515603351,0,Scientific Software,Peer-reviewed,TeX,csdms,Community Surface Dynamics Modeling System,organization,,http://csdms.colorado.edu,,,0,,,,56,0,,,17,14,5,1,0.48554913294797686,0.0,4,2,"mdpiper,PhilMiller",1,18,0,4,0,0,push:17d commits:5 active_maint:2 closed:5 merged:4,https://science.ecosyste.ms/projects/2184
824,pyneqsys,https://github.com/bjodah/pyneqsys,dormant,93.0,14.240129717075405,0,Scientific Software,Peer-reviewed,Python,bjodah,Bjorn,user,,,"conda,pypi",pyneqsys,14687,11,1,1,53,0,1441,,82,2,3,1,0.017241379310344862,0.0,1,1,bjodah,0,1,0,1,0,0,push:82d release:1441d commits:3 active_maint:1 closed:1 merged:1,https://science.ecosyste.ms/projects/2928
828,Pybehave,https://github.com/tne-lab/py-behav-box-v2,dormant,100.0,7.22983877815125,0,Scientific Software,Peer-reviewed,Python,tne-lab,Translational NeuroEngineering Laboratory,organization,,tnelab.org,pypi,pybehave,22,0,0,1,5,0,799,,189,5,0,0,0.05818181818181822,0.0,0,0,"",5,0,3,0,0,0,push:189d release:799d commits:0 active_maint:0 closed:3 merged:0,https://science.ecosyste.ms/projects/658
830,scholarly,https://github.com/scholarly-python-package/scholarly,dormant,77.0,30.226145987875125,0,,,Python,scholarly-python-package,scholarly-python-package,organization,,,"pypi,conda",scholarly,116076,252,16,4,1876,0,1291,,128,41,2,2,0.6094032549728752,0.5,2,0,"",6,3,0,0,0,0,push:128d release:1291d commits:2 active_maint:0 closed:0 merged:0,https://science.ecosyste.ms/projects/52347
832,PyOrthanc,https://github.com/gacou54/pyorthanc,dormant,93.0,14.216244491696537,0,Scientific Software,Peer-reviewed,Python,gacou54,Gabriel Couture,user,IUCPQ - Centre de recherche de l'Institut universitaire de cardiologie et de pneumologie de Québec-Université Laval,,pypi,pyorthanc,4870,3,1,2,66,0,381,,80,6,3,2,0.12709832134292565,0.33333333333333337,2,2,"gacou54,ylemarechal",2,13,0,9,0,0,push:80d release:381d commits:3 active_maint:2 closed:9 merged:9,https://science.ecosyste.ms/projects/278
834,Kinetic.jl,https://github.com/vavrines/kinetic.jl,dormant,100.0,7.200424892944957,0,Scientific Software,Peer-reviewed,Julia,vavrines,Tianbai Xiao,user,,https://xiaotianbai.com,julia,Kinetic,0,0,1,0,149,0,1147,,53,5,5,1,0.013353115727002929,0.0,1,0,"",1,0,1,0,0,0,push:53d release:1147d commits:5 active_maint:0 closed:1 merged:0,https://science.ecosyste.ms/projects/1857
838,Pycashier,https://github.com/brocklab/pycashier,dead,100.0,7.1853870155804165,0,Scientific Software,Peer-reviewed,Python,brocklab,brocklab,organization,,http://www.brocklab.com/,"conda,pypi",pycashier,53,1,0,1,4,0,1300,,637,3,0,0,0.02020202020202022,0.0,1,0,"",1,0,0,0,0,0,push:637d release:1300d commits:0 active_maint:0 closed:0 merged:0,https://science.ecosyste.ms/projects/423
840,Plonk,https://github.com/dmentipl/plonk,dormant,98.0,9.175748927206563,0,Scientific Software,Peer-reviewed,Python,dmentipl,Daniel Mentiplay,user,Bureau of Meteorology,https://danielmentiplay.com,"pypi,conda",plonk,103,1,0,1,39,0,1751,,730,2,0,0,0.0009606147934678733,0.0,1,0,"",0,2,0,0,0,0,push:730d release:1751d commits:0 active_maint:0 closed:2 merged:0,https://science.ecosyste.ms/projects/2378
841,libfmp,https://github.com/meinardmueller/libfmp,dormant,93.0,14.148727501864814,0,Scientific Software,Peer-reviewed,Python,meinardmueller,Meinard Mueller,user,International Audio Laboratories Erlangen,https://www.audiolabs-erlangen.de/fau/professor/mueller,pypi,libfmp,1255,7,4,3,210,0,897,,499,8,7,3,0.38,0.5714285714285714,0,0,"",0,1,0,1,0,0,push:499d release:897d commits:7 active_maint:0 closed:1 merged:1,https://science.ecosyste.ms/projects/1824
843,GGLasso - a Python package for General Graphical Lasso computation,https://github.com/fabian-sp/gglasso,dormant,95.0,12.11461503504134,0,Scientific Software,Peer-reviewed,Python,fabian-sp,,user,TUM,,"pypi,conda",gglasso,1009,2,2,1,41,0,517,,30,5,9,1,0.3264781491002571,0.0,2,1,fabian-sp,1,1,1,1,0,0,push:30d release:517d commits:9 active_maint:1 closed:2 merged:1,https://science.ecosyste.ms/projects/1666
847,kalepy,https://github.com/lzkelley/kalepy,dead,95.0,12.097150238305986,0,Scientific Software,Peer-reviewed,Python,lzkelley,Luke Zoltan Kelley,user,,www.lzkelley.com,pypi,kalepy,583,3,3,1,67,0,1165,,1165,4,0,0,0.3387622149837134,0.0,1,0,"",0,1,0,0,0,0,push:1165d release:1165d commits:0 active_maint:0 closed:0 merged:0,https://science.ecosyste.ms/projects/1999
848,portalr,https://github.com/weecology/portalr,dormant,95.0,12.089808455843059,0,Scientific Software,Peer-reviewed,R,weecology,Weecology,organization,,http://weecology.org,cran,portalr,850,5,0,1,12,0,395,,182,13,6,1,0.5532591414944357,0.0,8,1,gmyenni,2,5,2,4,0,0,push:182d release:395d commits:6 active_maint:1 closed:6 merged:4,https://science.ecosyste.ms/projects/2674
850,ESAT,https://github.com/quanted/esat,dormant,98.0,9.082734247371036,0,Scientific Software,Peer-reviewed,Jupyter Notebook,quanted,quanted,organization,,,pypi,esat,162,0,0,1,28,0,402,,258,3,7,1,0.08041237113402067,0.0,0,0,"",6,2,0,1,0,0,push:258d release:402d commits:7 active_maint:0 closed:1 merged:1,https://science.ecosyste.ms/projects/356
851,nleis.py,https://github.com/yuefan98/nleis.py,dormant,100.0,7.080026499922591,0,Scientific Software,Peer-reviewed,Python,yuefan98,,user,,,pypi,nleis,26,0,0,1,15,0,570,,49,4,4,1,0.12195121951219512,0.0,2,1,yuefan98,0,3,0,3,0,0,push:49d release:570d commits:4 active_maint:1 closed:3 merged:3,https://science.ecosyste.ms/projects/300
852,geostan,https://github.com/connordonegan/geostan,dormant,95.0,12.076419437303302,0,Scientific Software,Peer-reviewed,R,ConnorDonegan,Connor Donegan,user,UT Dallas & UTSW Medical Center,https://connordonegan.github.io,cran,geostan,548,0,0,1,83,0,379,,377,4,0,0,0.023094688221709014,0.0,1,0,"",5,0,4,0,0,0,push:377d release:379d commits:0 active_maint:0 closed:4 merged:0,https://science.ecosyste.ms/projects/1329
855,ARDL,https://github.com/natsiopoulos/ardl,dormant,93.0,14.04737913529675,0,Scientific Software,Peer-reviewed,R,,,,,,cran,ARDL,1734,1,1,1,21,0,1074,,82,4,10,2,0.20833333333333337,0.4,1,1,Natsiopoulos,0,6,0,6,0,0,push:82d release:1074d commits:10 active_maint:1 closed:6 merged:6,https://science.ecosyste.ms/projects/1330
856,rucrdtw,https://github.com/pboesu/rucrdtw,dormant,93.0,14.01975015005916,0,Scientific Software,Peer-reviewed,C++,pboesu,Philipp Boersch-Supan,user,British Trust for Ornithology,pboesu.github.io,cran,rucrdtw,1431,4,2,1,17,0,962,,145,3,8,1,0.01851851851851849,0.0,1,0,"",0,0,0,0,0,0,push:145d release:962d commits:8 active_maint:0 closed:0 merged:0,https://science.ecosyste.ms/projects/3094
857,The psycho Package,https://github.com/neuropsychology/psycho.r,dormant,93.0,14.000688032739426,0,Scientific Software,Peer-reviewed,HTML,neuropsychology,École de Neuropsychologie,organization,,,cran,psycho,1215,2,5,1,155,0,2018,,175,8,4,2,0.0888888888888889,0.25,1,0,"",0,2,0,2,0,0,push:175d release:2018d commits:1 active_maint:0 closed:2 merged:2,https://science.ecosyste.ms/projects/2913
859,thurstonianIRT,https://github.com/paul-buerkner/thurstonianirt,dead,95.0,11.99457353381068,0,Scientific Software,Peer-reviewed,R,paul-buerkner,Paul-Christian Bürkner,user,,https://paul-buerkner.github.io/,cran,thurstonianIRT,388,1,1,1,37,0,834,,822,9,0,0,0.09352517985611508,0.0,1,0,"",1,0,0,0,0,0,push:822d release:834d commits:0 active_maint:0 closed:0 merged:0,https://science.ecosyste.ms/projects/2416
863,pocoMC,https://github.com/minaskar/pocomc,dead,95.0,11.938258557715859,0,Scientific Software,Peer-reviewed,Python,minaskar,Minas Karamanis,user,,https://minaskaramanis.com,pypi,pocomc,285,0,0,1,126,0,678,,322,5,0,0,0.4015151515151515,0.0,2,0,"",3,1,0,0,0,0,push:322d release:678d commits:0 active_maint:0 closed:0 merged:0,https://science.ecosyste.ms/projects/1343
864,riccati,https://github.com/fruzsinaagocs/riccati,dead,100.0,6.930494765951627,0,Scientific Software,Peer-reviewed,Python,fruzsinaagocs,Fruzsina Agocs,user,Flatiron Institute,https://fruzsinaagocs.github.io,pypi,riccati,29,1,0,1,12,0,890,,435,3,0,0,0.020000000000000018,0.0,2,0,"",0,1,0,0,0,0,push:435d release:890d commits:0 active_maint:0 closed:0 merged:0,https://science.ecosyste.ms/projects/1103
865,hillR,https://github.com/daijiang/hillr,dormant,95.0,11.918870457915244,0,Scientific Software,Peer-reviewed,R,daijiang,Daijiang Li,user,,https://www.dlilab.com,"cran,conda","hillR,r-hillr",502,3,1,1,36,0,1076,,261,8,3,1,0.43442622950819676,0.0,1,0,"",1,0,1,0,0,0,push:261d release:1076d commits:3 active_maint:0 closed:1 merged:0,https://science.ecosyste.ms/projects/2720
869,tidyfst,https://github.com/hope-data-science/tidyfst,dormant,93.0,13.902075335243097,0,Scientific Software,Peer-reviewed,R,hope-data-science,Hope,user,Chinese Academy of Sciences,,cran,tidyfst,3414,2,2,1,108,0,449,,94,3,9,1,0.019553072625698276,0.0,1,0,"",0,0,0,0,0,0,push:94d release:449d commits:9 active_maint:0 closed:0 merged:0,https://science.ecosyste.ms/projects/2162
870,ChainoPy,https://github.com/aadya940/chainopy,dormant,98.0,8.9005490139363,0,Scientific Software,Peer-reviewed,Jupyter Notebook,aadya940,Aadya Chinubhai,user,,,pypi,chainopy,130,0,0,1,23,0,717,,713,2,0,0,0.0025706940874036244,0.0,1,0,"",7,0,3,0,0,0,push:713d release:717d commits:0 active_maint:0 closed:3 merged:0,https://science.ecosyste.ms/projects/537
871,"dwctaxon, an R package for editing and validating taxonomic data in Darwin Core format",https://github.com/ropensci/dwctaxon,dormant,98.0,8.900276348631271,0,Scientific Software,Peer-reviewed,R,ropensci,rOpenSci,organization,,https://ropensci.org/,cran,dwctaxon,192,0,0,1,10,0,960,,227,2,10,1,0.0073800738007380184,0.0,2,1,joelnitta,3,0,0,0,0,0,push:227d release:960d commits:10 active_maint:1 closed:0 merged:0,https://science.ecosyste.ms/projects/868
874,spiro,https://github.com/ropensci/spiro,dormant,98.0,8.849657406639912,0,Scientific Software,Peer-reviewed,R,ropensci,rOpenSci,organization,,https://ropensci.org/,cran,spiro,248,0,0,1,15,0,527,,30,2,6,1,0.002590673575129543,0.0,2,1,smnnlt,1,2,1,2,0,0,push:30d release:527d commits:6 active_maint:1 closed:3 merged:2,https://science.ecosyste.ms/projects/1268
875,The sspm R package for spatially-explicit surplus production population models,https://github.com/pedersen-fisheries-lab/sspm,dormant,98.0,8.836373930927389,0,Scientific Software,Peer-reviewed,R,pedersen-fisheries-lab,Pedersen Quantitative Fisheries Lab,organization,,https://www.pedersenfisherieslab.com/,cran,sspm,171,0,0,1,3,0,533,,261,5,5,1,0.010779961953075512,0.0,1,0,"",0,2,0,2,0,0,push:261d release:533d commits:5 active_maint:0 closed:2 merged:2,https://science.ecosyste.ms/projects/1094
876,tomso,https://github.com/warrickball/tomso,dormant,100.0,6.828712071641684,0,Scientific Software,Peer-reviewed,Gnuplot,warrickball,Warrick Ball,user,University of Birmingham,warrickball.gitlab.io,"alpine,pypi","py3-tomso-pyc,py3-tomso,tomso",62,1,1,1,8,0,1197,,253,2,1,1,0.025236593059936863,0.0,1,0,"",1,0,1,0,0,0,push:253d release:1197d commits:1 active_maint:0 closed:1 merged:0,https://science.ecosyste.ms/projects/1504
877,NcCut,https://github.com/rchartra/nccut,dormant,100.0,6.822197390620491,0,Scientific Software,Peer-reviewed,Python,rchartra,,user,,,pypi,nccut,33,0,0,1,9,0,532,,521,3,0,0,0.05287356321839076,0.0,1,0,"",36,15,36,15,0,0,push:521d release:532d commits:0 active_maint:0 closed:51 merged:15,https://science.ecosyste.ms/projects/274
881,GrainLearning,https://github.com/grainlearning/grainlearning,dormant,98.0,8.776475789346321,0,Scientific Software,Peer-reviewed,Jupyter Notebook,GrainLearning,GrainLearning,organization,,,pypi,grainlearning,22,1,0,1,11,0,492,,36,10,4,1,0.6003401360544218,0.0,4,0,"",1,16,0,8,0,0,push:36d release:492d commits:4 active_maint:0 closed:14 merged:8,https://science.ecosyste.ms/projects/722
885,RAMP,https://github.com/ramp-project/ramp,dead,95.0,11.709149926933174,0,Scientific Software,Peer-reviewed,Python,RAMP-project,RAMP,organization,,,"pypi,go","rampdemand,github.com/ramp-project/ramp",75,0,0,3,80,0,783,,431,14,0,0,0.4946043165467626,0.0,6,0,"",1,2,0,0,0,0,push:431d release:783d commits:0 active_maint:0 closed:0 merged:0,https://science.ecosyste.ms/projects/641
886,EmissV,https://github.com/atmoschem/emissv,dormant,95.0,11.689631282978548,0,Scientific Software,Peer-reviewed,R,atmoschem,ATMOSCHEM,organization,,,"go,cran","github.com/atmoschem/emissv,EmissV,github.com/atmoschem/EmissV",677,0,0,1,46,0,2863,,113,4,7,1,0.07561436672967858,0.0,2,0,"",3,0,3,0,0,0,push:113d release:2863d commits:7 active_maint:0 closed:3 merged:0,https://science.ecosyste.ms/projects/2753
887,HOHQMesh,https://github.com/trixi-framework/hohqmesh,dormant,100.0,6.672032945461067,0,Scientific Software,Peer-reviewed,Fortran,trixi-framework,Trixi.jl,organization,,https://trixi-framework.github.io,spack,hohqmesh,0,0,0,1,95,0,768,,12,11,21,5,0.471604938271605,0.33333333333333337,8,3,"andrewwinters5000,DanielDoehring,fluidnumericsJoe",5,13,2,12,0,0,push:12d release:768d commits:7 active_maint:3 closed:14 merged:12,https://science.ecosyste.ms/projects/354
889,QSOnic,https://github.com/p-slash/qsonic,dormant,100.0,6.659293919683638,0,Scientific Software,Peer-reviewed,Python,p-slash,Naim Goksel Karacayli,user,,,pypi,qsonic,25,0,0,1,3,0,741,,741,5,0,0,0.22770700636942676,0.0,2,0,"",0,1,0,1,0,0,push:741d release:741d commits:0 active_maint:0 closed:1 merged:1,https://science.ecosyste.ms/projects/711
890,IMPPY3D,https://github.com/usnistgov/imppy3d,dormant,98.0,8.651724084373843,0,Scientific Software,Peer-reviewed,Python,usnistgov,National Institute of Standards and Technology,organization,,https://www.nist.gov,pypi,imppy3d,64,0,0,1,30,0,553,,22,6,11,2,0.26595744680851063,0.18181818181818177,1,0,"",0,5,0,4,0,0,push:22d release:553d commits:11 active_maint:0 closed:4 merged:4,https://science.ecosyste.ms/projects/232
894,experDesign,https://github.com/llrs/experdesign,dormant,98.0,8.637639344492104,0,Scientific Software,Peer-reviewed,R,llrs,Lluís Revilla,user,@irsi-tiv,https://llrs.dev,cran,experDesign,281,0,0,1,10,0,801,,417,1,0,0,0.0,0.0,1,1,llrs,4,0,1,0,0,0,push:417d release:801d commits:0 active_maint:1 closed:1 merged:0,https://science.ecosyste.ms/projects/1683
896,Ecological Metadata as Linked Data,https://github.com/ropensci/emld,dormant,95.0,11.627824345446749,0,Scientific Software,Peer-reviewed,R,ropensci,rOpenSci,organization,,https://ropensci.org/,"cran,conda","emld,r-emld",758,14,5,1,14,0,2132,,196,6,7,2,0.17142857142857137,0.1428571428571429,3,3,"cboettig,mbjones,peterdesmet",3,1,2,1,0,0,push:196d release:2132d commits:7 active_maint:3 closed:3 merged:1,https://science.ecosyste.ms/projects/2646
902,PII-Codex,https://github.com/edyvision/pii-codex,dormant,98.0,8.586346050104554,0,Scientific Software,Peer-reviewed,Python,EdyVision,Eidan Rosado,user,,https://eidanrosado.com,pypi,pii-codex,56,0,0,1,101,0,1138,,165,1,5,1,0.0,0.0,1,1,EdyVision,0,4,0,3,0,0,push:165d release:1138d commits:5 active_maint:1 closed:3 merged:3,https://science.ecosyste.ms/projects/1099
904,SphericalScattering,https://github.com/hobezwe/sphericalscattering.jl,dormant,100.0,6.536691597591305,0,Scientific Software,Peer-reviewed,Julia,HoBeZwe,hobe,user,,,julia,SphericalScattering,0,0,0,0,25,0,485,,461,6,0,0,0.23225806451612907,0.0,2,0,"",1,0,1,0,0,0,push:461d release:485d commits:0 active_maint:0 closed:1 merged:0,https://science.ecosyste.ms/projects/908
908,daiquiri,https://github.com/ropensci/daiquiri,dormant,95.0,11.51462402160581,0,Scientific Software,Peer-reviewed,R,ropensci,rOpenSci,organization,,https://ropensci.org/,cran,daiquiri,741,0,0,1,40,0,401,,12,4,6,2,0.019736842105263164,0.16666666666666663,2,0,"",1,1,0,1,0,0,push:12d release:401d commits:6 active_maint:0 closed:1 merged:1,https://science.ecosyste.ms/projects/1289
909,mcboost,https://github.com/mlr-org/mcboost,dormant,95.0,11.513085452171593,0,Scientific Software,Peer-reviewed,R,mlr-org,mlr-org,organization,,https://mlr-org.com,cran,mcboost,328,0,0,1,33,0,371,,371,8,2,1,0.47986577181208057,0.0,6,0,"",2,0,0,0,0,0,push:371d release:371d commits:2 active_maint:0 closed:0 merged:0,https://science.ecosyste.ms/projects/1811
912,CluSim,https://github.com/hoosier-clusters/clusim,dormant,95.0,11.496857056791164,0,Scientific Software,Peer-reviewed,Python,,,,,,pypi,clusim,151,2,0,1,72,0,2365,,280,9,1,1,0.3138686131386861,0.0,2,0,"",0,0,0,0,0,0,push:280d release:2365d commits:1 active_maint:0 closed:0 merged:0,https://science.ecosyste.ms/projects/2623
917,gemlog,https://github.com/ajakef/gemlog,dormant,95.0,11.450432849539578,0,Scientific Software,Peer-reviewed,Python,ajakef,Jake Anderson,user,,,pypi,gemlog,919,1,0,1,12,0,754,,7,6,3,1,0.13432835820895528,0.0,2,0,"",0,0,0,0,0,0,push:7d release:754d commits:3 active_maint:0 closed:0 merged:0,https://science.ecosyste.ms/projects/1102
918,SMART,https://github.com/rangamanilabucsd/smart,dormant,95.0,11.415863752127098,0,Scientific Software,Peer-reviewed,Python,RangamaniLabUCSD,RangamaniLabUCSD,organization,,https://sites.google.com/eng.ucsd.edu/prangamani,pypi,fenics-smart,273,0,0,2,13,0,400,,36,11,2,2,0.6597796143250689,0.5,6,2,"ctlee,emmetfrancis",0,6,0,3,0,0,push:36d release:400d commits:2 active_maint:2 closed:3 merged:3,https://science.ecosyste.ms/projects/948
920,SetVis,https://github.com/alan-turing-institute/setvis,dormant,98.0,8.403800504061147,0,Scientific Software,Peer-reviewed,Python,alan-turing-institute,The Alan Turing Institute,organization,,https://turing.ac.uk,pypi,setvis,30,0,0,1,5,0,651,,623,8,0,0,0.3580246913580247,0.0,4,0,"",3,10,2,8,0,0,push:623d release:651d commits:0 active_maint:0 closed:12 merged:8,https://science.ecosyste.ms/projects/411
924,FaaSr,https://github.com/faasr/faasr-package,dormant,95.0,11.38286233667203,0,Scientific Software,Peer-reviewed,R,FaaSr,FaaSr,organization,,https://faasr.io,cran,FaaSr,256,0,0,1,9,0,482,,373,12,8,3,0.2569169960474308,0.375,0,0,"",4,29,1,26,0,0,push:373d release:482d commits:8 active_maint:0 closed:27 merged:26,https://science.ecosyste.ms/projects/420
926,simpleCache,https://github.com/databio/simplecache,dormant,95.0,11.36766845231309,0,Scientific Software,Peer-reviewed,R,databio,Databio,organization,,https://databio.org,"cran,conda","simpleCache,r-simplecache",312,6,0,1,35,0,1930,,152,5,4,1,0.6067961165048543,0.0,3,1,nsheff,1,1,1,1,0,0,push:152d release:1930d commits:4 active_maint:1 closed:2 merged:1,https://science.ecosyste.ms/projects/2936
928,OPEM,https://github.com/ecsim/opem,dormant,93.0,13.361254285686178,0,Scientific Software,Peer-reviewed,Python,ECSIM,ECSIM,organization,,https://ecsim.ir,pypi,opem,257,1,1,1,230,0,866,,17,11,0,0,0.12192902638762515,0.0,1,0,"",0,18,0,6,0,0,push:17d release:866d commits:0 active_maint:0 closed:16 merged:6,https://science.ecosyste.ms/projects/2813
929,LIBSsa,https://github.com/kstenio/libssa,dormant,100.0,6.3561076606958915,0,Scientific Software,Peer-reviewed,Python,kstenio,Kleydson Stenio,user,UFSCar,,pypi,libssa,23,0,0,1,15,0,655,,649,2,0,0,0.021126760563380254,0.0,1,0,"",2,12,0,12,0,0,push:649d release:655d commits:0 active_maint:0 closed:12 merged:12,https://science.ecosyste.ms/projects/871
936,Snk,https://github.com/wytamma/snk,dormant,95.0,11.304719786020225,0,Scientific Software,Peer-reviewed,Python,Wytamma,Wytamma Wirth,user,,http://www.wytamma.com/,pypi,snk,195,1,5,1,67,0,593,,281,6,1,1,0.025362318840579712,0.0,2,1,Wytamma,17,13,8,12,0,0,push:281d release:593d commits:1 active_maint:1 closed:20 merged:12,https://science.ecosyste.ms/projects/376
937,TopSearch,https://github.com/ibm/topography-searcher,dead,98.0,8.293049139768444,0,Scientific Software,Peer-reviewed,Python,IBM,International Business Machines,organization,,https://www.ibm.com/opensource/,pypi,topsearch,36,0,0,1,23,0,827,,315,6,0,0,0.45251396648044695,0.0,2,0,"",0,2,0,0,0,0,push:315d release:827d commits:0 active_maint:0 closed:0 merged:0,https://science.ecosyste.ms/projects/615
938,gridwxcomp,https://github.com/wswup/gridwxcomp,dormant,98.0,8.282988692742602,0,Scientific Software,Peer-reviewed,Python,WSWUP,Western States Water Use Program (WSWUP),organization,,https://www.dri.edu/western-states-water-use-program,"go,pypi","github.com/WSWUP/gridwxcomp,gridwxcomp,github.com/wswup/gridwxcomp",42,0,0,1,20,0,567,,178,4,0,0,0.125,0.0,1,0,"",2,2,1,2,0,0,push:178d release:567d commits:0 active_maint:0 closed:3 merged:2,https://science.ecosyste.ms/projects/315
940,ThermoParser,https://github.com/smtg-bham/thermoparser,dormant,100.0,6.272877006546167,0,Scientific Software,Peer-reviewed,Python,SMTG-Bham,Scanlon Materials Theory Group,organization,,http://davidscanlon.com,,,0,,,,54,0,,,447,10,0,0,0.5709219858156028,0.0,3,0,"",1,14,0,14,0,0,push:447d commits:0 active_maint:0 closed:14 merged:14,https://science.ecosyste.ms/projects/692
942,wdpar,https://github.com/prioritizr/wdpar,dormant,95.0,11.25896181631613,0,Scientific Software,Peer-reviewed,R,prioritizr,prioritizr,organization,,,"conda,go,cran","r-wdpar,github.com/prioritizr/wdpar,wdpar",942,2,0,1,41,0,661,,185,2,6,1,0.0032679738562091387,0.0,2,1,jeffreyhanson,6,5,3,5,0,0,push:185d release:661d commits:6 active_maint:1 closed:8 merged:5,https://science.ecosyste.ms/projects/1362
946,Hoki,https://github.com/heloises/hoki,dead,95.0,11.216377540072607,0,Scientific Software,Peer-reviewed,Python,HeloiseS,Heloise,user,University of Auckland,hfstevance.com,pypi,hoki,107,1,0,1,51,0,1333,,412,11,0,0,0.21818181818181814,0.0,3,0,"",1,0,0,0,0,0,push:412d release:1333d commits:0 active_maint:0 closed:0 merged:0,https://science.ecosyste.ms/projects/2322
947,PyVOLCANS,https://github.com/britishgeologicalsurvey/pyvolcans,dormant,98.0,8.215006432761575,0,Scientific Software,Peer-reviewed,Python,BritishGeologicalSurvey,British Geological Survey,organization,,https://www.bgs.ac.uk,pypi,pyvolcans,29,1,0,3,25,0,1674,,83,4,2,1,0.27179487179487183,0.0,2,1,PTierz,0,1,0,1,0,0,push:83d release:1674d commits:2 active_maint:1 closed:1 merged:1,https://science.ecosyste.ms/projects/1646
949,Suppdata,https://github.com/ropensci/suppdata,dormant,95.0,11.203611092391332,0,Scientific Software,Peer-reviewed,R,ropensci,rOpenSci,organization,,https://ropensci.org/,cran,suppdata,229,2,1,1,37,0,1018,,1018,7,0,0,0.4295774647887324,0.0,3,1,maelle,1,0,0,0,0,0,pkg:removed push:1018d release:1018d commits:0 active_maint:1 closed:0 merged:0,https://science.ecosyste.ms/projects/2857
950,Fast and flexible simulation and parameter estimation for synthetic biology using bioscrape,https://github.com/biocircuits/bioscrape,dormant,95.0,11.198447569731284,0,Scientific Software,Peer-reviewed,Jupyter Notebook,biocircuits,biocircuits,organization,,,pypi,bioscrape,129,1,0,3,30,0,529,,9,9,1,1,0.46401985111662536,0.0,3,0,"",1,10,0,7,0,0,push:9d release:529d commits:1 active_maint:0 closed:8 merged:7,https://science.ecosyste.ms/projects/1214
951,pyMechT,https://github.com/ankushaggarwal/pymecht,dead,100.0,6.194405391104672,0,Scientific Software,Peer-reviewed,Python,ankushaggarwal,,user,,,pypi,pymecht,13,0,0,1,5,0,539,,125,5,0,0,0.23510971786833856,0.0,4,0,"",1,0,0,0,0,0,push:125d release:539d commits:0 active_maint:0 closed:0 merged:0,https://science.ecosyste.ms/projects/283
953,Manif,https://github.com/artivis/manif,dormant,95.0,11.168969293439272,0,Scientific Software,Peer-reviewed,C++,artivis,Jeremie Deray,user,@CanonicalLtd,https://artivis.github.io,conda,"manifpy,manif",0,0,2,0,1791,0,1492,,15,14,6,2,0.3428981348637016,0.16666666666666663,2,2,"artivis,joansola",4,7,1,2,0,0,push:15d release:1492d commits:6 active_maint:2 closed:3 merged:2,https://science.ecosyste.ms/projects/2299
955,Nominally,https://github.com/vaneseltine/nominally,dormant,100.0,6.159095388491933,0,Scientific Software,Peer-reviewed,Python,vaneseltine,Matt VanEseltine,user,University of Michigan,https://iris.isr.umich.edu/,,,0,,,,41,0,,,330,11,2,2,0.4686998394863563,0.5,1,1,vaneseltine,1,3,0,2,0,0,push:330d commits:2 active_maint:1 closed:2 merged:2,https://science.ecosyste.ms/projects/1732
962,ewstools,https://github.com/thomasmbury/ewstools,dormant,95.0,11.105378190657738,0,Scientific Software,Peer-reviewed,Jupyter Notebook,ThomasMBury,Thomas Bury,user,McGill University,https://www.thomasbury.net/,pypi,ewstools,95,3,0,1,98,0,802,,38,10,7,4,0.0577617328519856,0.7142857142857143,3,1,energyscholar,1,10,1,3,0,0,push:38d release:802d commits:7 active_maint:1 closed:4 merged:3,https://science.ecosyste.ms/projects/1247
965,pyndl,https://github.com/quantling/pyndl,dormant,95.0,11.098409521341647,0,Scientific Software,Peer-reviewed,Python,quantling,quantling,organization,,,pypi,pyndl,117,1,1,2,13,0,826,,234,13,1,1,0.5504087193460491,0.0,4,1,derNarr,0,1,0,1,0,0,push:234d release:826d commits:1 active_maint:1 closed:1 merged:1,https://science.ecosyste.ms/projects/1300
966,TransitionsInTimeseries.jl,https://github.com/juliadynamics/transitionsintimeseries.jl,dormant,100.0,6.0867747269123065,0,Scientific Software,Peer-reviewed,Julia,JuliaDynamics,JuliaDynamics,organization,,https://juliadynamics.github.io/JuliaDynamics/,julia,TransitionsInTimeseries,0,0,0,0,27,0,455,,435,5,0,0,0.4411764705882353,0.0,2,0,"",0,2,0,2,0,0,push:435d release:455d commits:0 active_maint:0 closed:2 merged:2,https://science.ecosyste.ms/projects/601
967,(py)oscode,https://github.com/fruzsinaagocs/oscode,dead,95.0,11.083679828196662,0,Scientific Software,Peer-reviewed,C++,fruzsinaagocs,Fruzsina Agocs,user,Flatiron Institute,https://fruzsinaagocs.github.io,pypi,pyoscode,182,1,2,1,33,0,1155,,435,10,0,0,0.5109034267912773,0.0,4,0,"",0,1,0,0,0,0,push:435d release:1155d commits:0 active_maint:0 closed:0 merged:0,https://science.ecosyste.ms/projects/2021
968,Connectome Mapper 3,https://github.com/connectomicslab/connectomemapper3,dead,95.0,11.081834809223091,0,Scientific Software,Peer-reviewed,HTML,connectomicslab,Connectomics Lab,organization,,http://wp.unil.ch/connectomics,pypi,connectomemapper,36,1,0,1,84,0,772,,132,18,0,0,0.15502309468822173,0.0,2,0,"",1,1,0,0,0,0,push:132d release:772d commits:0 active_maint:0 closed:0 merged:0,https://science.ecosyste.ms/projects/1479
970,BlueCelluLab,https://github.com/bluebrain/bluecellulab,dead,100.0,6.061456918928017,0,Scientific Software,Peer-reviewed,Python,BlueBrain,The Blue Brain Project,organization,,https://portal.bluebrain.epfl.ch/,,,0,,,,14,1,,,519,13,0,0,0.3085714285714286,0.0,2,0,"",3,16,2,15,0,0,archived push:519d commits:0 active_maint:0 closed:17 merged:15,https://science.ecosyste.ms/projects/536
974,servir-aces,https://github.com/servir/servir-aces,dormant,98.0,8.030084094267563,0,Scientific Software,Peer-reviewed,Jupyter Notebook,SERVIR,SERVIR,organization,,https://www.servirglobal.net/,pypi,servir-aces,47,0,0,1,17,0,892,,329,4,1,1,0.15909090909090906,0.0,1,0,"",0,2,0,1,0,0,push:329d release:892d commits:1 active_maint:0 closed:1 merged:1,https://science.ecosyste.ms/projects/607
977,AeroAcoustics.jl,https://github.com/1oly/aeroacoustics.jl,dormant,100.0,6.011267174404162,0,Scientific Software,Peer-reviewed,Julia,1oly,Oliver Lylloff,user,,,julia,AeroAcoustics,0,0,0,0,33,0,606,,90,4,5,2,0.03802281368821292,0.4,1,1,1oly,1,5,0,2,0,0,push:90d release:606d commits:2 active_maint:1 closed:2 merged:2,https://science.ecosyste.ms/projects/682
982,GridTest,https://github.com/vsoch/gridtest,dead,100.0,5.988961416889863,0,Scientific Software,Peer-reviewed,HTML,vsoch,Vanessasaurus,user,,https://vsoch.github.io,"conda,pypi",gridtest,17,1,0,1,3,0,2217,,1829,3,0,0,0.04761904761904767,0.0,1,0,"",1,0,0,0,0,0,push:1829d release:2217d commits:0 active_maint:0 closed:0 merged:0,https://science.ecosyste.ms/projects/2203
984,deeplenstronomy,https://github.com/deepskies/deeplenstronomy,dead,95.0,10.986512317862523,0,Scientific Software,Peer-reviewed,HTML,deepskies,Deep Skies Lab,organization,,www.deepskieslab.com,pypi,deeplenstronomy,68,1,0,2,34,0,1686,,744,13,0,0,0.44041450777202074,0.0,3,0,"",1,0,0,0,0,0,push:744d release:1686d commits:0 active_maint:0 closed:0 merged:0,https://science.ecosyste.ms/projects/1988
986,SeismicMesh,https://github.com/krober10nd/seismicmesh,dead,95.0,10.962370998975242,0,Scientific Software,Peer-reviewed,Python,krober10nd,Keith Roberts,user,W.F. Baird,keithroberts.site,pypi,seismicmesh,41,1,0,1,142,1,1838,,1120,9,0,0,0.3427299703264095,0.0,1,0,"",0,0,0,0,0,0,archived push:1120d release:1838d commits:0 active_maint:0 closed:0 merged:0,https://science.ecosyste.ms/projects/2002
987,SIRUS.jl,https://github.com/rikhuijzer/sirus.jl,dormant,98.0,7.955074273262697,0,Scientific Software,Peer-reviewed,Julia,rikhuijzer,Rik Huijzer,user,,https://huijzer.xyz,julia,SIRUS,0,0,1,0,40,0,969,,54,5,5,1,0.051587301587301626,0.0,1,1,rikhuijzer,2,4,2,2,0,0,push:54d release:969d commits:5 active_maint:1 closed:4 merged:2,https://science.ecosyste.ms/projects/957
990,SESAMI APP,https://github.com/hjkgrp/sesami_web,dormant,100.0,5.934894195619588,0,Scientific Software,Peer-reviewed,Python,hjkgrp,Kulik Group,organization,,http://hjkgrp.mit.edu,pypi,sesami,20,0,0,1,10,0,426,,12,2,1,1,0.28093645484949836,0.0,2,1,mtap-research,0,10,0,1,0,0,push:12d release:426d commits:1 active_maint:1 closed:1 merged:1,https://science.ecosyste.ms/projects/1110
994,OpenTerrace,https://github.com/openterrace/openterrace-python,dormant,98.0,7.911324018963353,0,Scientific Software,Peer-reviewed,Python,,,,,,pypi,openterrace,30,0,0,1,24,0,791,,125,5,2,1,0.3648648648648649,0.0,1,1,jakobhaervig,0,6,0,5,0,0,push:125d release:791d commits:2 active_maint:1 closed:5 merged:5,https://science.ecosyste.ms/projects/662
995,The Dusty Evolved Star Kit (DESK),https://github.com/s-goldman/dusty-evolved-star-kit,dormant,95.0,10.908008917804642,0,Scientific Software,Peer-reviewed,Python,s-goldman,Steve Goldman,user,SOFIA,https://s-goldman.github.io/,pypi,desk,367,1,0,1,16,0,539,,251,4,7,1,0.07709750566893425,0.0,1,1,s-goldman,2,9,0,8,0,0,push:251d release:539d commits:7 active_maint:1 closed:8 merged:8,https://science.ecosyste.ms/projects/2109
997,21cmSense v2,https://github.com/rasg-affiliates/21cmsense,dormant,100.0,5.8971538676367405,0,Scientific Software,Peer-reviewed,Python,rasg-affiliates,rasg-affiliates,organization,,https://radioastronomysoftwaregroup.github.io/,,,0,,,,15,0,,,10,15,70,5,0.6025408348457351,0.4285714285714286,2,0,"",4,53,0,49,0,0,push:10d commits:3 active_maint:0 closed:49 merged:49,https://science.ecosyste.ms/projects/708
998,RFBzero,https://github.com/ericfell/rfbzero,dead,100.0,5.886104031450156,0,Scientific Software,Peer-reviewed,Python,ericfell,Eric Fell,user,,,pypi,rfbzero,19,0,0,1,10,0,764,,764,2,0,0,0.2769784172661871,0.0,2,0,"",1,0,0,0,0,0,push:764d release:764d commits:0 active_maint:0 closed:0 merged:0,https://science.ecosyste.ms/projects/626
999,rcites,https://github.com/ropensci/rcites,dead,95.0,10.877386597030597,0,Scientific Software,Peer-reviewed,R,ropensci,rOpenSci,organization,,https://ropensci.org/,"go,cran","github.com/ropensci/rcites,rcites",318,2,0,1,14,0,1264,,1256,11,0,0,0.5870535714285714,0.0,4,0,"",1,0,0,0,0,0,push:1256d release:1264d commits:0 active_maint:0 closed:0 merged:0,https://science.ecosyste.ms/projects/2716
1001,Scanbot,https://github.com/new-horizons-spm/scanbot,dormant,100.0,5.857933154483459,0,Scientific Software,Peer-reviewed,Python,New-Horizons-SPM,New-Horizons-SPM,organization,,,pypi,scanbot,24,0,0,1,10,0,754,,202,2,3,1,0.1428571428571429,0.0,1,0,"",1,0,0,0,0,0,push:202d release:754d commits:3 active_maint:0 closed:0 merged:0,https://science.ecosyste.ms/projects/596
1002,AdaptiveResonance.jl,https://github.com/ap6yc/adaptiveresonance.jl,dormant,100.0,5.857933154483459,0,Scientific Software,Peer-reviewed,Julia,AP6YC,Sasha Petrenko,user,,https://ap6yc.github.io/,julia,AdaptiveResonance,0,0,0,0,28,0,697,,674,5,0,0,0.03168316831683171,0.0,1,0,"",2,2,1,2,0,0,push:674d release:697d commits:0 active_maint:0 closed:3 merged:2,https://science.ecosyste.ms/projects/1525
1003,Automatic Computation for Robot Design (ACRoD),https://github.com/suneeshjacob/acrod,dormant,98.0,7.84854348245668,0,Scientific Software,Peer-reviewed,Python,suneeshjacob,,user,,,pypi,acrod,426,0,0,1,2,0,868,,116,3,6,1,0.00589101620029453,0.0,1,0,"",0,0,0,0,0,0,push:116d release:868d commits:6 active_maint:0 closed:0 merged:0,https://science.ecosyste.ms/projects/775
1005,PyPVRPM,https://github.com/fsec-photovoltaics/pvrpm-lcoe,dead,100.0,5.823045895483019,0,Scientific Software,Peer-reviewed,Python,,,,,,pypi,pvrpm,11,1,0,1,9,0,1203,,1203,2,0,0,0.017857142857142905,0.0,0,0,"",1,0,0,0,0,0,push:1203d release:1203d commits:0 active_maint:0 closed:0 merged:0,https://science.ecosyste.ms/projects/1569
1007,Python class defining a machine learning dataset ensuring key-based correspondence and maintaining integrity,https://github.com/raamana/pyradigm,dormant,95.0,10.820577964580847,0,Scientific Software,Peer-reviewed,Python,raamana,Pradeep Reddy Raamana,user,University of Pittsburgh,crossinvalidation.com,pypi,pyradigm,131,5,2,1,30,0,398,,380,8,8,1,0.10179640718562877,0.0,1,0,"",0,0,0,0,0,0,push:380d release:398d commits:8 active_maint:0 closed:0 merged:0,https://science.ecosyste.ms/projects/2987
1008,FrESCO,https://github.com/doe-nci-mossaic/fresco,dormant,100.0,5.817111159963204,0,Scientific Software,Peer-reviewed,Python,DOE-NCI-MOSSAIC,DOE-NCI-MOSSAIC,organization,,,pypi,nci-fresco,5,0,0,2,9,0,968,,569,6,0,0,0.39267015706806285,0.0,3,0,"",0,2,0,2,0,0,push:569d release:968d commits:0 active_maint:0 closed:2 merged:2,https://science.ecosyste.ms/projects/1010
1009,CRATE,https://github.com/bessagroup/crate,dormant,98.0,7.8160138391590275,0,Scientific Software,Peer-reviewed,Python,bessagroup,Bessa Research Group,organization,,,pypi,cratepy,30,0,0,1,48,0,391,,384,2,0,0,0.00390625,0.0,2,0,"",0,1,0,1,0,0,push:384d release:391d commits:0 active_maint:0 closed:1 merged:1,https://science.ecosyste.ms/projects/1050
1010,PICOS,https://gitlab.com/picos-api/picos,dormant,89.0,16.803054397612698,0,Scientific Software,Peer-reviewed,,picos-api,picos-api,organization,,,pypi,picos,11825,15,7,3,25,0,474,,,28,1,1,0.28808158062460165,0.0,0,0,"",,,,,0,0,release:474d commits:1 active_maint:0 closed:0 merged:0,https://science.ecosyste.ms/projects/1599
1012,MOTrainer,https://github.com/vegewaterdynamics/motrainer,dormant,98.0,7.803026643632217,0,Scientific Software,Peer-reviewed,Jupyter Notebook,VegeWaterDynamics,VegeWaterDynamics,organization,,,pypi,motrainer,33,0,0,1,2,0,709,,695,6,0,0,0.20846905537459282,0.0,0,0,"",3,5,3,5,0,0,push:695d release:709d commits:0 active_maint:0 closed:8 merged:5,https://science.ecosyste.ms/projects/533
1015,$hp\mathrm{3D}$,https://github.com/oden-eag/hp3d,dormant,100.0,5.796057750765372,0,Scientific Software,Peer-reviewed,Fortran,Oden-EAG,Oden-EAG,organization,,https://oden.utexas.edu/research/centers-and-groups/electromagnetics-and-acoustics-group/,,,0,,,,34,0,,,154,7,0,0,0.12476722532588458,0.0,3,0,"",0,9,0,7,0,0,push:154d commits:0 active_maint:0 closed:8 merged:7,https://science.ecosyste.ms/projects/802
1019,musclesyneRgies,https://github.com/alesantuz/musclesynergies,dormant,95.0,10.777809799587782,0,Scientific Software,Peer-reviewed,HTML,alesantuz,Ale Santuz,user,Max Delbrück Center for Molecular Medicine,https://www.mdc-berlin.de/zampieri,cran,musclesyneRgies,222,0,0,1,49,0,1472,,338,5,1,1,0.05882352941176472,0.0,1,0,"",0,0,0,0,0,0,push:338d release:1472d commits:1 active_maint:0 closed:0 merged:0,https://science.ecosyste.ms/projects/1477
1020,kallisto,https://github.com/astrazeneca/kallisto,dead,93.0,12.775797167613884,0,Scientific Software,Peer-reviewed,Python,AstraZeneca,AstraZeneca,organization,,https://www.astrazeneca.com/,"alpine,pypi","py3-kallisto-pyc,py3-kallisto,kallisto",845,5,2,1,74,0,839,,910,6,0,0,0.07476635514018692,0.0,2,0,"",2,1,0,0,0,0,push:910d release:839d commits:0 active_maint:0 closed:0 merged:0,https://science.ecosyste.ms/projects/1921
1022,Caliban,https://github.com/google/caliban,dead,93.0,12.7665908832781,0,Scientific Software,Peer-reviewed,Python,google,Google,organization,,https://opensource.google/,pypi,caliban,72,1,0,1,504,1,1140,,784,9,0,0,0.33613445378151263,0.0,3,0,"",0,1,0,0,0,0,archived push:784d release:1140d commits:0 active_maint:0 closed:1 merged:0,https://science.ecosyste.ms/projects/2125
1023,PyUnfold,https://github.com/jrbourbeau/pyunfold,dead,95.0,10.745270232235221,0,Scientific Software,Peer-reviewed,Python,jrbourbeau,James Bourbeau,user,@coiled ,https://jamesbourbeau.com,"conda,pypi",pyunfold,219,1,0,1,31,0,2810,,2112,5,0,0,0.18279569892473113,0.0,2,0,"",1,0,0,0,0,0,push:2112d release:2810d commits:0 active_maint:0 closed:0 merged:0,https://science.ecosyste.ms/projects/2839
1024,NERD,https://github.com/islasgeci/nerd,dormant,98.0,7.738488122494646,0,Scientific Software,Peer-reviewed,Jupyter Notebook,IslasGECI,"Grupo de Ecología y Conservación de Islas, A.C.",organization,,islas.org.mx,pypi,geci-nerd,83,1,0,1,0,0,517,,513,9,4,1,0.7440119760479043,0.0,3,0,"",2,0,1,0,0,0,push:513d release:517d commits:4 active_maint:0 closed:1 merged:0,https://science.ecosyste.ms/projects/268
1025,ollamar,https://github.com/hauselin/ollama-r,dormant,93.0,12.736336124188627,0,Scientific Software,Peer-reviewed,R,hauselin,Hause Lin,user,,hauselin.com,"cran,go","ollamar,github.com/hauselin/ollama-r",1048,0,0,1,126,0,568,,374,3,0,0,0.0625,0.0,2,0,"",5,1,1,0,0,0,push:374d release:568d commits:0 active_maint:0 closed:1 merged:0,https://science.ecosyste.ms/projects/310
1026,NebulaSEM,https://github.com/dshawul/nebulasem,dead,100.0,5.730099782973575,0,Scientific Software,Peer-reviewed,C++,dshawul,Daniel Shawul,user,,,,,0,,,,28,0,,,702,11,0,0,0.25400457665903886,0.0,1,0,"",1,0,0,0,0,0,push:702d commits:0 active_maint:0 closed:0 merged:0,https://science.ecosyste.ms/projects/724
1029,lpjmlkit,https://github.com/pik-lpjml/lpjmlkit,dormant,98.0,7.705262474866325,0,Scientific Software,Peer-reviewed,R,PIK-LPJmL,LPJmL group @ PIK,organization,,,cran,lpjmlkit,35,0,1,1,10,0,1224,,97,7,10,3,0.44311377245508987,0.4,0,0,"",0,1,0,1,0,0,pkg:removed push:97d release:1224d commits:10 active_maint:0 closed:1 merged:1,https://science.ecosyste.ms/projects/380
1030,OpenHPS,https://github.com/openhps/openhps-core,dormant,93.0,12.705149522261616,0,Scientific Software,Peer-reviewed,TypeScript,OpenHPS,OpenHPS,organization,,https://www.openhps.org,npm,@openhps/core,2018,20,20,1,33,0,419,,83,5,0,0,0.248203788373612,0.0,1,0,"",2,2,1,1,0,0,push:83d release:419d commits:0 active_maint:0 closed:2 merged:1,https://science.ecosyste.ms/projects/130
1034,W2W,https://github.com/matthiasdemuzere/w2w,dead,95.0,10.6735957742322,0,Scientific Software,Peer-reviewed,Jupyter Notebook,matthiasdemuzere,Matthias Demuzere,user,Ruhr-University Bochum,http://www.climate.ruhr-uni-bochum.de/team/matthias-demuzere/,"pypi,go","w2w,github.com/matthiasdemuzere/w2w",93,1,0,2,49,0,627,,59,8,0,0,0.46360153256704983,0.0,4,0,"",1,0,0,0,0,0,push:59d release:627d commits:0 active_maint:0 closed:0 merged:0,https://science.ecosyste.ms/projects/1424
1036,giotto-deep,https://github.com/giotto-ai/giotto-deep,dead,95.0,10.648277966247912,0,Scientific Software,Peer-reviewed,Python,giotto-ai,giotto.ai,organization,,https://giotto.ai,pypi,giotto-deep,38,0,0,1,92,0,1023,,735,12,0,0,0.5074812967581047,0.0,4,0,"",1,1,0,0,0,0,push:735d release:1023d commits:0 active_maint:0 closed:0 merged:0,https://science.ecosyste.ms/projects/1346
1038,pdfsearch,https://github.com/lebebr01/pdfsearch,dormant,93.0,12.642881369918268,0,Scientific Software,Peer-reviewed,R,lebebr01,Brandon LeBeau,user,,https://brandonlebeau.org,cran,pdfsearch,6448,0,0,1,42,0,428,,162,1,10,1,0.0,0.0,1,0,"",0,0,0,0,0,0,push:162d release:428d commits:10 active_maint:0 closed:0 merged:0,https://science.ecosyste.ms/projects/2816
1039,pytreegrav,https://github.com/mikegrudic/pytreegrav,dormant,95.0,10.640842987760394,0,Scientific Software,Peer-reviewed,Python,mikegrudic,Mike Grudić,user,Carnegie Observatories,mikegrudic.github.io,pypi,pytreegrav,46,1,0,1,71,0,984,,469,13,0,0,0.25668449197860965,0.0,1,0,"",1,0,1,0,0,0,push:469d release:984d commits:0 active_maint:0 closed:1 merged:0,https://science.ecosyste.ms/projects/1648
1040,APCtools,https://github.com/bauer-alex/apctools,dormant,95.0,10.638376304675711,0,Scientific Software,Peer-reviewed,R,bauer-alex,Alexander Bauer,user,,,cran,APCtools,438,0,0,1,16,0,407,,407,5,0,0,0.22175732217573219,0.0,3,0,"",1,0,1,0,0,0,push:407d release:407d commits:0 active_maint:0 closed:1 merged:0,https://science.ecosyste.ms/projects/1528
1046,DIRECT,https://github.com/nki-ai/direct,dormant,98.0,7.601901959875166,0,Scientific Software,Peer-reviewed,Python,NKI-AI,NKI AI for Oncology Lab,organization,,https://aiforoncology.nl,,,0,,,,304,0,,,40,7,4,2,0.27347611202635913,0.5,0,0,"",3,6,3,3,0,0,push:40d commits:4 active_maint:0 closed:6 merged:3,https://science.ecosyste.ms/projects/1502
1047,Pycrostates,https://github.com/vferat/pycrostates,dormant,93.0,12.597814012418528,0,Scientific Software,Peer-reviewed,Python,vferat,Victor Férat,user,Functional Brain Mapping Laboratory - UNIGE, https://vferat.github.io/about.html,"conda,pypi",pycrostates,425,0,0,2,51,0,727,,10,11,71,4,0.506472491909385,0.5633802816901409,2,1,vferat,1,39,0,35,0,0,push:10d release:727d commits:3 active_maint:1 closed:35 merged:35,https://science.ecosyste.ms/projects/1372
1048,IonDiff,https://github.com/ionrepo/iondiff,dormant,95.0,10.590214165293151,0,Scientific Software,Peer-reviewed,Python,IonRepo,,user,,,pypi,"iondiff,cibran",206,0,0,1,17,0,742,,223,12,7,1,0.20304568527918787,0.0,2,0,"",0,1,0,0,0,0,push:223d release:742d commits:7 active_maint:0 closed:1 merged:0,https://science.ecosyste.ms/projects/566
1051,AltamISA,https://github.com/bihealth/altamisa,dormant,93.0,12.558418231307677,0,Scientific Software,Peer-reviewed,Python,bihealth,Berlin Institute of Health,organization,,https://www.cubi.bihealth.org/,pypi,altamisa,1009,5,0,2,6,0,640,,262,9,4,3,0.6291390728476821,0.5,3,2,"sellth,tedil",0,11,0,3,0,0,push:262d release:640d commits:4 active_maint:2 closed:5 merged:3,https://science.ecosyste.ms/projects/2478
1055,BlackBIRDS,https://github.com/arnauqb/blackbirds,dormant,98.0,7.534762657037538,0,Scientific Software,Peer-reviewed,Python,arnauqb,Arnau Quera-Bofarull,user,,arnau.ai,pypi,blackbirds,23,0,0,1,22,0,1109,,626,3,0,0,0.19999999999999996,0.0,3,0,"",1,2,1,2,0,0,push:626d release:1109d commits:0 active_maint:0 closed:3 merged:2,https://science.ecosyste.ms/projects/980
1057,pymcmcstat,https://github.com/prmiles/pymcmcstat,dormant,95.0,10.523822075506256,0,Scientific Software,Peer-reviewed,Jupyter Notebook,prmiles,Paul Miles,user,,,pypi,pymcmcstat,159,1,0,1,74,0,2105,,153,3,0,0,0.011415525114155223,0.0,1,1,prmiles,1,0,0,0,0,0,push:153d release:2105d commits:0 active_maint:1 closed:0 merged:0,https://science.ecosyste.ms/projects/2554
1061,Multi-view-AE,https://github.com/alawryaguila/multi-view-ae,dead,100.0,5.497168225293202,0,Scientific Software,Peer-reviewed,Python,alawryaguila,,user,,,,,0,,,,57,0,,,728,4,0,0,0.02259887005649719,0.0,3,0,"",0,1,0,0,0,0,push:728d commits:0 active_maint:0 closed:0 merged:0,https://science.ecosyste.ms/projects/1132
1062,alignparse,https://github.com/jbloomlab/alignparse,dormant,95.0,10.479201636203978,0,Scientific Software,Peer-reviewed,Jupyter Notebook,jbloomlab,jbloomlab,organization,,http://research.fhcrc.org/bloom/en.html,pypi,alignparse,230,3,0,1,17,0,481,,279,8,1,1,0.459731543624161,0.0,3,1,jbloom,2,4,1,3,0,0,push:279d release:481d commits:1 active_maint:1 closed:5 merged:3,https://science.ecosyste.ms/projects/2360
1064,FlowSieve,https://github.com/husseinaluie/flowsieve,dead,100.0,5.472270673671475,0,Scientific Software,Peer-reviewed,C++,husseinaluie,Hussein Aluie,user,,http://www.complexflowgroup.com/,,,0,,,,27,0,,,188,7,0,0,0.48711943793911006,0.0,2,0,"",4,1,0,0,0,0,push:188d commits:0 active_maint:0 closed:0 merged:0,https://science.ecosyste.ms/projects/1185
1065,Virtual Scanner,https://github.com/imr-framework/virtual-scanner,dead,95.0,10.45880841618867,0,Scientific Software,Peer-reviewed,Jupyter Notebook,imr-framework,iMR Framework,user,,,pypi,virtual-scanner,38,1,1,1,75,0,1441,,1074,10,0,0,0.5857461024498887,0.0,7,0,"",1,0,0,0,0,0,push:1074d release:1441d commits:0 active_maint:0 closed:0 merged:0,https://science.ecosyste.ms/projects/2381
1069,PyTASER,https://github.com/wmd-group/pytaser,dormant,100.0,5.4116460518550396,0,Scientific Software,Peer-reviewed,Python,WMD-group,Materials Design Group,organization,,https://wmd-group.github.io,,,0,,,,33,0,,,221,7,3,1,0.5073068893528183,0.0,6,0,"",1,1,1,1,0,0,push:221d commits:3 active_maint:0 closed:2 merged:1,https://science.ecosyste.ms/projects/831
1072,workloopR,https://github.com/ropensci/workloopr,dormant,98.0,7.384610383176975,0,Scientific Software,Peer-reviewed,R,ropensci,rOpenSci,organization,,https://ropensci.org/,cran,workloopR,178,0,0,1,3,0,1911,,743,3,0,0,0.3076923076923077,0.0,2,0,"",0,1,0,1,0,0,push:743d release:1911d commits:0 active_maint:0 closed:1 merged:1,https://science.ecosyste.ms/projects/2401
1075,Distant Viewing Toolkit,https://github.com/distant-viewing/dvt,dormant,95.0,10.361228805209663,0,Scientific Software,Peer-reviewed,Jupyter Notebook,distant-viewing,Distant Viewing Lab,organization,,https://distantviewing.org,pypi,dvt,143,1,0,1,114,0,728,,13,2,1,1,0.03125,0.0,1,0,"",0,0,0,0,0,0,push:13d release:728d commits:1 active_maint:0 closed:0 merged:0,https://science.ecosyste.ms/projects/2330
1076,PySwarming,https://github.com/mrsonandrade/pyswarming,dormant,98.0,7.352441100243583,0,Scientific Software,Peer-reviewed,Python,mrsonandrade,Emerson de Andrade,user,COPPE/UFRJ,https://scholar.google.com/citations?user=tMI6q0kAAAAJ,pypi,pyswarming,24,1,0,1,28,0,1009,,749,2,1,1,0.03389830508474578,0.0,0,0,"",1,0,0,0,0,0,push:749d release:1009d commits:1 active_maint:0 closed:0 merged:0,https://science.ecosyste.ms/projects/983
1077,UltraDark.jl,https://github.com/musoke/ultradark.jl,dormant,100.0,5.3471075307174685,0,Scientific Software,Peer-reviewed,Julia,musoke,Nathan Musoke,user,UNH,nathan.musoke.ca,julia,UltraDark,0,0,0,0,18,0,835,,42,6,1,1,0.1123188405797102,0.0,1,1,musoke,0,2,0,0,0,0,push:42d release:835d commits:0 active_maint:1 closed:0 merged:0,https://science.ecosyste.ms/projects/739
1078,madupite,https://github.com/madupite/madupite,dormant,100.0,5.337538079701318,0,Scientific Software,Peer-reviewed,C++,madupite,madupite,organization,,,,,0,,,,27,0,,,479,8,0,0,0.4314115308151093,0.0,1,0,"",0,8,0,8,0,0,push:479d commits:0 active_maint:0 closed:8 merged:8,https://science.ecosyste.ms/projects/231
1082,TensorInference,https://github.com/tensorbfs/tensorinference.jl,dormant,98.0,7.305188215393037,0,Scientific Software,Peer-reviewed,Julia,TensorBFS,TensorBFS,organization,,,julia,TensorInference,0,0,0,0,25,0,394,,324,4,3,1,0.46634615384615385,0.0,2,1,GiggleLiu,2,10,1,5,0,0,push:324d release:394d commits:3 active_maint:1 closed:8 merged:5,https://science.ecosyste.ms/projects/973
1084,RCaller,https://github.com/jbytecode/rcaller,dormant,93.0,12.288942123352468,0,Scientific Software,Peer-reviewed,Java,jbytecode,Mehmet Hakan Satman,user,Istanbul University,,maven,com.github.jbytecode:RCaller,0,59,3,0,79,0,1798,,382,28,0,0,0.4568181818181818,0.0,3,0,"",1,2,0,2,0,0,push:382d release:1798d commits:0 active_maint:0 closed:2 merged:2,https://science.ecosyste.ms/projects/2058
1085,MicrobiomeR,https://github.com/vallenderlab/microbiomer,dormant,100.0,5.272999558563747,0,Scientific Software,Peer-reviewed,R,vallenderlab,Vallender Lab,organization,,https://vallenderlab.org,,,0,,,,24,0,,,48,5,1,1,0.34201183431952664,0.0,1,0,"",0,1,0,0,0,0,push:48d commits:1 active_maint:0 closed:0 merged:0,https://science.ecosyste.ms/projects/2614
1087,pySYD,https://github.com/ashleychontos/pysyd,dormant,95.0,10.259762416453519,0,Scientific Software,Peer-reviewed,Python,ashleychontos,Ashley Chontos,user,Princeton University,ashleyin.space,pypi,pysyd,100,1,0,1,32,0,1225,,38,8,0,0,0.05993150684931503,0.0,1,1,ashleychontos,0,3,0,3,0,0,push:38d release:1225d commits:0 active_maint:1 closed:3 merged:3,https://science.ecosyste.ms/projects/1345
1089,CMakePPLang,https://github.com/cmakepp/cmakepplang,dormant,100.0,5.2574953720277815,0,Scientific Software,Peer-reviewed,CMake,CMakePP,CMakePP,organization,,https://cmakepp.github.io/,,,0,,,,14,0,,,407,6,0,0,0.6511627906976745,0.0,0,0,"",2,1,0,1,0,0,push:407d commits:0 active_maint:0 closed:1 merged:1,https://science.ecosyste.ms/projects/1001
1093,policytree,https://github.com/grf-labs/policytree,dormant,93.0,12.2456058098655,0,Scientific Software,Peer-reviewed,R,grf-labs,GRF Labs,organization,,https://grf-labs.github.io/grf/,"cran,conda","policytree,r-policytree",672,2,1,1,87,0,777,,162,3,4,1,0.046242774566473965,0.0,2,0,"",1,0,0,0,0,0,push:162d release:777d commits:4 active_maint:0 closed:0 merged:0,https://science.ecosyste.ms/projects/2215
1096,GeneScape,https://github.com/ialbert/genescape-central,dormant,98.0,7.238496840894365,0,Scientific Software,Peer-reviewed,Python,ialbert,Istvan Albert,user,,https://www.ialbert.me,pypi,genescape,28,0,0,1,20,0,708,,205,2,0,0,0.006172839506172867,0.0,0,0,"",2,0,1,0,0,0,push:205d release:708d commits:0 active_maint:0 closed:1 merged:0,https://science.ecosyste.ms/projects/659
1097,RSMTool,https://github.com/educationaltestingservice/rsmtool,dormant,93.0,12.227256671197303,0,Scientific Software,Peer-reviewed,Python,EducationalTestingService,ETS,organization,,https://www.ets.org,pypi,rsmtool,92,1,0,4,71,0,871,,580,18,0,0,0.4764331210191083,0.0,2,0,"",1,4,0,3,0,0,push:580d release:871d commits:0 active_maint:0 closed:3 merged:3,https://science.ecosyste.ms/projects/3117
1099,RidePy,https://github.com/physicsofmobility/ridepy,dormant,95.0,10.22375781458106,0,Scientific Software,Peer-reviewed,Python,PhysicsOfMobility,Physics of Mobility,organization,,,pypi,ridepy,94,0,0,1,10,0,709,,41,5,1,1,0.2145922746781116,0.0,6,1,fxjung,0,1,0,1,0,0,push:41d release:709d commits:1 active_maint:1 closed:1 merged:1,https://science.ecosyste.ms/projects/715
1100,BiRank,https://github.com/brianaronson/birankr,dead,95.0,10.216398679033684,0,Scientific Software,Peer-reviewed,R,BrianAronson,Brian Aronson,user,The Adecco Group,,pypi,birankpy,104,1,0,1,41,0,1723,,1723,6,0,0,0.44025157232704404,0.0,1,0,"",1,1,0,0,0,0,push:1723d release:1723d commits:0 active_maint:0 closed:0 merged:0,https://science.ecosyste.ms/projects/2196
1104,Noisyopt,https://github.com/andim/noisyopt,dormant,93.0,12.186604362334775,0,Scientific Software,Peer-reviewed,Python,andim,Andreas Tiffeau-Mayer,user,University College London,https://andim.github.io/,pypi,noisyopt,999,25,6,1,88,0,3363,,289,2,4,1,0.00694444444444442,0.0,1,0,"",2,0,1,0,0,0,push:289d release:3363d commits:4 active_maint:0 closed:1 merged:0,https://science.ecosyste.ms/projects/3026
1106,TX$^2$,https://github.com/ornl/tx2,dead,98.0,7.1785454837637,0,Scientific Software,Peer-reviewed,Python,ORNL,Oak Ridge National Laboratory,organization,,http://software.ornl.gov,pypi,tx2,16,1,0,2,20,0,644,,644,3,0,0,0.1517857142857143,0.0,2,0,"",1,0,0,0,0,0,push:644d release:644d commits:0 active_maint:0 closed:0 merged:0,https://science.ecosyste.ms/projects/1652
1107,NLSE,https://github.com/quantum-optics-lkb/nlse,dormant,100.0,5.170483995038152,0,Scientific Software,Peer-reviewed,Jupyter Notebook,Quantum-Optics-LKB,Quantum Optics and Quantum Fluids team - LKB,organization,,www.quantumoptics.fr,,,0,,,,27,0,,,168,9,5,2,0.10481586402266285,0.4,2,0,"",0,2,0,1,0,0,push:168d commits:5 active_maint:0 closed:1 merged:1,https://science.ecosyste.ms/projects/581
1112,itmlogic,https://github.com/edwardoughton/itmlogic,dead,95.0,10.145649109686099,0,Scientific Software,Peer-reviewed,Python,edwardoughton,Edward Oughton,user,"George Mason University, VA",https://science.gmu.edu/directory/edward-oughton,"pypi,conda",itmlogic,88,1,0,2,73,0,500,,442,4,0,0,0.1527777777777778,0.0,2,0,"",0,2,0,0,0,0,push:442d release:500d commits:0 active_maint:0 closed:0 merged:0,https://science.ecosyste.ms/projects/2201
1115,RayFlare,https://github.com/qpv-research-group/rayflare,dormant,95.0,10.120210536047415,0,Scientific Software,Peer-reviewed,Python,qpv-research-group,Quantum Photovoltaics Research Group,organization,,https://www.qpvgroup.org,"go,pypi","github.com/qpv-research-group/rayflare,rayflare",90,1,0,1,48,0,672,,406,5,0,0,0.11566265060240966,0.0,1,0,"",1,1,0,1,0,0,push:406d release:672d commits:0 active_maint:0 closed:1 merged:1,https://science.ecosyste.ms/projects/1754
1120,WearableHRV,https://github.com/aminsinichi/wearable-hrv,dormant,98.0,7.090076835776092,0,Scientific Software,Peer-reviewed,Python,Aminsinichi,Amin Sinichi,user,Vrije Universiteit Amsterdam,,pypi,wearablehrv,39,0,0,1,14,0,651,,651,2,0,0,0.008064516129032251,0.0,1,0,"",0,1,0,1,0,0,push:651d release:651d commits:0 active_maint:0 closed:1 merged:1,https://science.ecosyste.ms/projects/523
1128,PyDGN,https://github.com/diningphil/pydgn,dormant,98.0,7.016609683894219,0,Scientific Software,Peer-reviewed,Python,diningphil,Federico Errica,user,NEC Laboratories Europe GmbH,https://diningphil.github.io/,,,0,,,,222,0,,,226,5,2,1,0.10582010582010581,0.0,1,1,diningphil,0,2,0,2,0,0,push:226d commits:2 active_maint:1 closed:2 merged:2,https://science.ecosyste.ms/projects/977
1129,A MATLAB-based Instrument Control (MIC) package for fluorescence imaging,https://github.com/lidkelab/matlab-instrument-control,dormant,100.0,5.0106352940962555,0,Scientific Software,Peer-reviewed,MATLAB,LidkeLab,LidkeLab,organization,,,,,0,,,,9,0,,,21,15,6,1,0.51007326007326,0.0,4,1,kalidke,0,4,0,2,0,0,push:21d commits:6 active_maint:1 closed:2 merged:2,https://science.ecosyste.ms/projects/305
1130,parafields,https://github.com/parafields/parafields,dormant,95.0,10.010007395913801,0,Scientific Software,Peer-reviewed,Python,parafields,parafields,organization,,,pypi,parafields,307,0,0,2,6,0,955,,17,6,0,0,0.4229074889867841,0.0,1,0,"",0,5,0,0,0,0,push:17d release:955d commits:0 active_maint:0 closed:2 merged:0,https://science.ecosyste.ms/projects/890
1135,LEGWORK,https://github.com/teamlegwork/legwork,dormant,95.0,9.961520583786736,0,Scientific Software,Peer-reviewed,Python,TeamLEGWORK,LEGWORK,organization,,https://legwork.readthedocs.io/en/latest/,pypi,legwork,151,4,0,2,45,0,423,,21,3,0,0,0.32980132450331123,0.0,2,1,TomWagg,4,2,1,0,0,0,push:21d release:423d commits:0 active_maint:1 closed:1 merged:0,https://science.ecosyste.ms/projects/1618
1136,FAT Forensics,https://github.com/fat-forensics/fat-forensics,dead,95.0,9.927985024136515,0,Scientific Software,Peer-reviewed,Python,fat-forensics,FAT Forensics,organization,,,pypi,fat-forensics,56,4,0,1,79,0,1425,,108,4,0,0,0.3555555555555555,0.0,2,0,"",0,1,0,0,0,0,push:108d release:1425d commits:0 active_maint:0 closed:0 merged:0,https://science.ecosyste.ms/projects/2240
1139,QAOA.jl,https://github.com/fzj-pgi-12/qaoa.jl,dormant,100.0,4.90527477843843,0,Scientific Software,Peer-reviewed,Julia,FZJ-PGI-12,FZJ-PGI-12,organization,,https://www.fz-juelich.de/en/pgi/pgi-12,"go,julia","github.com/FZJ-PGI-12/QAOA.jl,QAOA,github.com/fzj-pgi-12/qaoa.jl",0,0,0,0,15,0,595,,123,9,2,1,0.3027522935779816,0.0,1,0,"",0,0,0,0,0,0,push:123d release:595d commits:2 active_maint:0 closed:0 merged:0,https://science.ecosyste.ms/projects/1082
1142,flux-data-qaqc,https://github.com/open-et/flux-data-qaqc,dormant,95.0,9.893437216682628,0,Scientific Software,Peer-reviewed,Python,Open-ET,Open ET,organization,,https://etdata.org/,"go,pypi","github.com/Open-ET/flux-data-qaqc,fluxdataqaqc,github.com/open-et/flux-data-qaqc",98,1,0,1,37,0,598,,7,6,4,1,0.15207373271889402,0.0,0,0,"",1,0,0,0,0,0,push:7d release:598d commits:4 active_maint:0 closed:0 merged:0,https://science.ecosyste.ms/projects/1722
1144,SeqMetrics,https://github.com/atrcheema/seqmetrics,dormant,95.0,9.889490042892275,0,Scientific Software,Peer-reviewed,Python,AtrCheema,Ather Abbas,user,"Environmental Modeling and Monitoring Lab, UNIST",,pypi,seqmetrics,171,1,0,1,18,0,734,,143,6,2,1,0.2802197802197802,0.0,1,0,"",1,0,0,0,0,0,push:143d release:734d commits:2 active_maint:0 closed:0 merged:0,https://science.ecosyste.ms/projects/564
1146,Kepler Mapper,https://github.com/scikit-tda/kepler-mapper,dormant,95.0,9.882008520859005,0,Scientific Software,Peer-reviewed,Python,scikit-tda,Scikit-TDA,organization,,scikit-tda.org,,,0,,,,653,0,,,10,30,7,2,0.4676113360323887,0.2857142857142857,3,0,"",0,6,0,1,0,0,push:10d commits:2 active_maint:0 closed:2 merged:1,https://science.ecosyste.ms/projects/2423
1147,RcppCNPy,https://github.com/eddelbuettel/rcppcnpy,dormant,93.0,11.87673489780956,0,Scientific Software,Peer-reviewed,C++,eddelbuettel,Dirk Eddelbuettel,user,,https://dirk.eddelbuettel.com,cran,RcppCNPy,660,1,1,1,30,0,695,,139,5,5,1,0.07999999999999996,0.0,1,0,"",0,0,0,0,0,0,push:139d release:695d commits:5 active_maint:0 closed:0 merged:0,https://science.ecosyste.ms/projects/3105
1151,Hasasia,https://github.com/hazboun6/hasasia,dormant,95.0,9.853877051982794,0,Scientific Software,Peer-reviewed,Python,Hazboun6,Jeff Hazboun,user,,,"pypi,conda",hasasia,179,1,2,1,17,0,1777,,132,4,10,2,0.2785714285714286,0.30000000000000004,2,1,GourlieK,2,3,0,0,0,0,push:132d release:1777d commits:10 active_maint:1 closed:0 merged:0,https://science.ecosyste.ms/projects/2417
1152,EUKulele,https://github.com/alexanderlabwhoi/eukulele,dead,95.0,9.852194258148577,0,Scientific Software,Peer-reviewed,Python,AlexanderLabWHOI,Alexander Lab @ WHOI,organization,,AlexanderLabWHOI.github.io,pypi,eukulele,36,1,0,1,33,0,447,,447,10,0,0,0.18313953488372092,0.0,4,0,"",2,0,0,0,0,0,push:447d release:447d commits:0 active_maint:0 closed:0 merged:0,https://science.ecosyste.ms/projects/2007
1158,QDistRnd,https://github.com/qec-pages/qdistrnd,dormant,100.0,4.828313737302301,0,Scientific Software,Peer-reviewed,GAP,QEC-pages,QEC-pages,organization,,,,,0,,,,29,0,,,563,5,0,0,0.3377483443708609,0.0,2,1,Renyu-Wang,4,6,2,3,0,0,push:563d commits:0 active_maint:1 closed:5 merged:3,https://science.ecosyste.ms/projects/1564
1159,APECSS,https://github.com/polycfd/apecss,dormant,100.0,4.828313737302301,0,Scientific Software,Peer-reviewed,C,polycfd,,user,,,,,0,,,,28,0,,,266,5,3,1,0.5322033898305085,0.0,2,0,"",1,2,1,2,0,0,push:266d commits:3 active_maint:0 closed:3 merged:2,https://science.ecosyste.ms/projects/1101
1162,tidylda,https://github.com/tommyjones/tidylda,dormant,93.0,11.803682803938937,0,Scientific Software,Peer-reviewed,R,TommyJones,Tommy Jones,user,,http://www.jonesingfordata.com,cran,tidylda,642,0,0,1,42,0,829,,143,5,6,1,0.022177419354838745,0.0,1,0,"",0,0,0,0,0,0,push:143d release:829d commits:6 active_maint:0 closed:0 merged:0,https://science.ecosyste.ms/projects/575
1163,PyroRL,https://github.com/sisl/pyrorl,dormant,98.0,6.802394763324311,0,Scientific Software,Peer-reviewed,Python,sisl,Stanford Intelligent Systems Laboratory,organization,,sisl.stanford.edu,pypi,pyrorl,14,0,0,1,18,0,842,,484,3,0,0,0.27692307692307694,0.0,3,0,"",2,6,1,6,0,0,push:484d release:842d commits:0 active_maint:0 closed:7 merged:6,https://science.ecosyste.ms/projects/491
1164,popsynth,https://github.com/grburgess/popsynth,dead,95.0,9.793672686528922,0,Scientific Software,Peer-reviewed,Python,grburgess,J. Michael Burgess,user,Max-Planck-Institut für extraterrestrische Physik,jmichaelburgess.com,pypi,popsynth,254,1,0,1,14,0,1508,,967,5,0,0,0.09554140127388533,0.0,1,0,"",0,1,0,0,0,0,push:967d release:1508d commits:0 active_maint:0 closed:0 merged:0,https://science.ecosyste.ms/projects/1831
1166,ObsPlus,https://github.com/niosh-mining/obsplus,dormant,93.0,11.772208062900312,0,Scientific Software,Peer-reviewed,Python,niosh-mining,NIOSH Mining Program,organization,,https://www.cdc.gov/niosh/mining,"pypi,conda","obsplus,mopy",280,5,1,1,42,0,415,,49,9,8,3,0.2510460251046025,0.5,5,3,"d-chambers,calum-chamberlain,shawnboltz",3,11,3,8,0,0,push:49d release:415d commits:8 active_maint:3 closed:13 merged:8,https://science.ecosyste.ms/projects/1920
1173,hillmaker,https://github.com/misken/hillmaker,dead,100.0,4.736198448394495,0,Scientific Software,Peer-reviewed,Python,misken,Mark Isken,user,Oakland University,http://www.sba.oakland.edu/faculty/isken/,,,0,,,,6,0,,,380,6,0,0,0.24896265560165975,0.0,1,0,"",1,0,0,0,0,0,push:380d commits:0 active_maint:0 closed:0 merged:0,https://science.ecosyste.ms/projects/846
1174,NEMSEER,https://github.com/unsw-ceem/nemseer,dead,100.0,4.736198448394496,0,Scientific Software,Peer-reviewed,Python,UNSW-CEEM,Collaboration on Energy and Environmental Markets (CEEM),organization,,http://ceem.unsw.edu.au/,,,0,,,,35,0,,,17,3,0,0,0.03423423423423422,0.0,2,0,"",0,1,0,0,0,0,push:17d commits:0 active_maint:0 closed:0 merged:0,https://science.ecosyste.ms/projects/902
1176,autoplotly,https://github.com/terrytangyuan/autoplotly,dormant,93.0,11.725533714369055,0,Scientific Software,Peer-reviewed,R,terrytangyuan,Yuan Tang,user,Red Hat,https://terrytangyuan.github.io/about/,"go,cran,conda","github.com/terrytangyuan/autoplotly,autoplotly,r-autoplotly",534,3,0,1,93,0,1929,,1119,3,8,1,0.12857142857142856,0.0,1,0,"",0,4,0,4,0,0,push:1119d release:1929d commits:8 active_maint:0 closed:4 merged:4,https://science.ecosyste.ms/projects/2868
1178,weatherOz,https://github.com/ropensci/weatheroz,dormant,93.0,11.717179731763732,0,Scientific Software,Peer-reviewed,R,ropensci,rOpenSci,organization,,https://ropensci.org/,cran,weatherOz,412,0,0,1,37,0,470,,112,9,9,2,0.1163120567375886,0.11111111111111116,4,2,"bozaah,adamhsparks",3,4,1,2,0,0,pkg:removed push:112d release:470d commits:9 active_maint:2 closed:3 merged:2,https://science.ecosyste.ms/projects/655
1180,ivadomed,https://github.com/ivadomed/ivadomed,dead,95.0,9.697385467076769,0,Scientific Software,Peer-reviewed,Python,ivadomed,ivadomed,organization,,https://ivadomed.org,,,0,,,,163,0,,,441,35,0,0,0.5114333519241494,0.0,10,0,"",2,0,0,0,0,0,push:441d commits:0 active_maint:0 closed:0 merged:0,https://science.ecosyste.ms/projects/1982
1182,GoFish,https://github.com/richteague/gofish,dormant,95.0,9.69609431131315,0,Scientific Software,Peer-reviewed,Python,richteague,Rich Teague,user,Massachusetts Institute of Technology,https://richteague.github.io,pypi,gofish,125,3,0,1,14,0,539,,539,8,4,2,0.5240384615384616,0.25,1,0,"",0,2,0,1,0,0,push:539d release:539d commits:4 active_maint:0 closed:1 merged:1,https://science.ecosyste.ms/projects/2454
1184,pygamma-agreement,https://github.com/bootphon/pygamma-agreement,dead,93.0,11.683756255048685,0,Scientific Software,Peer-reviewed,Jupyter Notebook,bootphon,CoML,organization,,https://cognitive-ml.fr,pypi,pygamma-agreement,264,2,1,2,46,0,878,,878,9,0,0,0.4684466019417476,0.0,2,0,"",1,0,0,0,0,0,push:878d release:878d commits:0 active_maint:0 closed:0 merged:0,https://science.ecosyste.ms/projects/1859
1189,City2BA,https://github.com/tkonolige/city2ba,dead,93.0,11.664083098671798,0,Scientific Software,Peer-reviewed,Rust,tkonolige,Tristan Konolige,user,OctoML,,cargo,city2ba,0,0,0,1,21,0,2344,,1296,2,0,0,0.012048192771084376,0.0,0,0,"",0,1,0,0,0,0,push:1296d release:2344d commits:0 active_maint:0 closed:0 merged:0,https://science.ecosyste.ms/projects/1279
1190,Spiral,https://github.com/casics/spiral,dead,100.0,4.663439094112067,0,Scientific Software,Peer-reviewed,Python,casics,CASICS,organization,,https://casics.github.io/overview,,,0,,,,48,1,,,1295,2,0,0,0.002096436058700246,0.0,1,0,"",0,0,0,0,0,0,archived push:1295d commits:0 active_maint:0 closed:0 merged:0,https://science.ecosyste.ms/projects/2876
1194,shmem4py,https://github.com/mpi4py/shmem4py,dormant,100.0,4.6443908991413725,0,Scientific Software,Peer-reviewed,Python,mpi4py,MPI for Python,organization,,,,,0,,,,27,0,,,38,4,24,3,0.4567307692307693,0.33333333333333337,2,1,dalcinl,0,21,0,14,0,0,push:38d commits:8 active_maint:1 closed:20 merged:14,https://science.ecosyste.ms/projects/1059
1196,shar,https://github.com/r-spatialecology/shar,dormant,93.0,11.643664211786827,0,Scientific Software,Peer-reviewed,R,r-spatialecology,r-spatialecology,organization,,,cran,shar,602,0,0,1,22,0,566,,532,9,0,0,0.0816,0.0,1,0,"",0,3,0,3,0,0,push:532d release:566d commits:0 active_maint:0 closed:3 merged:3,https://science.ecosyste.ms/projects/1672
1198,ipc,https://github.com/fellstat/ipc,dead,93.0,11.639699075131372,0,Scientific Software,Peer-reviewed,R,fellstat,Fellows Statistics,organization,,http://www.fellstat.com,cran,ipc,457,5,1,1,54,0,1281,,1266,4,0,0,0.3382352941176471,0.0,1,0,"",3,0,0,0,0,0,push:1266d release:1281d commits:0 active_maint:0 closed:0 merged:0,https://science.ecosyste.ms/projects/2727
1204,CutePeaks,https://github.com/labsquare/cutepeaks,dormant,98.0,6.606650186198216,0,Scientific Software,Peer-reviewed,C++,labsquare,Labsquare,organization,,http://www.labsquare.org,,,0,,,,48,0,,,86,10,1,1,0.16408668730650156,0.0,5,0,"",0,2,0,2,0,0,push:86d commits:1 active_maint:0 closed:2 merged:2,https://science.ecosyste.ms/projects/1809
1205,primerForge,https://github.com/dr-joe-wirth/primerforge,dormant,100.0,4.605170185988091,0,Scientific Software,Peer-reviewed,Python,dr-joe-wirth,Joe Wirth,user,,,,,0,,,,20,0,,,188,4,0,0,0.04112149532710285,0.0,2,0,"",4,1,0,1,0,0,push:188d commits:0 active_maint:0 closed:1 merged:1,https://science.ecosyste.ms/projects/495
1207,Powering single-cell analyses in the browser with WebAssembly,https://github.com/kanaverse/kana,dormant,98.0,6.590301048196686,0,Scientific Software,Peer-reviewed,JavaScript,kanaverse,kanaverse,organization,,,,,0,,,,156,0,,,126,4,1,1,0.2948717948717948,0.0,2,2,"jkanche,LTLA",4,5,0,4,0,0,push:126d commits:1 active_maint:2 closed:4 merged:4,https://science.ecosyste.ms/projects/1018
1208,delfies,https://github.com/bricoletc/delfies,dormant,98.0,6.579251212010101,0,Scientific Software,Peer-reviewed,Python,bricoletc,Brice Letcher,user,EMBL-EBI,,pypi,delfies,71,0,0,1,4,0,421,,220,2,10,1,0.006451612903225823,0.0,1,0,"",1,0,0,0,0,0,push:220d release:421d commits:10 active_maint:0 closed:0 merged:0,https://science.ecosyste.ms/projects/322
1209,CoPro,https://github.com/jannishoch/copro,dormant,98.0,6.579251212010101,0,Scientific Software,Peer-reviewed,Jupyter Notebook,JannisHoch,Jannis Hoch,user,,,pypi,copro,14,0,0,1,9,0,1233,,20,3,7,1,0.02070063694267521,0.0,2,0,"",0,5,0,1,0,0,push:20d release:1233d commits:0 active_maint:0 closed:1 merged:1,https://science.ecosyste.ms/projects/1977
1210,PupillometryR,https://github.com/samhforbes/pupillometryr,dormant,93.0,11.57770145790914,0,Scientific Software,Peer-reviewed,R,samhforbes,Sam Forbes,user,,samforbes.me,cran,PupillometryR,517,3,2,1,48,0,1049,,227,4,4,1,0.03472222222222221,0.0,0,0,"",1,3,0,1,0,0,push:227d release:1049d commits:4 active_maint:0 closed:1 merged:1,https://science.ecosyste.ms/projects/2218
1212,PyBADS,https://github.com/acerbilab/pybads,dormant,93.0,11.573531263080087,0,Scientific Software,Peer-reviewed,Python,acerbilab,acerbilab,organization,,www.helsinki.fi/machine-and-human-intelligence,pypi,pybads,464,0,0,2,89,0,761,,287,3,2,1,0.15000000000000002,0.0,2,0,"",0,2,0,2,0,0,push:287d release:761d commits:2 active_maint:0 closed:2 merged:2,https://science.ecosyste.ms/projects/809
1214,GridFormat,https://github.com/dglaeser/gridformat,dormant,100.0,4.564348191467836,0,Scientific Software,Peer-reviewed,C++,dglaeser,Dennis Gläser,user,,,,,0,,,,23,0,,,182,2,3,1,0.03275862068965518,0.0,2,2,"dglaeser,timokoch",6,60,4,42,0,0,push:182d commits:3 active_maint:2 closed:58 merged:42,https://science.ecosyste.ms/projects/951
1217,GATree,https://github.com/lahovniktadej/gatree,dormant,98.0,6.541029999189903,0,Scientific Software,Peer-reviewed,Python,lahovniktadej,Tadej Lahovnik,user,UM FERI,,pypi,gatree,20,0,0,1,11,0,626,,409,3,0,0,0.08280254777070062,0.0,2,0,"",2,4,2,4,0,0,push:409d release:626d commits:0 active_maint:0 closed:6 merged:4,https://science.ecosyste.ms/projects/545
1221,DiffCapAnalyzer,https://github.com/nicolet5/diffcapanalyzer,dead,95.0,9.515764125904122,0,Scientific Software,Peer-reviewed,Python,,,,,,pypi,diffcapanalyzer,27,1,0,1,51,0,2248,,867,9,0,0,0.5901287553648069,0.0,0,0,"",1,0,0,0,0,0,push:867d release:2248d commits:0 active_maint:0 closed:0 merged:0,https://science.ecosyste.ms/projects/2090
1222,abspy,https://github.com/chenzhaiyu/abspy,dormant,93.0,11.501055292399741,0,Scientific Software,Peer-reviewed,Python,chenzhaiyu,Zhaiyu Chen,user,Technical University of Munich,chenzhaiyu.com,pypi,abspy,364,1,0,1,97,0,419,,87,2,1,1,0.0071428571428571175,0.0,1,0,"",12,0,7,0,0,0,push:87d release:419d commits:1 active_maint:0 closed:7 merged:0,https://science.ecosyste.ms/projects/128
1224,Ethical Smart Grid,https://github.com/ethicsai/ethical-smart-grid,dormant,100.0,4.499809670330265,0,Scientific Software,Peer-reviewed,Python,ethicsai,ETHICS.ai,organization,,,pypi,ethical-smart-grid,14,0,0,1,3,0,742,,741,3,0,0,0.23404255319148937,0.0,0,0,"",0,2,0,2,0,0,push:741d release:742d commits:0 active_maint:0 closed:2 merged:2,https://science.ecosyste.ms/projects/1025
1225,PyNM,https://github.com/ppsp-team/pynm,dormant,95.0,9.490242257109001,0,Scientific Software,Peer-reviewed,Jupyter Notebook,ppsp-team,PPSP,organization,,www.ppsp.team,pypi,pynm,46,1,0,2,53,0,1334,,245,7,2,2,0.23364485981308414,0.5,1,1,harveyaa,0,1,0,1,0,0,push:245d release:1334d commits:2 active_maint:1 closed:1 merged:1,https://science.ecosyste.ms/projects/1310
1228,ExpFamilyPCA.jl,https://github.com/sisl/expfamilypca.jl,dormant,100.0,4.477336814478207,0,Scientific Software,Peer-reviewed,Julia,sisl,Stanford Intelligent Systems Laboratory,organization,,sisl.stanford.edu,julia,ExpFamilyPCA,0,0,0,0,10,0,575,,143,6,11,3,0.07086614173228345,0.2727272727272727,1,0,"",0,3,0,1,0,0,push:143d release:575d commits:9 active_maint:0 closed:1 merged:1,https://science.ecosyste.ms/projects/321
1231,ExoTETHyS,https://github.com/ucl-exoplanets/exotethys,dormant,95.0,9.466531777336593,0,Scientific Software,Peer-reviewed,Python,ucl-exoplanets,ucl-exoplanets,organization,,,pypi,exotethys,167,1,1,1,18,0,633,,633,4,0,0,0.012121212121212088,0.0,0,0,"",1,0,1,0,0,0,push:633d release:633d commits:0 active_maint:0 closed:1 merged:0,https://science.ecosyste.ms/projects/2306
1234,Volume Segmantics,https://github.com/diamondlightsource/volume-segmantics,dead,98.0,6.4457198193855785,0,Scientific Software,Peer-reviewed,Python,DiamondLightSource,Diamond Light Source,organization,,https://www.diamond.ac.uk,pypi,"volume-segmantics,volume-segmantics-vsui",67,1,0,1,10,1,1168,,1020,1,0,0,0.0,0.0,2,0,"",0,0,0,0,0,0,archived push:1020d release:1168d commits:0 active_maint:0 closed:0 merged:0,https://science.ecosyste.ms/projects/1383
1242,splithalf,https://github.com/sdparsons/splithalf,dead,95.0,9.409191230721348,0,Scientific Software,Peer-reviewed,R,sdparsons,Sam Parsons,user,,https://sdparsons.github.io/,cran,splithalf,304,0,0,1,11,0,1449,,1449,2,0,0,0.0078125,0.0,1,0,"",2,0,0,0,0,0,push:1449d release:1449d commits:0 active_maint:0 closed:0 merged:0,https://science.ecosyste.ms/projects/1911
1245,simcardems,https://github.com/computationalphysiology/simcardems,dormant,95.0,9.393661429103222,0,Scientific Software,Peer-reviewed,Python,ComputationalPhysiology,Computational Physiology at Simula Research Laboratory,organization,,https://computationalphysiology.github.io,pypi,simcardems,40,1,0,1,15,0,1008,,10,11,67,3,0.4978021978021978,0.4328358208955224,1,0,"",0,40,0,34,0,0,push:10d release:1008d commits:1 active_maint:0 closed:34 merged:34,https://science.ecosyste.ms/projects/1282
1250,clustertools,https://github.com/webbjj/clustertools,dormant,95.0,9.347926034928745,0,Scientific Software,Peer-reviewed,Python,webbjj,,user,,,pypi,clustertools,71,3,0,1,16,0,1171,,27,9,6,1,0.14311594202898548,0.0,1,0,"",1,0,0,0,0,0,push:27d release:1171d commits:6 active_maint:0 closed:0 merged:0,https://science.ecosyste.ms/projects/1131
1252,robot_collision_checking,https://github.com/philip-long/robot_collision_checking,dormant,100.0,4.330733340286331,0,Scientific Software,Peer-reviewed,C++,philip-long,philip long,user,,,,,0,,,,24,0,,,548,4,0,0,0.5192307692307692,0.0,1,0,"",6,0,6,0,0,0,push:548d commits:0 active_maint:0 closed:6 merged:0,https://science.ecosyste.ms/projects/307
1254,rgugik,https://github.com/kadyb/rgugik,dormant,93.0,11.328521741971949,0,Scientific Software,Peer-reviewed,R,kadyb,Krzysztof Dyba,user,Adam Mickiewicz University,,cran,rgugik,395,0,0,1,34,0,513,,460,5,0,0,0.18890814558058922,0.0,2,0,"",9,1,8,1,0,0,push:460d release:513d commits:0 active_maint:0 closed:9 merged:1,https://science.ecosyste.ms/projects/1954
1255,WaveletsExt.jl,https://github.com/ucd4ids/waveletsext.jl,dormant,98.0,6.327936783729195,0,Scientific Software,Peer-reviewed,Julia,UCD4IDS,UC Davis TETRAPODS Institute of Data Science (UCD4IDS),organization,,https://ucd4ids.ucdavis.edu,julia,WaveletsExt,0,0,1,0,24,0,667,,226,4,11,1,0.19758064516129037,0.0,2,0,"",0,0,0,0,0,0,push:226d release:667d commits:11 active_maint:0 closed:0 merged:0,https://science.ecosyste.ms/projects/1627
1257,ropenblas,https://github.com/prdm0/ropenblas,dead,93.0,11.311127467675398,0,Scientific Software,Peer-reviewed,R,prdm0,Pedro Rafael,user,UFPB,https://prdm0.rbind.io,cran,ropenblas,513,0,0,1,51,0,397,,397,3,0,0,0.004987531172069848,0.0,1,0,"",1,0,0,0,0,0,push:397d release:397d commits:0 active_maint:0 closed:0 merged:0,https://science.ecosyste.ms/projects/1945
1259,Grama,https://github.com/zdelrosario/py_grama,dormant,95.0,9.305650551780507,0,Scientific Software,Peer-reviewed,Jupyter Notebook,zdelrosario,Zachary del Rosario,user,Olin College,www.zdelrosario.com,pypi,py-grama,17,2,0,1,19,0,959,,136,10,2,1,0.1403985507246377,0.0,3,1,zdelrosario,0,1,0,1,0,0,push:136d release:959d commits:2 active_maint:1 closed:1 merged:1,https://science.ecosyste.ms/projects/2181
1261,pykoop,https://github.com/decargroup/pykoop,dormant,95.0,9.292657414465396,0,,,Python,decargroup,DECAR,organization,,decar.ca,pypi,pykoop,57,2,0,2,107,0,672,,311,2,0,0,0.0015822784810126667,0.0,2,0,"",6,14,4,13,0,0,push:311d release:672d commits:0 active_maint:0 closed:17 merged:13,https://science.ecosyste.ms/projects/41118
1262,rsudp,https://github.com/raspishake/rsudp,dormant,93.0,11.287278783437902,0,Scientific Software,Peer-reviewed,Python,raspishake,raspishake,organization,,https://raspberryshake.org,pypi,rsudp,111,2,0,1,72,0,463,,461,10,0,0,0.05423728813559325,0.0,3,0,"",1,3,1,0,0,0,push:461d release:463d commits:0 active_maint:0 closed:1 merged:0,https://science.ecosyste.ms/projects/1667
1263,TDAstats,https://github.com/rrrlw/tdastats,dormant,93.0,11.284266732967907,0,Scientific Software,Peer-reviewed,R,rrrlw,Raoul,user,,,"go,cran","github.com/rrrlw/tdastats,github.com/rrrlw/TDAstats,TDAstats",433,4,4,1,41,0,2422,,1710,5,8,2,0.07389162561576357,0.5,2,0,"",0,0,0,0,0,0,push:1710d release:2422d commits:8 active_maint:0 closed:0 merged:0,https://science.ecosyste.ms/projects/2796
1267,Bruker2nifti,https://github.com/sebastianof/bruker2nifti,dead,93.0,11.264156366017046,0,Scientific Software,Peer-reviewed,Python,SebastianoF,Sebastiano Ferraris,user,,,pypi,bruker2nifti,339,1,1,1,32,0,2390,,942,6,0,0,0.05245901639344264,0.0,2,0,"",1,0,0,0,0,0,push:942d release:2390d commits:0 active_maint:0 closed:0 merged:0,https://science.ecosyste.ms/projects/2997
1270,eixport,https://github.com/atmoschem/eixport,dormant,93.0,11.246365410473755,0,Scientific Software,Peer-reviewed,R,atmoschem,ATMOSCHEM,organization,,,"go,cran","github.com/atmoschem/eixport,eixport",349,1,2,1,29,0,675,,142,7,10,2,0.5033407572383073,0.09999999999999998,2,0,"",0,0,0,0,0,0,push:142d release:675d commits:10 active_maint:0 closed:0 merged:0,https://science.ecosyste.ms/projects/2863
1272,SpmImage Tycoon,https://github.com/alexriss/spmimagetycoon.jl,dormant,98.0,6.240275845170769,0,Scientific Software,Peer-reviewed,Julia,alexriss,Alex Riss,user,Technical University of Munich,http://alex.lifecocktail.org,julia,SpmImageTycoon,0,0,0,0,18,0,939,,249,3,7,1,0.00830564784053156,0.0,1,0,"",2,0,2,0,0,0,push:249d release:939d commits:7 active_maint:0 closed:2 merged:0,https://science.ecosyste.ms/projects/1412
1273,DTW-C++,https://github.com/battery-intelligence-lab/dtw-cpp,dormant,100.0,4.219507705176107,0,Scientific Software,Peer-reviewed,C++,Battery-Intelligence-Lab,Battery Intelligence Lab,organization,,https://howey.eng.ox.ac.uk,,,0,,,,16,0,,,24,4,6,1,0.3666666666666667,0.0,1,0,"",2,6,0,5,0,0,push:24d commits:0 active_maint:0 closed:5 merged:5,https://science.ecosyste.ms/projects/507
1274,snSMART,https://github.com/sidiwang/snsmart,dormant,95.0,9.21830854162536,0,Scientific Software,Peer-reviewed,R,sidiwang,,user,University of Michigan,https://sidiwang.net,cran,snSMART,239,0,0,1,2,0,652,,661,14,0,0,0.4897959183673469,0.0,2,0,"",2,14,0,13,0,0,push:661d release:652d commits:0 active_maint:0 closed:14 merged:13,https://science.ecosyste.ms/projects/500
1277,omni-fig,https://github.com/felixludos/omni-fig,dormant,95.0,9.20391980417326,0,Scientific Software,Peer-reviewed,Python,felixludos,Felix Leeb,user,,,pypi,omnifig,133,4,0,1,10,0,452,,351,8,1,1,0.5530546623794212,0.0,1,0,"",0,0,0,0,0,0,push:351d release:452d commits:1 active_maint:0 closed:0 merged:0,https://science.ecosyste.ms/projects/664
1280,pydynpd,https://github.com/dazhwu/pydynpd,dormant,93.0,11.201770036332805,0,Scientific Software,Peer-reviewed,Jupyter Notebook,dazhwu,,user,,,pypi,pydynpd,738,1,0,1,37,0,862,,227,4,2,2,0.014409221902017322,0.5,0,0,"",2,1,0,0,0,0,push:227d release:862d commits:2 active_maint:0 closed:0 merged:0,https://science.ecosyste.ms/projects/1217
1282,The Kestrel software for simulations of morphodynamic Earth-surface flows,https://github.com/jakelangham/kestrel,dormant,100.0,4.189654742026425,0,Scientific Software,Peer-reviewed,Fortran,jakelangham,,user,,,,,0,,,,7,0,,,36,7,2,2,0.2678571428571429,0.5,2,1,markwoodhouse,2,6,0,1,0,0,push:36d commits:2 active_maint:1 closed:2 merged:1,https://science.ecosyste.ms/projects/856
1285,JavaPermutationTools,https://github.com/cicirello/javapermutationtools,dormant,98.0,6.173786103901937,0,Scientific Software,Peer-reviewed,Java,cicirello,Vincent A. Cicirello,user,Stockton University,https://www.cicirello.org/,maven,org.cicirello:jpt,0,5,3,0,22,0,441,,16,3,49,2,0.20452708164915112,0.08163265306122447,1,1,cicirello,1,47,1,33,0,0,push:16d release:441d commits:4 active_maint:1 closed:37 merged:33,https://science.ecosyste.ms/projects/2728
1286,Metrics As Scores,https://github.com/mrshoenel/metrics-as-scores,dormant,98.0,6.173786103901937,0,Scientific Software,Peer-reviewed,Jupyter Notebook,MrShoenel,Sebastian Hönel,user,,,pypi,metrics-as-scores,31,0,0,1,4,0,825,,7,3,0,0,0.07582938388625593,0.0,0,0,"",0,12,0,0,0,0,push:7d release:825d commits:0 active_maint:0 closed:2 merged:0,https://science.ecosyste.ms/projects/1023
1288,PySLSQP,https://github.com/anugrahjo/pyslsqp,dormant,95.0,9.159468041602427,0,Scientific Software,Peer-reviewed,Python,anugrahjo,,user,,,pypi,pyslsqp,431,0,0,1,12,0,538,,538,2,0,0,0.02083333333333337,0.0,0,0,"",2,1,2,1,0,0,push:538d release:538d commits:0 active_maint:0 closed:3 merged:1,https://science.ecosyste.ms/projects/373
1289,WhaleConnect,https://github.com/whaleconnect/whaleconnect,dead,100.0,4.1588830833596715,0,Scientific Software,Peer-reviewed,C++,WhaleConnect,WhaleConnect,organization,,,,,0,,,,31,1,,,415,2,0,0,0.0008110300081103361,0.0,0,0,"",2,1,2,1,0,0,archived push:415d commits:0 active_maint:0 closed:3 merged:1,https://science.ecosyste.ms/projects/520
1290,pyprop8,https://github.com/valentineap/pyprop8,dormant,95.0,9.151014905891367,0,Scientific Software,Peer-reviewed,Python,valentineap,Andrew Valentine,user,"Department of Earth Sciences, Durham University",https://valentineap.github.io,pypi,pyprop8,35,2,0,1,27,0,806,,806,8,0,0,0.03864734299516903,0.0,2,0,"",2,0,1,0,0,0,push:806d release:806d commits:0 active_maint:0 closed:1 merged:0,https://science.ecosyste.ms/projects/1425
1297,nnTensor,https://github.com/rikenbit/nntensor,dormant,93.0,11.117450290891412,0,Scientific Software,Peer-reviewed,R,rikenbit,RIKEN BiT,organization,,https://bit.riken.jp/,"cran,conda","nnTensor,r-nntensor",441,5,4,1,22,0,808,,83,2,4,1,0.01449275362318836,0.0,0,0,"",0,0,0,0,0,0,push:83d release:808d commits:4 active_maint:0 closed:0 merged:0,https://science.ecosyste.ms/projects/1161
1298,ViMMS 2.0,https://github.com/glasgowcompbio/vimms,dormant,95.0,9.11217612318895,0,Scientific Software,Peer-reviewed,Python,glasgowcompbio,glasgowcompbio,organization,,,pypi,vimms,33,1,0,1,25,0,421,,27,8,6,2,0.558659217877095,0.16666666666666663,5,1,joewandy,1,22,0,5,0,0,push:27d release:421d commits:6 active_maint:1 closed:22 merged:5,https://science.ecosyste.ms/projects/1559
1299,spectrapepper,https://github.com/spectrapepper/spectrapepper,dormant,95.0,9.106090350602384,0,Scientific Software,Peer-reviewed,Python,,,,,,"conda,pypi",spectrapepper,50,1,1,1,18,0,854,,691,10,0,0,0.4154589371980676,0.0,3,0,"",0,3,0,3,0,0,push:691d release:854d commits:0 active_maint:0 closed:3 merged:3,https://science.ecosyste.ms/projects/1688
1301,Council Data Project,https://github.com/councildataproject/cookiecutter-cdp-deployment,dead,98.0,6.095824562432225,0,Scientific Software,Peer-reviewed,Python,CouncilDataProject,CouncilDataProject,organization,,https://councildataproject.org,,,0,,,,28,0,,,297,12,0,0,0.48275862068965514,0.0,1,0,"",1,0,0,0,0,0,push:297d commits:0 active_maint:0 closed:0 merged:0,https://science.ecosyste.ms/projects/1675
1302,statemodify,https://github.com/immm-sfa/statemodify,dead,100.0,4.0943445622221,0,Scientific Software,Peer-reviewed,Jupyter Notebook,IMMM-SFA,Integrated Multisector Multiscale Modeling,organization,,https://im3.pnnl.gov/,pypi,statemodify,4,0,0,1,3,0,937,,826,4,0,0,0.049261083743842415,0.0,1,0,"",1,0,0,0,0,0,push:826d release:937d commits:0 active_maint:0 closed:0 merged:0,https://science.ecosyste.ms/projects/729
1303,predictNMB,https://github.com/ropensci/predictnmb,dormant,100.0,4.094344562222101,0,Scientific Software,Peer-reviewed,R,ropensci,rOpenSci,organization,,https://ropensci.org/,,,0,,,,10,0,,,739,6,0,0,0.07792207792207795,0.0,2,0,"",0,1,0,1,0,0,push:739d commits:0 active_maint:0 closed:1 merged:1,https://science.ecosyste.ms/projects/1191
1307,iharm3D,https://github.com/afd-illinois/iharm3d,dormant,98.0,6.052089168924416,0,Scientific Software,Peer-reviewed,C,AFD-Illinois,AFD Group at UIUC,organization,,http://rainman.astro.illinois.edu,,,0,,,,20,0,,,6,17,1,1,0.10613598673300162,0.0,1,0,"",0,1,0,0,0,0,push:6d commits:1 active_maint:0 closed:0 merged:0,https://science.ecosyste.ms/projects/1729
1309,nimbleHMC,https://github.com/nimble-dev/nimblehmc,dormant,100.0,4.04305126783455,0,Scientific Software,Peer-reviewed,R,nimble-dev,nimble-dev,organization,,,,,0,,,,13,0,,,28,3,7,3,0.11467889908256879,0.2857142857142857,1,1,danielturek,2,3,2,1,0,0,push:28d commits:7 active_maint:1 closed:4 merged:1,https://science.ecosyste.ms/projects/606
1315,PatchView,https://github.com/zeitgeberh/patchview,dormant,95.0,9.017968479328726,0,Scientific Software,Peer-reviewed,Python,ZeitgeberH,Ming Hu,user,,,pypi,patchview,74,0,0,1,24,0,729,,312,5,2,2,0.12295081967213117,0.5,1,1,ZeitgeberH,3,1,3,1,0,0,push:312d release:729d commits:2 active_maint:1 closed:4 merged:1,https://science.ecosyste.ms/projects/1385
1316,restez,https://github.com/ropensci/restez,dormant,93.0,11.01718547862228,0,Scientific Software,Peer-reviewed,R,ropensci,rOpenSci,organization,,https://ropensci.org/,cran,restez,280,1,0,1,28,0,510,,511,6,0,0,0.367816091954023,0.0,3,0,"",4,4,2,3,0,0,push:511d release:510d commits:0 active_maint:0 closed:5 merged:3,https://science.ecosyste.ms/projects/2710
1318,teiphy,https://github.com/jjmccollum/teiphy,dormant,95.0,9.010669176847115,0,Scientific Software,Peer-reviewed,Python,jjmccollum,Joey McCollum,user,Australian Catholic University,https://acu-au.academia.edu/JoeyMcCollum,pypi,teiphy,103,0,0,2,22,0,380,,11,6,7,1,0.11153846153846159,0.0,2,1,jjmccollum,5,1,1,1,0,0,push:11d release:380d commits:7 active_maint:1 closed:2 merged:1,https://science.ecosyste.ms/projects/1294
1319,hectorui,https://github.com/jgcri/hectorui,dead,100.0,4.007333185232471,0,Scientific Software,Peer-reviewed,HTML,JGCRI,Joint Global Change Research Institute,organization,,https://www.pnnl.gov/projects/jgcri,,,0,,,,5,0,,,667,5,0,0,0.5903954802259888,0.0,4,0,"",2,0,0,0,0,0,push:667d commits:0 active_maint:0 closed:0 merged:0,https://science.ecosyste.ms/projects/2028
1322,archeoViz,https://github.com/sebastien-plutniak/archeoviz,dormant,93.0,10.995276615856113,0,Scientific Software,Peer-reviewed,R,sebastien-plutniak,Sébastien Plutniak,user,"CNRS, CITERES",https://orcid.org/0000-0002-6674-3806,cran,archeoViz,381,0,0,1,20,0,412,,406,6,3,1,0.13120567375886527,0.0,3,0,"",1,0,0,0,0,0,push:406d release:412d commits:3 active_maint:0 closed:0 merged:0,https://science.ecosyste.ms/projects/901
1330,stella,https://github.com/afeinstein20/stella,dead,95.0,8.950014029534257,0,Scientific Software,Peer-reviewed,Python,afeinstein20,Adina Feinstein,user,University of Chicago,adina.feinste.in,pypi,stella,45,1,0,1,28,0,2187,,505,4,0,0,0.006085192697768749,0.0,1,0,"",0,1,0,0,0,0,push:505d release:2187d commits:0 active_maint:0 closed:0 merged:0,https://science.ecosyste.ms/projects/2167
1334,lintegrate,https://github.com/mattpitkin/lintegrate,dormant,95.0,8.933796043934858,0,Scientific Software,Peer-reviewed,C,mattpitkin,Matt Pitkin,user,,https://ma.ttpitk.in,"pypi,conda",lintegrate,153,1,1,1,12,0,799,,694,4,0,0,0.12365591397849462,0.0,1,0,"",1,1,1,1,0,0,push:694d release:799d commits:0 active_maint:0 closed:2 merged:1,https://science.ecosyste.ms/projects/1508
1337,AutoBZ.jl,https://github.com/lxvm/autobz.jl,dead,100.0,3.931825632724326,0,Scientific Software,Peer-reviewed,Julia,lxvm,Lorenzo Van Munoz,user,,,,,0,,,,10,0,,,336,3,0,0,0.004008016032064132,0.0,2,0,"",0,1,0,0,0,0,push:336d commits:0 active_maint:0 closed:0 merged:0,https://science.ecosyste.ms/projects/441
1340,LaplaceInterpolation.jl,https://github.com/vishwas1984/laplaceinterpolation.jl,dead,100.0,3.9120230054281464,0,Scientific Software,Peer-reviewed,Jupyter Notebook,vishwas1984,,user,,,,,0,,,,2,0,,,1637,10,0,0,0.5311653116531165,0.0,2,0,"",1,0,0,0,0,0,push:1637d commits:0 active_maint:0 closed:0 merged:0,https://science.ecosyste.ms/projects/1617
1341,CLEAVING,https://github.com/demonico85/cleaving,dormant,100.0,3.9120230054281464,0,Scientific Software,Peer-reviewed,C++,demonico85,,user,,,,,0,,,,7,0,,,135,5,6,1,0.2151162790697675,0.0,2,0,"",0,0,0,0,0,0,push:135d commits:6 active_maint:0 closed:0 merged:0,https://science.ecosyste.ms/projects/838
1342,daiR,https://github.com/hegghammer/dair,dormant,93.0,10.869253927870808,0,Scientific Software,Peer-reviewed,R,Hegghammer,Thomas Hegghammer,user,,hegghammer.net,cran,daiR,596,0,0,1,44,0,624,,28,2,7,1,0.014218009478673022,0.0,0,0,"",0,0,0,0,0,0,push:28d release:624d commits:7 active_maint:0 closed:0 merged:0,https://science.ecosyste.ms/projects/1653
1347,yam,https://github.com/trichter/yam,dormant,95.0,8.81996090128606,0,Scientific Software,Peer-reviewed,Python,trichter,Tom Eulenfeld,user,,https://trichter.github.io/,pypi,yam,280,1,0,1,25,0,1184,,52,1,9,1,0.0,0.0,1,0,"",3,0,3,0,0,0,push:52d release:1184d commits:9 active_maint:0 closed:3 merged:0,https://science.ecosyste.ms/projects/1142
1349,ReLax,https://github.com/birkhoffg/jax-relax,dormant,95.0,8.812843433517195,0,Scientific Software,Peer-reviewed,Jupyter Notebook,BirkhoffG,Hangzhi Guo,user,Penn State University,https://birkhoffg.github.io,pypi,jax-relax,79,0,0,1,6,0,534,,534,7,0,0,0.14692982456140347,0.0,3,0,"",1,4,0,4,0,0,push:534d release:534d commits:0 active_maint:0 closed:4 merged:4,https://science.ecosyste.ms/projects/406
1353,cifkit,https://github.com/bobleesj/cifkit,dormant,95.0,8.8023721336499,0,Scientific Software,Peer-reviewed,Python,bobleesj,Sangjoon Bob Lee,user,Columbia University,boblee.io,pypi,cifkit,94,0,0,1,6,0,392,,19,5,8,3,0.18556701030927836,0.25,1,1,bobleesj,3,6,1,5,0,0,push:19d release:392d commits:7 active_maint:1 closed:6 merged:5,https://science.ecosyste.ms/projects/394
1356,HiPart,https://github.com/panagiotisanagnostou/hipart,dormant,93.0,10.7793312195951,0,Scientific Software,Peer-reviewed,Python,panagiotisanagnostou,Panagiotis Anagnostou,user,,,pypi,hipart,149,1,0,1,54,0,394,,143,6,7,1,0.07453416149068326,0.0,1,0,"",0,2,0,1,0,0,push:143d release:394d commits:7 active_maint:0 closed:1 merged:1,https://science.ecosyste.ms/projects/1174
1361,PyNeuroTrace - Python code for neural activity time series,https://github.com/padster/pyneurotrace,dead,98.0,5.752572638825633,0,Scientific Software,Peer-reviewed,Python,padster,Pat Coleman,user,,http://padsterprogramming.blogspot.ch/,pypi,pyneurotrace,33,0,0,2,2,0,716,,695,3,0,0,0.49246231155778897,0.0,2,0,"",0,1,0,0,0,0,push:695d release:716d commits:0 active_maint:0 closed:0 merged:0,https://science.ecosyste.ms/projects/539
1362,SubsetTools,https://github.com/hydroframe/subsettools,dormant,100.0,3.737669618283368,0,Scientific Software,Peer-reviewed,Python,hydroframe,HydroFrame,organization,,https://www.hydroframe.org/,,,0,,,,2,0,,,89,6,1,1,0.38292011019283745,0.0,1,0,"",0,17,0,14,0,0,push:89d commits:1 active_maint:0 closed:15 merged:14,https://science.ecosyste.ms/projects/590
1366,RADWave,https://github.com/pyreef-model/radwave,dormant,95.0,8.726643415598446,0,Scientific Software,Peer-reviewed,Jupyter Notebook,pyReef-model,pyReef-model,organization,,www.earthcolab.org,pypi,radwave,11,2,0,1,13,0,1666,,144,3,2,1,0.022222222222222254,0.0,0,0,"",0,2,0,2,0,0,push:144d release:1666d commits:2 active_maint:0 closed:2 merged:2,https://science.ecosyste.ms/projects/2264
1368,RHEIA,https://github.com/rheia-framework/rheia,dormant,95.0,8.70748291785937,0,Scientific Software,Peer-reviewed,Python,rheia-framework,rheia-framework,organization,,,pypi,"rheia,rheia-meca2675",46,1,0,1,25,0,588,,34,6,6,1,0.160427807486631,0.0,1,0,"",0,0,0,0,0,0,push:34d release:588d commits:6 active_maint:0 closed:0 merged:0,https://science.ecosyste.ms/projects/1473
1372,Metagenomic classification with KrakenUniq on low-memory computers,https://github.com/fbreitwieser/krakenuniq,dormant,95.0,8.669742589876522,0,Scientific Software,Peer-reviewed,C++,fbreitwieser,Florian Breitwieser,user,,http://www.ccb.jhu.edu/people/florian/,,,0,,,,252,0,,,924,16,0,0,0.4466800804828974,0.0,1,0,"",4,0,1,0,0,0,push:924d commits:0 active_maint:0 closed:1 merged:0,https://science.ecosyste.ms/projects/1285
1373,Hypercomplex,https://github.com/angrymaciek/hypercomplex,dormant,100.0,3.6635616461296463,0,Scientific Software,Peer-reviewed,C++,AngryMaciek,Maciek Bąk,user,"City, University of London",https://angrymaciek.github.io,,,0,,,,3,0,,,707,3,0,0,0.006578947368421018,0.0,1,0,"",0,1,0,1,0,0,push:707d commits:0 active_maint:0 closed:1 merged:1,https://science.ecosyste.ms/projects/1134
1376,DeepBench,https://github.com/deepskies/deepbench,dormant,95.0,8.64135583403666,0,Scientific Software,Peer-reviewed,HTML,deepskies,Deep Skies Lab,organization,,www.deepskieslab.com,pypi,deepbench,34,1,0,2,6,0,776,,478,9,0,0,0.6657534246575343,0.0,1,0,"",7,9,5,7,0,0,push:478d release:776d commits:0 active_maint:0 closed:14 merged:7,https://science.ecosyste.ms/projects/284
1377,DTCC Builder,https://github.com/dtcc-platform/dtcc-builder,dead,98.0,5.616771097666572,0,Scientific Software,Peer-reviewed,C++,dtcc-platform,DTCC Platform,organization,,https://dtcc.chalmers.se/,,,0,,,,6,1,,,666,25,0,0,0.6942098914354644,0.0,1,0,"",0,0,0,0,0,0,archived push:666d commits:0 active_maint:0 closed:0 merged:0,https://science.ecosyste.ms/projects/1113
1379,COINr,https://github.com/bluefoxr/coinr,dormant,93.0,10.603709646768035,0,Scientific Software,Peer-reviewed,HTML,bluefoxr,Will Becker,user,,www.willbecker.me,cran,COINr,371,1,0,1,31,0,800,,111,3,1,1,0.01067235859124871,0.0,1,0,"",2,2,0,0,0,0,push:111d release:800d commits:1 active_maint:0 closed:0 merged:0,https://science.ecosyste.ms/projects/1376
1380,Moran Pycess,https://github.com/angrymaciek/angry-moran-simulator,dead,98.0,5.598421958998375,0,Scientific Software,Peer-reviewed,Python,AngryMaciek,Maciek Bąk,user,"City, University of London",https://angrymaciek.github.io,pypi,moranpycess,13,1,0,1,6,1,1095,,914,3,0,0,0.15521628498727735,0.0,1,0,"",0,0,0,0,0,0,archived push:914d release:1095d commits:0 active_maint:0 closed:0 merged:0,https://science.ecosyste.ms/projects/2079
1381,pycellga,https://github.com/sevgiakten/pycellga,dormant,98.0,5.598421958998375,0,Scientific Software,Peer-reviewed,Python,SevgiAkten,Sevgi Akten,user,,,pypi,pycellga,43,0,0,2,3,0,586,,499,2,0,0,0.15873015873015872,0.0,2,0,"",18,0,18,0,0,0,push:499d release:586d commits:0 active_maint:0 closed:18 merged:0,https://science.ecosyste.ms/projects/334
1383,AdOpT-NET0,https://github.com/uu-er/adopt-net0,dormant,93.0,10.566020874478237,0,Scientific Software,Peer-reviewed,Python,UU-ER,UU - Energy & Resources,organization,,,pypi,adopt_net0,161,0,0,2,6,0,469,,0,7,0,0,0.3555355535553555,0.0,0,0,"",4,12,0,7,0,0,push:0d release:469d commits:0 active_maint:0 closed:8 merged:7,https://science.ecosyste.ms/projects/281
1387,GAMA,https://github.com/pgijsbers/gama,dormant,100.0,3.5553480614894135,0,Scientific Software,Peer-reviewed,Python,PGijsbers,Pieter Gijsbers,user,Eindhoven University of Technology,pgijsbers.github.io,,,0,,,,6,0,,,1222,7,0,0,0.01279317697228144,0.0,1,0,"",0,1,0,0,0,0,push:1222d commits:0 active_maint:0 closed:1 merged:0,https://science.ecosyste.ms/projects/2671
1390,PulPy,https://github.com/jonbmartin/pulpy,dead,95.0,8.548691858475609,0,Scientific Software,Peer-reviewed,Python,jonbmartin,Jonathan Martin,user,,,pypi,pulpy,85,0,0,1,15,0,647,,644,4,0,0,0.015923566878980888,0.0,1,0,"",0,3,0,0,0,0,push:644d release:647d commits:0 active_maint:0 closed:0 merged:0,https://science.ecosyste.ms/projects/422
1391,survPen,https://github.com/fauvernierma/survpen,dormant,93.0,10.537919225261291,0,Scientific Software,Peer-reviewed,R,fauvernierma,,user,,,cran,survPen,1140,1,1,1,12,0,509,,127,3,1,1,0.01680672268907568,0.0,1,0,"",0,0,0,0,0,0,push:127d release:509d commits:1 active_maint:0 closed:0 merged:0,https://science.ecosyste.ms/projects/2473
1392,Spruceup,https://github.com/marekborowiec/spruceup,dormant,95.0,8.525161361065415,0,Scientific Software,Peer-reviewed,Python,marekborowiec,Marek,user,Colorado State University,https://www.phylohacks.org/,pypi,spruceup,40,1,0,1,25,0,716,,349,4,1,1,0.014423076923076872,0.0,0,0,"",1,0,0,0,0,0,push:349d release:716d commits:1 active_maint:0 closed:0 merged:0,https://science.ecosyste.ms/projects/2431
1400,ChebTools,https://github.com/usnistgov/chebtools,dormant,98.0,5.472270673671475,0,Scientific Software,Peer-reviewed,C++,usnistgov,National Institute of Standards and Technology,organization,,https://www.nist.gov,,,0,,,,33,0,,,393,7,0,0,0.3005780346820809,0.0,2,0,"",0,3,0,1,0,0,push:393d commits:0 active_maint:0 closed:1 merged:1,https://science.ecosyste.ms/projects/2904
1401,checkr,https://github.com/poissonconsulting/checkr,dormant,93.0,10.453658881643552,0,Scientific Software,Peer-reviewed,R,poissonconsulting,Poisson Consulting Ltd.,organization,,http://www.poissonconsulting.ca,cran,checkr,330,4,11,1,13,0,2653,,16,8,7,2,0.22605363984674332,0.1428571428571429,4,1,joethorley,1,5,0,5,0,0,pkg:removed push:16d release:2653d commits:6 active_maint:1 closed:5 merged:5,https://science.ecosyste.ms/projects/2883
1402,RT-utils,https://github.com/qurit/rt-utils,dead,95.0,8.452761331256848,0,Scientific Software,Peer-reviewed,Python,qurit,Qurit,organization,,https://qurit.ca,,,0,,,,256,0,,,375,16,0,0,0.5673758865248226,0.0,4,0,"",1,5,0,0,0,0,push:375d commits:0 active_maint:0 closed:0 merged:0,https://science.ecosyste.ms/projects/248
1405,AMAT,https://github.com/athulpg007/amat,dormant,93.0,10.4069259578681,0,Scientific Software,Peer-reviewed,Jupyter Notebook,athulpg007,Athul Pradeepkumar Girija,user,LeoLabs,athulpg007.github.io,pypi,amat,515,1,0,1,17,0,943,,25,4,41,2,0.10141509433962259,0.19512195121951215,1,1,athulpg007,0,34,0,32,0,0,push:25d release:943d commits:8 active_maint:1 closed:34 merged:32,https://science.ecosyste.ms/projects/1701
1406,MoSDeF-dihedral-fit,https://github.com/gomc-wsu/mosdef-dihedral-fit,dormant,100.0,3.401197381662155,0,Scientific Software,Peer-reviewed,Python,GOMC-WSU,GOMC,user,Wayne State University,http://gomc.eng.wayne.edu,,,0,,,,3,0,,,17,6,23,2,0.3715953307392996,0.34782608695652173,4,1,bc118,1,14,0,11,0,0,push:17d commits:8 active_maint:1 closed:11 merged:11,https://science.ecosyste.ms/projects/360
1409,ldaPrototype,https://github.com/jonasrieger/ldaprototype,dormant,95.0,8.389359819906353,0,Scientific Software,Peer-reviewed,R,JonasRieger,Jonas Rieger,user,TU Dortmund University,https://jonasrieger.github.io/,cran,ldaPrototype,380,1,1,1,8,0,1792,,164,1,4,1,0.0,0.0,1,0,"",1,0,1,0,0,0,push:164d release:1792d commits:4 active_maint:0 closed:1 merged:0,https://science.ecosyste.ms/projects/2190
1412,ungroup,https://github.com/mpascariu/ungroup,dormant,93.0,10.33345013224468,0,Scientific Software,Peer-reviewed,R,mpascariu,Marius D. Pascariu,user,,https://www.linkedin.com/in/mpascariu,cran,ungroup,424,2,0,1,16,0,911,,88,4,1,1,0.2065217391304348,0.0,1,0,"",1,0,0,0,0,0,push:88d release:911d commits:1 active_maint:0 closed:0 merged:0,https://science.ecosyste.ms/projects/2767
1413,OpenGeoSysUncertaintyQuantification.jl,https://github.com/baxmittens/opengeosysuncertaintyquantification.jl,dormant,100.0,3.332204510175204,0,Scientific Software,Peer-reviewed,Julia,baxmittens,Max Bittens,user,,,julia,OpenGeoSysUncertaintyQuantification,0,0,0,0,6,0,544,,53,4,4,1,0.14937759336099588,0.0,1,0,"",0,0,0,0,0,0,push:53d release:544d commits:4 active_maint:0 closed:0 merged:0,https://science.ecosyste.ms/projects/634
1414,IDTxl,https://github.com/pwollstadt/idtxl,dormant,95.0,8.329416783939319,0,Scientific Software,Peer-reviewed,Python,pwollstadt,Patricia Wollstadt,user,,http://patriciawollstadt.de/,,,0,,,,295,0,,,70,14,4,2,0.24647887323943662,0.5,6,2,"DrMichaelLindner,daehrlich",0,12,0,9,0,0,push:70d commits:4 active_maint:2 closed:10 merged:9,https://science.ecosyste.ms/projects/2651
1415,DAFSA,https://github.com/tresoldi/dafsa,dead,95.0,8.326032685955079,0,Scientific Software,Peer-reviewed,Python,tresoldi,Tiago Tresoldi,user,Uppsala universitet,http://www.tresoldi.org,pypi,dafsa,57,1,0,1,27,0,2422,,1258,2,0,0,0.011834319526627168,0.0,1,0,"",2,0,0,0,0,0,push:1258d release:2422d commits:0 active_maint:0 closed:0 merged:0,https://science.ecosyste.ms/projects/2298
1416,Python Implementation of Codon Adaptation Index,https://github.com/benjamin-lee/codonadaptationindex,dead,93.0,10.325416386674958,0,Scientific Software,Peer-reviewed,Jupyter Notebook,Benjamin-Lee,Benjamin Lee,user,,benjamindlee.com/about,pypi,cai,195,1,0,1,37,0,2849,,1275,3,0,0,0.15315315315315314,0.0,2,0,"",1,3,0,0,0,0,push:1275d release:2849d commits:0 active_maint:0 closed:0 merged:0,https://science.ecosyste.ms/projects/2756
1417,PySymmPol - Symmetric Polynomials,https://github.com/thraraujo/pysymmpol,dormant,98.0,5.318119993844216,0,Scientific Software,Peer-reviewed,Python,thraraujo,Thiago Araujo,user,,,pypi,pysymmpol,16,0,0,1,4,0,803,,296,2,4,1,0.010000000000000009,0.0,1,0,"",0,0,0,0,0,0,push:296d release:803d commits:4 active_maint:0 closed:0 merged:0,https://science.ecosyste.ms/projects/674
1421,Cocktail Shaker,https://github.com/sulstice/cocktail-shaker,dormant,93.0,10.304040616283272,0,Scientific Software,Peer-reviewed,Jupyter Notebook,Sulstice,Sul ,user,@mackerell-lab,https://twitter.com/SulimanSharif6,pypi,cocktail-shaker,30,0,0,1,12,0,2195,,599,9,0,0,0.16000000000000003,0.0,3,0,"",0,31,0,0,0,0,push:599d release:2195d commits:0 active_maint:0 closed:15 merged:0,https://science.ecosyste.ms/projects/2163
1425,FELINE,https://github.com/enthusi/feline,dormant,100.0,3.295836866004329,0,Scientific Software,Peer-reviewed,Python,enthusi,Martin Wendt,user,,http://martinwendt.de,,,0,,,,3,0,,,492,9,0,0,0.4738955823293173,0.0,2,0,"",10,30,10,30,0,0,push:492d commits:0 active_maint:0 closed:40 merged:30,https://science.ecosyste.ms/projects/249
1426,Statmanager-kr,https://github.com/ckdckd145/statmanager-kr,dormant,93.0,10.284659968075248,0,Scientific Software,Peer-reviewed,Python,ckdckd145,Changseok Lee,user,,,pypi,statmanager-kr,731,0,0,1,10,0,972,,650,4,0,0,0.29648241206030146,0.0,1,0,"",0,3,0,3,0,0,push:650d release:972d commits:0 active_maint:0 closed:3 merged:3,https://science.ecosyste.ms/projects/455
1429,compareMCMCs,https://github.com/nimble-dev/comparemcmcs,dead,95.0,8.258422462458876,0,Scientific Software,Peer-reviewed,R,nimble-dev,nimble-dev,organization,,,cran,compareMCMCs,192,0,0,1,1,0,667,,666,4,0,0,0.2549019607843137,0.0,3,0,"",1,0,0,0,0,0,push:666d release:667d commits:0 active_maint:0 closed:0 merged:0,https://science.ecosyste.ms/projects/1632
1433,rrcf,https://github.com/klabum/rrcf,dormant,95.0,8.248529124800218,0,Scientific Software,Peer-reviewed,Python,kLabUM,Real-time water systems lab,organization,,,,,0,,,,523,0,,,887,7,0,0,0.1541850220264317,0.0,3,0,"",1,2,0,1,0,0,push:887d commits:0 active_maint:0 closed:1 merged:1,https://science.ecosyste.ms/projects/2616
1434,DUGseis,https://github.com/swiss-seismological-service/dugseis,dormant,98.0,5.247024072160486,0,Scientific Software,Peer-reviewed,Python,swiss-seismological-service,Swiss Seismological Service (SED),organization,,http://www.seismo.ethz.ch,,,0,,,,17,0,,,618,10,0,0,0.6987951807228916,0.0,2,0,"",6,0,6,0,0,0,push:618d commits:0 active_maint:0 closed:6 merged:0,https://science.ecosyste.ms/projects/384
1436,Telewavesim,https://github.com/paudetseis/telewavesim,dormant,95.0,8.240648863374913,0,Scientific Software,Peer-reviewed,Jupyter Notebook,paudetseis,Pascal Audet,user,University of Ottawa,https://www.uogeophysics.com,pypi,telewavesim,13,1,0,2,83,0,1618,,443,3,0,0,0.39830508474576276,0.0,2,0,"",1,5,0,4,0,0,push:443d release:1618d commits:0 active_maint:0 closed:4 merged:4,https://science.ecosyste.ms/projects/2377
1437,Pyheartlib,https://github.com/devnums/pyheartlib,dead,98.0,5.225746673713202,0,Scientific Software,Peer-reviewed,Python,devnums,Sadegh,user,,,pypi,pyheartlib,30,0,0,1,3,0,915,,872,3,0,0,0.09283819628647216,0.0,1,0,"",0,1,0,0,0,0,push:872d release:915d commits:0 active_maint:0 closed:0 merged:0,https://science.ecosyste.ms/projects/791
1444,Brainchop,https://github.com/neuroneural/brainchop,dormant,95.0,8.201934351194222,0,Scientific Software,Peer-reviewed,JavaScript,neuroneural,neuroneural,organization,,,,,0,,,,532,0,,,156,8,11,2,0.16176470588235292,0.09090909090909094,1,0,"",4,7,0,3,0,0,push:156d commits:11 active_maint:0 closed:3 merged:3,https://science.ecosyste.ms/projects/1198
1447,Simframe,https://github.com/stammler/simframe,dormant,93.0,10.188365697655176,0,Scientific Software,Peer-reviewed,Python,stammler,Sebastian Stammler,user,Ludwig Maximilian University Munich,https://stammler.github.io/,"alpine,pypi","py3-simframe-pyc,simframe,py3-simframe",504,1,2,1,13,0,760,,94,4,10,1,0.04290429042904287,0.0,1,0,"",0,1,0,0,0,0,push:94d release:760d commits:10 active_maint:0 closed:1 merged:0,https://science.ecosyste.ms/projects/1637
1448,bayes_spec,https://github.com/tvwenger/bayes_spec,dormant,95.0,8.187855443695623,0,Scientific Software,Peer-reviewed,Python,tvwenger,Trey Wenger,user,University of Wisconsin-Madison,https://www.treywenger.com,pypi,bayes-spec,108,0,0,1,12,0,387,,9,3,2,1,0.0461538461538461,0.0,1,1,tvwenger,1,2,1,2,0,0,push:9d release:387d commits:2 active_maint:1 closed:3 merged:2,https://science.ecosyste.ms/projects/419
1449,OpenCADD-KLIFS,https://github.com/volkamerlab/opencadd,dormant,95.0,8.186185994226083,0,Scientific Software,Peer-reviewed,Python,volkamerlab,Volkamer Lab,organization,,https://www.volkamerlab.org,"conda,go","opencadd,github.com/volkamerlab/opencadd",0,1,2,0,111,0,1663,,254,9,0,0,0.2602100350058343,0.0,5,0,"",1,2,0,1,0,0,push:254d release:1663d commits:0 active_maint:0 closed:1 merged:1,https://science.ecosyste.ms/projects/1598
1452,osiris,https://github.com/jgcri/osiris,dead,100.0,3.1780538303479453,0,Scientific Software,Peer-reviewed,R,JGCRI,Joint Global Change Research Institute,organization,,https://www.pnnl.gov/projects/jgcri,,,0,,,,7,0,,,454,3,0,0,0.19090909090909092,0.0,2,0,"",1,0,0,0,0,0,push:454d commits:0 active_maint:0 closed:0 merged:0,https://science.ecosyste.ms/projects/1121
1455,simChef,https://github.com/yu-group/simchef,dormant,98.0,5.170483995038151,0,Scientific Software,Peer-reviewed,R,Yu-Group,Yu-Group,organization,,https://www.stat.berkeley.edu/~yugroup/,,,0,,,,23,0,,,519,4,0,0,0.34698795180722897,0.0,2,0,"",6,21,3,17,0,0,push:519d commits:0 active_maint:0 closed:20 merged:17,https://science.ecosyste.ms/projects/761
1456,Simulating instrumental systematics of Cosmic Microwave Background experiments with s4cmb,https://github.com/julienpeloton/s4cmb,dead,95.0,8.168486417126681,0,Scientific Software,Peer-reviewed,Python,JulienPeloton,Julien,user,CNRS,https://github.com/astrolabsoftware,pypi,s4cmb,12,1,0,1,10,0,3163,,457,12,0,0,0.23838383838383836,0.0,2,0,"",0,2,0,0,0,0,push:457d release:3163d commits:0 active_maint:0 closed:0 merged:0,https://science.ecosyste.ms/projects/1939
1457,PDENLPModels.jl,https://github.com/juliasmoothoptimizers/pdenlpmodels.jl,dormant,98.0,5.164785973923514,0,Scientific Software,Peer-reviewed,Julia,JuliaSmoothOptimizers,JuliaSmoothOptimizers,organization,,https://juliasmoothoptimizers.github.io,julia,PDENLPModels,0,0,0,0,22,0,801,,593,5,0,0,0.03460207612456745,0.0,3,0,"",0,1,0,0,0,0,push:593d release:801d commits:0 active_maint:0 closed:1 merged:0,https://science.ecosyste.ms/projects/1295
1459,| SWEpy,https://github.com/wino6687/swepy,dead,95.0,8.133880887949207,0,Scientific Software,Peer-reviewed,Python,wino6687,Will Norris,user,@earthlab ,wino6687.github.io/will-portfolio,"pypi,conda",swepy,69,1,0,1,3,0,2358,,108,8,0,0,0.0733549083063646,0.0,2,0,"",0,1,0,0,0,0,push:108d release:2358d commits:0 active_maint:0 closed:0 merged:0,https://science.ecosyste.ms/projects/2701
1460,libsoni,https://github.com/groupmm/libsoni,dormant,95.0,8.127995055771946,0,Scientific Software,Peer-reviewed,Python,groupmm,GroupMM (International Audio Laboratories Erlangen),organization,,https://www.audiolabs-erlangen.de/fau/professor/mueller,pypi,libsoni,21,0,0,1,26,0,493,,493,7,0,0,0.6194225721784776,0.0,0,0,"",0,1,0,1,0,0,push:493d release:493d commits:0 active_maint:0 closed:1 merged:1,https://science.ecosyste.ms/projects/649
1461,dyPolyChord,https://github.com/ejhigson/dypolychord,dead,95.0,8.119100837637486,0,Scientific Software,Peer-reviewed,Python,,,,,,pypi,dypolychord,71,1,0,1,22,0,2539,,2279,2,0,0,0.004201680672268893,0.0,0,0,"",1,0,0,0,0,0,push:2279d release:2539d commits:0 active_maint:0 closed:0 merged:0,https://science.ecosyste.ms/projects/2762
1468,Off-resonance CorrecTion OPen soUrce Software (OCTOPUS),https://github.com/imr-framework/octopus,dead,95.0,8.070906088787817,0,Scientific Software,Peer-reviewed,Python,imr-framework,iMR Framework,user,,,pypi,mr-octopus,38,1,0,1,21,0,2102,,1120,4,0,0,0.07377049180327866,0.0,1,0,"",1,0,0,0,0,0,push:1120d release:2102d commits:0 active_maint:0 closed:0 merged:0,https://science.ecosyste.ms/projects/1963
1470,excluder,https://github.com/ropensci/excluder,dormant,93.0,10.063563500382763,0,Scientific Software,Peer-reviewed,R,ropensci,rOpenSci,organization,,https://ropensci.org/,cran,excluder,651,0,0,1,9,0,441,,388,4,0,0,0.01384083044982698,0.0,3,0,"",1,1,1,1,0,0,push:388d release:441d commits:0 active_maint:0 closed:2 merged:1,https://science.ecosyste.ms/projects/1702
1472,Archeofrag,https://github.com/sebastien-plutniak/archeofrag,dormant,93.0,10.039765170828677,0,Scientific Software,Peer-reviewed,R,sebastien-plutniak,Sébastien Plutniak,user,"CNRS, CITERES",https://orcid.org/0000-0002-6674-3806,cran,archeofrag,381,0,0,1,22,0,490,,83,3,6,1,0.19819819819819817,0.0,0,0,"",1,0,1,0,0,0,push:83d release:490d commits:6 active_maint:0 closed:1 merged:0,https://science.ecosyste.ms/projects/1449
1474,imager,https://github.com/dahtah/imager,dead,95.0,8.037220031133012,0,Scientific Software,Peer-reviewed,C++,dahtah,Simon Barthelmé,user,"CNRS, Gipsa-lab",https://barthesi.gricad-pages.univ-grenoble-alpes.fr/,conda,r-imager,0,1,0,0,186,1,1538,,1262,13,0,0,0.17718940936863548,0.0,0,0,"",0,0,0,0,0,0,archived push:1262d release:1538d commits:0 active_maint:0 closed:0 merged:0,https://science.ecosyste.ms/projects/2549
1475,ρμ,https://github.com/cicirello/rho-mu,dormant,98.0,5.0369526024136295,0,Scientific Software,Peer-reviewed,Java,cicirello,Vincent A. Cicirello,user,Stockton University,https://www.cicirello.org/,maven,org.cicirello:rho-mu,0,7,4,0,9,0,441,,24,2,68,2,0.37410071942446044,0.1029411764705882,1,0,"",0,44,0,28,0,0,push:24d release:441d commits:7 active_maint:0 closed:28 merged:28,https://science.ecosyste.ms/projects/1419
1476,lys,https://github.com/lys-devel/lys,dormant,95.0,8.014335737299422,0,Scientific Software,Peer-reviewed,Python,lys-devel,,user,,,pypi,lys-python,17,0,0,1,11,0,968,,192,13,8,2,0.4835616438356164,0.25,3,2,"a-tock,lys-devel",2,3,0,1,0,0,push:192d release:968d commits:8 active_maint:2 closed:1 merged:1,https://science.ecosyste.ms/projects/896
1477,UBayFS,https://github.com/annajenul/ubayfs,dead,95.0,8.013012110368916,0,Scientific Software,Peer-reviewed,R,annajenul,,user,Norwegian University of Life Sciences,,cran,UBayFS,150,0,0,1,5,0,1241,,1113,4,0,0,0.3293413173652695,0.0,2,0,"",1,0,0,0,0,0,push:1113d release:1241d commits:0 active_maint:0 closed:0 merged:0,https://science.ecosyste.ms/projects/1264
1480,ARCHES PiCar-X,https://github.com/cau-se/arches-picar-x,dormant,100.0,2.995732273553991,0,Scientific Software,Peer-reviewed,Python,cau-se,Kiel University - Software Engineering Group,organization,,https://www.se.informatik.uni-kiel.de/en/research/projects,,,0,,,,9,0,,,620,4,0,0,0.04123711340206182,0.0,1,0,"",0,2,0,2,0,0,push:620d commits:0 active_maint:0 closed:2 merged:2,https://science.ecosyste.ms/projects/446
1483,cartography,https://github.com/riatelab/cartography,dormant,85.0,17.9782417279326,0,Scientific Software,Peer-reviewed,R,riatelab,riatelab,organization,,https://riate.cnrs.fr,"conda,go,cran","r-cartography,github.com/riatelab/cartography,cartography",1614,18,12,1,401,0,372,,372,12,1,1,0.5702614379084967,0.0,1,0,"",1,0,1,0,0,0,push:372d release:372d commits:1 active_maint:0 closed:1 merged:0,https://science.ecosyste.ms/projects/3111
1484,The o80 C++ templated toolbox,https://github.com/intelligent-soft-robots/o80,dormant,98.0,4.969813299576,0,Scientific Software,Peer-reviewed,C++,intelligent-soft-robots,Intelligent Soft Robots,organization,,http://people.tuebingen.mpg.de/mpi-is-software/pam/,,,0,,,,10,0,,,262,9,1,1,0.33999999999999997,0.0,2,1,jan1854,0,1,0,1,0,0,push:262d commits:1 active_maint:1 closed:1 merged:1,https://science.ecosyste.ms/projects/1742
1485,nimCSO,https://github.com/amkrajewski/nimcso,dormant,98.0,4.969813299576001,0,Scientific Software,Peer-reviewed,Nim,amkrajewski,Adam Krajewski,user,Phases Research Lab,phaseslab.com/adam,,,0,,,,25,0,,,159,7,1,1,0.0488997555012225,0.0,2,0,"",0,1,0,1,0,0,push:159d commits:1 active_maint:0 closed:1 merged:1,https://science.ecosyste.ms/projects/401
1491,PyEI,https://github.com/mggg/ecological-inference,dormant,93.0,9.900633483553221,0,Scientific Software,Peer-reviewed,Jupyter Notebook,mggg,Metric Geometry and Gerrymandering Group,organization,,https://mggg.org,pypi,pyei,47,1,0,1,35,0,407,,73,12,1,1,0.28,0.0,6,0,"",1,15,0,13,0,0,push:73d release:407d commits:1 active_maint:0 closed:13 merged:13,https://science.ecosyste.ms/projects/1792
1492,OGRe,https://github.com/bshoshany/ogre,dormant,98.0,4.897839799950911,0,Scientific Software,Peer-reviewed,Wolfram Language,bshoshany,Barak Shoshany,user,Brock University,http://baraksh.com/,,,0,,,,143,0,,,89,1,1,1,0.0,0.0,0,0,"",2,0,2,0,0,0,push:89d commits:1 active_maint:0 closed:2 merged:0,https://science.ecosyste.ms/projects/1778
1499,QMCTorch,https://github.com/nlesc-jcer/qmctorch,dormant,93.0,9.845858439699493,0,Scientific Software,Peer-reviewed,Python,NLESC-JCER,NLESC-JCER,organization,,,pypi,qmctorch,116,1,0,1,28,0,443,,443,4,0,0,0.038828337874659447,0.0,4,0,"",2,39,1,29,0,0,push:443d release:443d commits:0 active_maint:0 closed:35 merged:29,https://science.ecosyste.ms/projects/911
1500,EDP,https://github.com/ifilot/edp,dormant,98.0,4.836281906951478,0,Scientific Software,Peer-reviewed,C++,ifilot,Ivo Filot,user,Eindhoven University of Technology,http://www.ivofilot.nl,,,0,,,,39,0,,,539,3,0,0,0.303030303030303,0.0,1,0,"",2,1,0,1,0,0,push:539d commits:0 active_maint:0 closed:1 merged:1,https://science.ecosyste.ms/projects/1072
1508,geocmeans,https://github.com/jeremygelb/geocmeans,dormant,93.0,9.790542793519993,0,Scientific Software,Peer-reviewed,R,,,,,,"go,cran","github.com/JeremyGelb/geocmeans,geocmeans,github.com/jeremygelb/geocmeans",318,0,0,1,29,0,1052,,102,2,1,1,0.16666666666666663,0.0,1,0,"",1,0,0,0,0,0,push:102d release:1052d commits:1 active_maint:0 closed:0 merged:0,https://science.ecosyste.ms/projects/987
1510,EchemFEM,https://github.com/llnl/echemfem,dormant,98.0,4.787491742782046,0,Scientific Software,Peer-reviewed,Python,LLNL,Lawrence Livermore National Laboratory,organization,,https://software.llnl.gov,,,0,,,,30,0,,,197,5,11,2,0.09859154929577463,0.09090909090909094,2,0,"",0,0,0,0,0,0,push:197d commits:11 active_maint:0 closed:0 merged:0,https://science.ecosyste.ms/projects/672
1511,kramersmoyal,https://github.com/lrydin/kramersmoyal,dead,93.0,9.784704016546161,0,Scientific Software,Peer-reviewed,Python,LRydin,Rydin,user,OsloMet,,pypi,kramersmoyal,46,1,0,1,77,0,1070,,147,5,0,0,0.20588235294117652,0.0,2,0,"",1,1,0,0,0,0,push:147d release:1070d commits:0 active_maint:0 closed:0 merged:0,https://science.ecosyste.ms/projects/2352
1512,pyhector,https://github.com/openclimatedata/pyhector,dead,93.0,9.781997654948418,0,Scientific Software,Peer-reviewed,Python,openclimatedata,Open Climate Data,organization,,https://openclimatedata.net,"pypi,go","pyhector,github.com/openclimatedata/pyhector",48,1,0,3,45,0,2870,,876,2,0,0,0.2992125984251969,0.0,2,0,"",0,1,0,0,0,0,push:876d release:2870d commits:0 active_maint:0 closed:0 merged:0,https://science.ecosyste.ms/projects/3040
1516,root_numpy,https://github.com/scikit-hep/root_numpy,dead,95.0,7.731053144007127,0,Scientific Software,Peer-reviewed,Python,scikit-hep,Scikit-HEP Project,organization,,https://scikit-hep.org,conda,root_numpy,0,0,1,0,134,1,2759,,1301,17,0,0,0.26815642458100564,0.0,6,0,"",0,0,0,0,0,0,archived push:1301d release:2759d commits:0 active_maint:0 closed:0 merged:0,https://science.ecosyste.ms/projects/3006
1521,SPICY,https://github.com/mendezvki/spicy_vki,dormant,95.0,7.716015266642588,0,Scientific Software,Peer-reviewed,Jupyter Notebook,mendezVKI,,user,von Karman Institute for Fluid Dynamics,,pypi,spicy-vki,32,0,0,2,13,0,604,,246,6,3,2,0.5668789808917197,0.33333333333333337,0,0,"",0,0,0,0,0,0,push:246d release:604d commits:3 active_maint:0 closed:0 merged:0,https://science.ecosyste.ms/projects/863
1522,multimatch-gaze,https://github.com/adswa/multimatch_gaze,dead,93.0,9.71474542793925,0,Scientific Software,Peer-reviewed,Python,adswa,Adina Wagner,user, @psychoinformatics-de,www.adina-wagner.com,pypi,multimatch-gaze,67,1,0,1,41,0,2042,,2042,6,0,0,0.09792284866468848,0.0,3,0,"",1,0,0,0,0,0,push:2042d release:2042d commits:0 active_maint:0 closed:0 merged:0,https://science.ecosyste.ms/projects/2480
1525,VineCopulas,https://github.com/vu-ivm/vinecopulas,dormant,98.0,4.709530201312334,0,Scientific Software,Peer-reviewed,Python,VU-IVM,VU-IVM,organization,,https://www.ivm.vu.nl/en/index.aspx,,,0,,,,39,0,,,119,3,7,1,0.07906976744186045,0.0,3,1,judithclaassen,1,5,0,4,0,0,push:119d commits:7 active_maint:1 closed:5 merged:4,https://science.ecosyste.ms/projects/501
1527,anadrofish,https://github.com/danstich/anadrofish,dormant,100.0,2.70805020110221,0,Scientific Software,Peer-reviewed,R,danStich,,user,SUNY Oneonta,https://danstich.github.io/stich/,,,0,,,,5,0,,,139,3,10,2,0.012048192771084376,0.19999999999999996,1,0,"",13,1,11,0,0,0,push:139d commits:8 active_maint:0 closed:11 merged:0,https://science.ecosyste.ms/projects/37
1528,Evoke,https://github.com/signalling-games-org/evoke,dormant,100.0,2.70805020110221,0,Scientific Software,Peer-reviewed,Python,signalling-games-org,Signalling Games,organization,,,,,0,,,,6,0,,,99,3,6,1,0.4331065759637188,0.0,1,1,stephenfmann,1,0,1,0,0,0,push:99d commits:6 active_maint:1 closed:1 merged:0,https://science.ecosyste.ms/projects/385
1530,DREiMac,https://github.com/scikit-tda/dreimac,dormant,93.0,9.68439827154996,0,Scientific Software,Peer-reviewed,Python,scikit-tda,Scikit-TDA,organization,,scikit-tda.org,pypi,dreimac,47,0,0,4,41,0,688,,169,8,4,2,0.476,0.25,1,0,"",1,11,1,9,0,0,push:169d release:688d commits:4 active_maint:0 closed:10 merged:9,https://science.ecosyste.ms/projects/916
1531,HoverFast,https://github.com/choosehappy/hoverfast,dormant,98.0,4.68213122712422,0,Scientific Software,Peer-reviewed,Jupyter Notebook,choosehappy,,user,,,,,0,,,,39,0,,,174,3,0,0,0.2093023255813954,0.0,1,0,"",2,2,0,2,0,0,push:174d commits:0 active_maint:0 closed:2 merged:2,https://science.ecosyste.ms/projects/481
1532,RandomForestsGLS,https://github.com/arkajyotisaha/randomforestsgls,dead,93.0,9.680344001221918,0,Scientific Software,Peer-reviewed,C++,ArkajyotiSaha,Arkajyoti Saha,user,,,cran,RandomForestsGLS,319,0,0,1,23,0,666,,1617,2,0,0,0.010309278350515427,0.0,0,0,"",2,0,0,0,0,0,push:1617d release:666d commits:0 active_maint:0 closed:0 merged:0,https://science.ecosyste.ms/projects/1579
1533,IDESolver,https://github.com/joshkarpel/idesolver,dead,93.0,9.677840871003799,0,Scientific Software,Peer-reviewed,Python,JoshKarpel,Josh Karpel,user,@Workday,https://www.jtk.dev,pypi,idesolver,82,1,0,1,32,1,2079,,220,5,0,0,0.5517241379310345,0.0,1,0,"",0,0,0,0,0,0,archived push:220d release:2079d commits:0 active_maint:0 closed:0 merged:0,https://science.ecosyste.ms/projects/2921
1534,Osier,https://github.com/arfc/osier,dormant,95.0,7.66105638236183,0,Scientific Software,Peer-reviewed,Python,arfc,Advanced Reactors and Fuel Cycles,organization,,https://arfc.github.io,pypi,osier,58,0,0,1,8,0,379,,127,4,2,1,0.010443864229765065,0.0,1,1,samgdotson,0,5,0,5,0,0,push:127d release:379d commits:2 active_maint:1 closed:5 merged:5,https://science.ecosyste.ms/projects/361
1537,xinvert,https://github.com/miniufo/xinvert,dormant,93.0,9.651172623921639,0,Scientific Software,Peer-reviewed,Python,miniufo,Yu-Kun Qian,user,South China Sea Institute of Oceanography,https://github.com/miniufo/,pypi,xinvert,36,0,0,1,59,0,844,,0,7,2,1,0.46703296703296704,0.0,1,1,miniufo,2,2,1,2,0,0,push:0d release:844d commits:2 active_maint:1 closed:3 merged:2,https://science.ecosyste.ms/projects/1016
1538,Katsu,https://github.com/jashcraf/katsu,dormant,95.0,7.649692623711514,0,Scientific Software,Peer-reviewed,Python,Jashcraf,Jaren Ashcraft,user,,https://www.linkedin.com/in/jashcraf/,pypi,katsu,19,0,0,1,9,0,638,,30,7,3,1,0.4748603351955307,0.0,4,0,"",10,7,8,7,0,0,push:30d release:638d commits:3 active_maint:0 closed:15 merged:7,https://science.ecosyste.ms/projects/236
1541,CLAIRE,https://github.com/andreasmang/claire,dead,95.0,7.615791072035833,0,Scientific Software,Peer-reviewed,C++,andreasmang,Andreas Mang,user,"Department of Mathematics, University of Houston",https://www.math.uh.edu/~andreas/,,,0,,,,53,0,,,516,35,0,0,0.2553011026293469,0.0,3,0,"",1,0,0,0,0,0,push:516d commits:0 active_maint:0 closed:0 merged:0,https://science.ecosyste.ms/projects/1876
1542,Spelunker,https://github.com/galagabits/jwst-fgs-spelunker,dormant,95.0,7.6128310304073565,0,Scientific Software,Peer-reviewed,Python,GalagaBits,Derod Deal,user,University of Florida,www.dlderod.weebly.com,pypi,spelunker,44,0,0,2,8,0,797,,150,5,5,1,0.17153284671532842,0.0,2,1,nespinoza,3,0,0,0,0,0,push:150d release:797d commits:5 active_maint:1 closed:0 merged:0,https://science.ecosyste.ms/projects/709
1544,SONIC,https://github.com/opnavlab/sonic,dormant,98.0,4.605170185988091,0,Scientific Software,Peer-reviewed,MATLAB,opnavlab,opnavlab,organization,,https://seal.ae.gatech.edu,,,0,,,,32,0,,,162,5,3,2,0.16296296296296298,0.33333333333333337,3,0,"",0,4,0,1,0,0,push:162d commits:3 active_maint:0 closed:1 merged:1,https://science.ecosyste.ms/projects/512
1549,<code>biopixR</code>,https://github.com/brauckhoff/biopixr,dormant,93.0,9.539644119118783,0,Scientific Software,Peer-reviewed,HTML,Brauckhoff,,user,,,cran,biopixR,555,0,0,1,6,0,626,,39,5,3,1,0.5882352941176471,0.0,1,0,"",0,0,0,0,0,0,push:39d release:626d commits:3 active_maint:0 closed:0 merged:0,https://science.ecosyste.ms/projects/442
1550,astrosource,https://github.com/zemogle/astrosource,dormant,93.0,9.530683226667511,0,Scientific Software,Peer-reviewed,Python,zemogle,Edward Gomez,user,Las Cumbres Observatory,https://www.zemogle.net,pypi,astrosource,244,1,0,1,6,0,409,,387,4,0,0,0.4311688311688312,0.0,3,0,"",0,5,0,5,0,0,push:387d release:409d commits:0 active_maint:0 closed:5 merged:5,https://science.ecosyste.ms/projects/1969
1551,Persistable,https://github.com/luisscoccola/persistable,dormant,93.0,9.518413134075699,0,Scientific Software,Peer-reviewed,Python,LuisScoccola,,user,,,pypi,persistable-clustering,106,0,0,2,42,0,737,,375,3,0,0,0.04824561403508776,0.0,1,0,"",1,1,0,1,0,0,push:375d release:737d commits:0 active_maint:0 closed:1 merged:1,https://science.ecosyste.ms/projects/1216
1552,cytoscape-fcose,https://github.com/ivis-at-bilkent/cytoscape.js-fcose,dead,75.0,27.518003198177265,0,,,JavaScript,iVis-at-Bilkent,i-Vis at Bilkent,organization,,http://www.cs.bilkent.edu.tr/~ivis/,"npm,maven,bower","cytoscape-fcose,org.webjars.npm:cytoscape-fcose",4838204,10156,34,1,179,0,1260,,104,3,0,0,0.12935323383084574,0.0,1,0,"",1,0,0,0,0,0,push:104d release:1260d commits:0 active_maint:0 closed:0 merged:0,https://science.ecosyste.ms/projects/7044
1553,Logodetect,https://github.com/heldenkombinat/logodetect,dead,93.0,9.517825071724143,0,Scientific Software,Peer-reviewed,Jupyter Notebook,Heldenkombinat,Heldenkombinat Technologies GmbH,organization,,https://www.heldenkombinat.com/,pypi,logodetect,47,1,0,2,71,0,1556,,923,4,0,0,0.4550561797752809,0.0,1,0,"",2,0,0,0,0,0,push:923d release:1556d commits:0 active_maint:0 closed:0 merged:0,https://science.ecosyste.ms/projects/1531
1557,ratesb_python: A Python Package for Analyzing Rate Laws in Biological Models,https://github.com/sys-bio/ratesb_python,dormant,95.0,7.485491608030754,0,,,Python,sys-bio,UW Sauro Lab,organization,,www.sys-bio.org,pypi,ratesb-python,32,0,0,1,1,0,424,,294,5,11,2,0.1428571428571429,0.4545454545454546,1,0,"",11,1,7,0,0,0,push:294d release:424d commits:11 active_maint:0 closed:8 merged:0,https://science.ecosyste.ms/projects/423434
1559,WorldDynamics.jl,https://github.com/worlddynamics/worlddynamics.jl,dead,95.0,7.465082736399547,0,Scientific Software,Peer-reviewed,Julia,worlddynamics,World Dynamics,organization,,,"julia,go","WorldDynamics,github.com/worlddynamics/worlddynamics.jl,github.com/worlddynamics/WorldDynamics.jl",0,0,0,0,75,0,833,,796,6,0,0,0.5149384885764499,0.0,4,0,"",1,0,0,0,0,0,push:796d release:833d commits:0 active_maint:0 closed:0 merged:0,https://science.ecosyste.ms/projects/801
1561,PAS,https://github.com/bobaubouin/python_anesthesia_simulator,dormant,95.0,7.454719949364001,0,Scientific Software,Peer-reviewed,Python,BobAubouin,Bob Aubouin--Pairault,user,Gipsa-lab,,pypi,python-anesthesia-simulator,35,0,0,1,13,0,512,,269,3,1,1,0.4943820224719101,0.0,1,0,"",1,0,1,0,0,0,push:269d release:512d commits:1 active_maint:0 closed:1 merged:0,https://science.ecosyste.ms/projects/1036
1566,MDCraft,https://github.com/bbye98/mdcraft,dormant,95.0,7.422971251049421,0,Scientific Software,Peer-reviewed,Python,bbye98,,user,California Institute of Technology,,pypi,mdcraft,29,0,0,2,22,0,561,,344,3,2,1,0.3157894736842105,0.0,1,0,"",2,0,0,0,0,0,push:344d release:561d commits:2 active_maint:0 closed:0 merged:0,https://science.ecosyste.ms/projects/540
1570,Effluent,https://github.com/pnsaevik/effluent,dormant,98.0,4.394449154672439,0,Scientific Software,Peer-reviewed,Python,pnsaevik,Pål Næverlid Sævik,user,Institute of Marine Science,,pypi,effluent,25,1,0,1,3,0,652,,652,1,0,0,0.0,0.0,1,0,"",1,1,1,1,0,0,push:652d release:652d commits:0 active_maint:0 closed:2 merged:1,https://science.ecosyste.ms/projects/1002
1573,AutoEncoderToolkit.jl,https://github.com/mrazomej/autoencodertoolkit.jl,dormant,95.0,7.39018142822643,0,Scientific Software,Peer-reviewed,Julia,mrazomej,Manuel Razo-Mejia,user,Stanford,https://mrazo.notion.site/mrazo/Manuel-Razo-Mejia-6293ffa5e6174b3ab1b181efbd8cbca3,julia,AutoEncoderToolkit,0,0,0,0,25,0,759,,490,9,0,0,0.05343511450381677,0.0,1,0,"",1,15,1,2,0,0,push:490d release:759d commits:0 active_maint:0 closed:7 merged:2,https://science.ecosyste.ms/projects/563
1574,TLViz,https://github.com/tensorly/viz,dormant,98.0,4.382026634673881,0,Scientific Software,Peer-reviewed,Python,tensorly,TensorLy,organization,,http://tensorly.org,,,0,,,,16,0,,,88,5,11,3,0.403954802259887,0.4545454545454546,3,2,"MarieRoald,yngvem",0,3,0,3,0,0,push:88d commits:11 active_maint:2 closed:3 merged:3,https://science.ecosyste.ms/projects/1322
1575,Cellocity,https://github.com/oftatkofta/cellocity,dead,95.0,7.3777589082278725,0,Scientific Software,Peer-reviewed,Python,Oftatkofta,Jens Eriksson,user,Uppsala University,,pypi,cellocity,48,1,0,1,7,0,2101,,447,4,0,0,0.07241379310344831,0.0,1,0,"",1,0,0,0,0,0,push:447d release:2101d commits:0 active_maint:0 closed:0 merged:0,https://science.ecosyste.ms/projects/1993
1576,Torque-limited simple pendulum,https://github.com/dfki-ric-underactuated-lab/torque_limited_simple_pendulum,dormant,95.0,7.373374309910049,0,Scientific Software,Peer-reviewed,Python,dfki-ric-underactuated-lab,DFKI RIC Underactuated Lab,organization,,,,,0,,,,61,0,,,63,27,8,2,0.737516005121639,0.25,3,0,"",0,0,0,0,0,0,push:63d commits:8 active_maint:0 closed:0 merged:0,https://science.ecosyste.ms/projects/1499
1579,SAMBA,https://github.com/tldr-group/samba-web,dormant,98.0,4.356708826689592,0,Scientific Software,Peer-reviewed,TypeScript,tldr-group,tldr group,organization,,https://tldr-group.github.io/#/,,,0,,,,15,0,,,426,3,0,0,0.09787234042553195,0.0,2,0,"",3,6,0,6,0,0,push:426d commits:0 active_maint:0 closed:6 merged:6,https://science.ecosyste.ms/projects/660
1580,sbp-env,https://github.com/soraxas/sbp-env,dormant,95.0,7.336936913707618,0,Scientific Software,Peer-reviewed,Python,soraxas,Tin Lai,user,,https://cs.tinyiu.com,pypi,sbp-env,11,0,0,1,33,0,1386,,254,5,1,1,0.047272727272727244,0.0,1,0,"",0,1,0,1,0,0,push:254d release:1386d commits:1 active_maint:0 closed:1 merged:1,https://science.ecosyste.ms/projects/1723
1582,EphemerisSources.jl,https://github.com/juliaastro/ephemerissources.jl,dormant,95.0,7.333023014386481,0,Scientific Software,Peer-reviewed,Julia,JuliaAstro,Julia Astro,organization,,https://JuliaAstro.org,julia,"SPICEBodies,HorizonsAPI,SPICEKernels,HorizonsEphemeris,EphemerisSources,EphemerisSourcesBase",0,0,1,0,6,0,516,,2,7,11,4,0.21157684630738527,0.5454545454545454,3,2,"cadojo,abhro",2,24,1,15,0,0,push:2d release:516d commits:8 active_maint:2 closed:22 merged:15,https://science.ecosyste.ms/projects/454
1587,lbh15,https://github.com/newcleo-dev-team/lbh15,dead,93.0,9.297618380083243,0,Scientific Software,Peer-reviewed,Python,newcleo-dev-team,newcleo,organization,,https://www.newcleo.com,pypi,lbh15,31,0,0,1,8,0,847,,622,11,0,0,0.6960431654676259,0.0,3,0,"",2,0,0,0,0,0,push:622d release:847d commits:0 active_maint:0 closed:0 merged:0,https://science.ecosyste.ms/projects/752
1588,VIEWpoly,https://github.com/mmollina/viewpoly,dormant,93.0,9.290629203204986,0,Scientific Software,Peer-reviewed,R,mmollina,Marcelo Mollinari,user,North Carolina State University,,cran,viewpoly,257,0,0,1,7,0,854,,290,6,1,1,0.08239700374531833,0.0,2,1,Cristianetaniguti,1,2,0,1,0,0,push:290d release:854d commits:1 active_maint:1 closed:2 merged:1,https://science.ecosyste.ms/projects/1493
1590,ShOpt.jl,https://github.com/edwardberman/shopt,dormant,98.0,4.276666119016055,0,Scientific Software,Peer-reviewed,Julia,EdwardBerman,Edward Berman,user,McCleary's Group / COSMOS Web,https://linktr.ee/bermanEdward,,,0,,,,25,0,,,646,3,0,0,0.017391304347826098,0.0,2,0,"",0,1,0,1,0,0,push:646d commits:0 active_maint:0 closed:1 merged:1,https://science.ecosyste.ms/projects/551
1591,EWDM,https://github.com/dspelaez/extended-wdm,dormant,98.0,4.276666119016055,0,Scientific Software,Peer-reviewed,Jupyter Notebook,dspelaez,Daniel Peláez Zapata,user,UCD/ENS,dspelaez.github.io,,,0,,,,17,0,,,34,7,7,1,0.5581395348837209,0.0,0,0,"",0,5,0,5,0,0,push:34d commits:7 active_maint:0 closed:5 merged:5,https://science.ecosyste.ms/projects/185
1598,The SAGE Rejected Article Tracker,https://github.com/sagepublishing/rejected_article_tracker_pkg,dead,95.0,7.234177179749849,0,Scientific Software,Peer-reviewed,Python,sagepublishing,SAGE Publishing,organization,,,pypi,rejected-article-tracker,31,1,0,1,14,1,1563,,1563,3,0,0,0.27108433734939763,0.0,1,0,"",0,0,0,0,0,0,archived push:1563d release:1563d commits:0 active_maint:0 closed:0 merged:0,https://science.ecosyste.ms/projects/1815
1600,RobotDART,https://github.com/nosalro/robot_dart,dormant,95.0,7.229838778151251,0,Scientific Software,Peer-reviewed,C++,NOSALRO,NOSALRO,organization,,https://nosalro.github.io/,,,0,,,,58,0,,,502,20,0,0,0.30132939438700146,0.0,4,0,"",1,7,0,3,0,0,push:502d commits:0 active_maint:0 closed:3 merged:3,https://science.ecosyste.ms/projects/431
1601,UWGeodynamics,https://github.com/underworldcode/uwgeodynamics,dead,95.0,7.226936018493289,0,Scientific Software,Peer-reviewed,Python,underworldcode,Underworld geodynamics software platform and tools,organization,,http://www.underworldcode.org,,,0,,,,86,1,,,1529,16,0,0,0.49478390461997024,0.0,2,0,"",0,0,0,0,0,0,archived push:1529d commits:0 active_maint:0 closed:0 merged:0,https://science.ecosyste.ms/projects/2603
1602,PyKronecker,https://github.com/nickelnine37/pykronecker,dead,93.0,9.221873607789854,0,Scientific Software,Peer-reviewed,Python,nickelnine37,,user,,,pypi,pykronecker,279,1,0,1,18,0,1119,,859,2,0,0,0.04109589041095896,0.0,1,0,"",1,0,0,0,0,0,push:859d release:1119d commits:0 active_maint:0 closed:0 merged:0,https://science.ecosyste.ms/projects/1258
1608,PFEIFER,https://github.com/sciinstitute/pfeifer,dormant,98.0,4.1588830833596715,0,Scientific Software,Peer-reviewed,MATLAB,SCIInstitute,The Scientific Computing and Imaging Institute,organization,,www.sci.utah.edu,,,0,,,,3,0,,,527,8,0,0,0.417910447761194,0.0,1,0,"",0,2,0,2,0,0,push:527d commits:0 active_maint:0 closed:2 merged:2,https://science.ecosyste.ms/projects/2925
1611,Aletheia,https://github.com/daniellerch/aletheia,dormant,95.0,7.1444071803211395,0,Scientific Software,Peer-reviewed,Python,daniellerch,"Daniel Lerch, PhD",user,,http://www.daniellerch.me,,,0,,,,211,0,,,2,7,11,1,0.05095541401273884,0.0,0,0,"",5,2,3,0,0,0,push:2d commits:11 active_maint:0 closed:4 merged:0,https://science.ecosyste.ms/projects/865
1615,PySPI,https://github.com/bjoernbiltzinger/pyspi,dead,95.0,7.138866999945524,0,Scientific Software,Peer-reviewed,Python,BjoernBiltzinger,Björn Biltzinger,user,,,pypi,py-spi,34,0,0,1,10,0,1591,,329,4,0,0,0.19655172413793098,0.0,3,0,"",0,1,0,0,0,0,push:329d release:1591d commits:0 active_maint:0 closed:0 merged:0,https://science.ecosyste.ms/projects/1557
1620,Instrbuilder,https://github.com/lucask07/instrbuilder,dormant,95.0,7.103322062526112,0,Scientific Software,Peer-reviewed,Python,lucask07,Lucas Koerner,user,,,pypi,instrbuilder,14,1,0,1,9,0,1684,,43,5,4,1,0.07772020725388606,0.0,1,0,"",0,2,0,2,0,0,push:43d release:1684d commits:4 active_maint:0 closed:2 merged:2,https://science.ecosyste.ms/projects/2598
1621,rfasst,https://github.com/jgcri/rfasst,dormant,98.0,4.0943445622221,0,Scientific Software,Peer-reviewed,R,JGCRI,Joint Global Change Research Institute,organization,,https://www.pnnl.gov/projects/jgcri,,,0,,,,10,0,,,1287,5,0,0,0.2848484848484848,0.0,1,0,"",2,1,0,0,0,0,push:1287d commits:0 active_maint:0 closed:1 merged:0,https://science.ecosyste.ms/projects/1622
1622,Qlunc,https://github.com/swe-unistuttgart/qlunc,dormant,98.0,4.094344562222101,0,Scientific Software,Peer-reviewed,Jupyter Notebook,SWE-UniStuttgart,Stuttgart Wind Energy (SWE) - Uni Stuttgart,organization,,https://www.ifb.uni-stuttgart.de/en/research/windenergy/,,,0,,,,10,0,,,269,6,0,0,0.05319148936170215,0.0,1,0,"",0,6,0,6,0,0,push:269d commits:0 active_maint:0 closed:6 merged:6,https://science.ecosyste.ms/projects/1708
1623,PyFPT,https://github.com/jacks0nj/pyfpt,dormant,95.0,7.090076835776092,0,Scientific Software,Peer-reviewed,Python,Jacks0nJ,Joe Jackson,user,University of Portsmouth,,pypi,pyfpt,15,0,0,1,10,0,1366,,666,5,0,0,0.0490196078431373,0.0,1,1,Jacks0nJ,0,1,0,1,0,0,push:666d release:1366d commits:0 active_maint:1 closed:1 merged:1,https://science.ecosyste.ms/projects/1276
1625,serp,https://github.com/ejikeugba/serp,dead,93.0,9.078864009187797,0,Scientific Software,Peer-reviewed,R,ejikeugba,Ejike,user,"Helmut Schmidt University, Hamburg",https://ejikeugba.github.io/DataXotic/,cran,serp,2187,1,3,1,1,0,612,,612,2,0,0,0.025316455696202556,0.0,1,0,"",1,0,0,0,0,0,push:612d release:612d commits:0 active_maint:0 closed:0 merged:0,https://science.ecosyste.ms/projects/1711
1626,RCzechia,https://github.com/jlacko/rczechia,dormant,98.0,4.060443010546419,0,Scientific Software,Peer-reviewed,R,jlacko,Jindra Lacko,user,,www.jla-data.net,,,0,,,,34,0,,,11,2,8,1,0.0022988505747126853,0.0,1,1,jlacko,1,9,1,7,0,0,push:11d commits:8 active_maint:1 closed:8 merged:7,https://science.ecosyste.ms/projects/1225
1629,"STReNGTHS, a Python package to model and simulate complex reaction-diffusion systems",https://github.com/thibaultfillion/strengths,dormant,93.0,9.03025631012242,0,Scientific Software,Peer-reviewed,Python,ThibaultFillion,,user,,,pypi,strengths,694,1,0,1,6,0,424,,269,2,0,0,0.01098901098901095,0.0,1,0,"",0,6,0,4,0,0,push:269d release:424d commits:0 active_maint:0 closed:6 merged:4,https://science.ecosyste.ms/projects/690
1630,PyView,https://github.com/galizia-lab/pyview,dormant,98.0,4.025351690735149,0,Scientific Software,Peer-reviewed,Jupyter Notebook,galizia-lab,Galizia Lab,organization,,http://neuro.uni-konstanz.de/,,,0,,,,6,0,,,62,4,0,0,0.4769230769230769,0.0,0,0,"",5,11,2,7,0,0,push:62d commits:0 active_maint:0 closed:10 merged:7,https://science.ecosyste.ms/projects/1234
1631,Tyssue,https://github.com/damcb/tyssue,dormant,95.0,7.0085051820822795,0,Scientific Software,Peer-reviewed,Python,DamCB,Data Analysis and Modelling in Computational Biology ,organization,,http://morphogenie.fr,conda,tyssue,0,1,0,0,68,0,1890,,176,14,2,1,0.23815165876777256,0.0,2,1,glyg,0,4,0,0,0,0,push:176d release:1890d commits:2 active_maint:1 closed:3 merged:0,https://science.ecosyste.ms/projects/1867
1634,Thing Directory,https://github.com/linksmart/thing-directory,dead,95.0,6.984716320118266,0,Scientific Software,Peer-reviewed,Go,linksmart,LinkSmart.eu,organization,,https://linksmart.eu,go,github.com/linksmart/thing-directory,0,0,4,0,21,1,1959,,1478,10,0,0,0.41880341880341876,0.0,3,0,"",0,0,0,0,0,0,archived push:1478d release:1959d commits:0 active_maint:0 closed:0 merged:0,https://science.ecosyste.ms/projects/1924
1638,mcbette,https://github.com/ropensci/mcbette,dormant,93.0,8.954156966583772,0,Scientific Software,Peer-reviewed,R,ropensci,rOpenSci,organization,,https://ropensci.org/,cran,mcbette,206,1,1,1,7,0,710,,274,3,1,1,0.01810584958217265,0.0,3,0,"",0,1,0,1,0,0,push:274d release:710d commits:1 active_maint:0 closed:1 merged:1,https://science.ecosyste.ms/projects/2077
1642,pygen-structures,https://github.com/thesketh/pygen-structures,dormant,95.0,6.927557906278317,0,Scientific Software,Peer-reviewed,Python,thesketh,Travis Hesketh,user,,,pypi,pygen-structures,15,1,0,1,10,0,2283,,84,4,1,1,0.5,0.0,2,1,avanteijlingen,0,1,0,1,0,0,push:84d release:2283d commits:1 active_maint:1 closed:1 merged:1,https://science.ecosyste.ms/projects/2256
1643,TimeSeriesClustering,https://github.com/holgerteichgraeber/timeseriesclustering.jl,dormant,95.0,6.917705609835306,0,Scientific Software,Peer-reviewed,Julia,holgerteichgraeber,Holger Teichgraeber,user,Stanford University,www.hteich.com,julia,TimeSeriesClustering,0,0,1,0,85,0,2515,,156,10,0,0,0.44594594594594594,0.0,2,1,holgerteichgraeber,1,1,0,0,0,0,push:156d release:2515d commits:0 active_maint:1 closed:0 merged:0,https://science.ecosyste.ms/projects/2459
1645,GFAKluge,https://github.com/edawson/gfakluge,dead,95.0,6.90875477931522,0,Scientific Software,Peer-reviewed,C++,edawson,Eric T. Dawson,user,@nvidia,www.erictdawson.com,,,0,,,,56,0,,,1535,13,0,0,0.10857142857142854,0.0,1,0,"",1,0,0,0,0,0,push:1535d commits:0 active_maint:0 closed:0 merged:0,https://science.ecosyste.ms/projects/2676
1646,Synthia,https://github.com/dmey/synthia,dead,93.0,8.90815361332152,0,Scientific Software,Peer-reviewed,Python,dmey,,user,,,pypi,synthia,24,2,1,1,69,0,1793,,1036,4,0,0,0.11864406779661019,0.0,3,0,"",1,0,0,0,0,0,push:1036d release:1793d commits:0 active_maint:0 closed:0 merged:0,https://science.ecosyste.ms/projects/1756
1648,openaerostruct,https://github.com/mdolab/openaerostruct,dormant,85.0,16.905043326867716,0,,,Python,mdolab,MDO Lab,organization,,mdolab.engin.umich.edu,"go,pypi","github.com/mdolab/openaerostruct,github.com/mdolab/OpenAeroStruct,openaerostruct",2980,0,2,1,266,0,399,,297,32,5,2,0.45360110803324105,0.19999999999999996,5,0,"",4,30,1,20,0,0,push:297d release:399d commits:5 active_maint:0 closed:24 merged:20,https://science.ecosyste.ms/projects/3467
1653,PASCal Python,https://github.com/mjcliffe/pascal,dormant,98.0,3.8918202981106265,0,Scientific Software,Peer-reviewed,Python,MJCliffe,Matt Cliffe,user,,,,,0,,,,3,0,,,105,7,6,1,0.3829787234042553,0.0,2,1,ml-evs,2,1,0,1,0,0,push:105d commits:6 active_maint:1 closed:1 merged:1,https://science.ecosyste.ms/projects/944
1654,Systole,https://github.com/embodied-computation-group/systole,dormant,95.0,6.887552571664618,0,Scientific Software,Peer-reviewed,Python,embodied-computation-group,Embodied Computation group,organization,,https://the-ecg.org/,,,0,,,,89,0,,,448,10,0,0,0.07003891050583655,0.0,1,0,"",5,0,1,0,0,0,push:448d commits:0 active_maint:0 closed:1 merged:0,https://science.ecosyste.ms/projects/1645
1655,meshio,https://github.com/nschloe/meshio,dormant,77.0,24.879853872603963,0,,,Python,nschloe,Nico Schlömer,user,Monday Tech,,"pypi,go,conda,spack","meshio,github.com/nschloe/meshio,py-meshio",262169,283,113,1,2300,0,911,,737,67,0,0,0.3373626373626374,0.0,1,0,"",8,5,0,0,0,0,push:737d release:911d commits:0 active_maint:0 closed:2 merged:0,https://science.ecosyste.ms/projects/5870
1657,disksurf,https://github.com/richteague/disksurf,dormant,95.0,6.866933284461882,0,Scientific Software,Peer-reviewed,Python,richteague,Rich Teague,user,Massachusetts Institute of Technology,https://richteague.github.io,pypi,disksurf,14,1,0,1,10,0,696,,696,5,1,1,0.18656716417910446,0.0,1,0,"",0,0,0,0,0,0,push:696d release:696d commits:1 active_maint:0 closed:0 merged:0,https://science.ecosyste.ms/projects/1694
1665,xrdfit,https://github.com/lightform-group/xrdfit,dead,95.0,6.822197390620491,0,Scientific Software,Peer-reviewed,Jupyter Notebook,LightForm-group,LightForm,organization,,lightform.org.uk,pypi,xrdfit,32,1,0,1,9,0,1171,,1171,3,0,0,0.09589041095890416,0.0,2,0,"",1,0,0,0,0,0,push:1171d release:1171d commits:0 active_maint:0 closed:0 merged:0,https://science.ecosyste.ms/projects/2144
1668,OpenDrop,https://github.com/jdber1/opendrop,dormant,95.0,6.779921907472252,0,Scientific Software,Peer-reviewed,Python,jdber1,,user,,,,,0,,,,48,0,,,169,16,0,0,0.16320166320166318,0.0,5,0,"",7,9,0,0,0,0,push:169d commits:0 active_maint:0 closed:3 merged:0,https://science.ecosyste.ms/projects/1973
1673,bistablehistory,https://github.com/alexander-pastukhov/bistablehistory,dormant,95.0,6.754604099487962,0,Scientific Software,Peer-reviewed,C++,alexander-pastukhov,Alexander (Sasha) Pastukhov,user,Otto-Friedrich-Universität Bamberg,https://alexander-pastukhov.github.io/,cran,bistablehistory,285,0,0,1,0,0,1051,,141,3,4,1,0.022058823529411797,0.0,0,0,"",2,0,1,0,0,0,push:141d release:1051d commits:4 active_maint:0 closed:1 merged:0,https://science.ecosyste.ms/projects/1597
1674,svFSI,https://github.com/simvascular/svfsi,dead,95.0,6.747586526829316,0,Scientific Software,Peer-reviewed,Fortran,SimVascular,SimVascular,organization,,,,,0,,,,48,0,,,1016,12,0,0,0.2315789473684211,0.0,3,0,"",2,0,0,0,0,0,push:1016d commits:0 active_maint:0 closed:0 merged:0,https://science.ecosyste.ms/projects/1379
1675,SyntheticEddyMethod.jl,https://github.com/carlodev/syntheticeddymethod.jl,dormant,98.0,3.737669618283368,0,Scientific Software,Peer-reviewed,Julia,carlodev,,user,,,julia,SyntheticEddyMethod,0,0,0,0,5,0,575,,556,3,0,0,0.02487562189054726,0.0,1,0,"",1,0,1,0,0,0,push:556d release:575d commits:0 active_maint:0 closed:1 merged:0,https://science.ecosyste.ms/projects/1057
1677,modeLLtest,https://github.com/shanascogin/modelltest,dormant,93.0,8.734560089952993,0,Scientific Software,Peer-reviewed,R,ShanaScogin,Shana Scogin,user,University of Notre Dame,https://shanascogin.com/,cran,modeLLtest,238,0,0,1,9,0,1547,,291,2,3,1,0.003937007874015741,0.0,1,1,ShanaScogin,1,0,1,0,0,0,push:291d release:1547d commits:3 active_maint:1 closed:1 merged:0,https://science.ecosyste.ms/projects/2465
1681,Mayawaves,https://github.com/mayawaves/mayawaves,dormant,95.0,6.71901315438526,0,Scientific Software,Peer-reviewed,Python,MayaWaves,MayaWaves,organization,,,pypi,mayawaves,22,0,0,1,13,0,826,,224,4,3,2,0.1875,0.33333333333333337,0,0,"",0,13,0,10,0,0,push:224d release:826d commits:3 active_maint:0 closed:10 merged:10,https://science.ecosyste.ms/projects/638
1682,phyphy,https://github.com/sjspielman/phyphy,dead,95.0,6.70808408385307,0,Scientific Software,Peer-reviewed,Python,sjspielman,Stephanie,user,@AlexsLemonade ,https://sjspielman.github.io,pypi,phyphy,11,1,0,1,21,1,2816,,1696,3,0,0,0.20353982300884954,0.0,1,0,"",0,0,0,0,0,0,archived push:1696d release:2816d commits:0 active_maint:0 closed:0 merged:0,https://science.ecosyste.ms/projects/2931
1685,MarSwitching.jl,https://github.com/m-dadej/marswitching.jl,dead,98.0,3.6888794541139363,0,Scientific Software,Peer-reviewed,Julia,m-dadej,Mateusz Dadej,user,University of Brescia,,julia,MarSwitching,0,0,0,0,43,0,789,,728,1,0,0,0.0,0.0,1,0,"",1,0,0,0,0,0,push:728d release:789d commits:0 active_maint:0 closed:0 merged:0,https://science.ecosyste.ms/projects/639
1686,DetectorChecker,https://github.com/alan-turing-institute/detectorchecker,dead,98.0,3.688879454113936,0,Scientific Software,Peer-reviewed,HTML,alan-turing-institute,The Alan Turing Institute,organization,,https://turing.ac.uk,,,0,,,,0,1,,,499,8,0,0,0.5857988165680473,0.0,3,0,"",0,0,0,0,0,0,archived push:499d commits:0 active_maint:0 closed:0 merged:0,https://science.ecosyste.ms/projects/2016
1687,BioProv - A provenance library for bioinformatics workflows,https://github.com/vinisalazar/bioprov,dead,93.0,8.688790784847216,0,Scientific Software,Peer-reviewed,Python,vinisalazar,Vini Salazar,user,,,pypi,bioprov,210,1,0,1,14,1,1745,,58,2,1,1,0.06539509536784738,0.0,1,0,"",0,0,0,0,0,0,archived push:58d release:1745d commits:1 active_maint:0 closed:0 merged:0,https://science.ecosyste.ms/projects/1699
1689,gym-saturation,https://github.com/inpefess/gym-saturation,dead,93.0,8.68270762989381,0,Scientific Software,Peer-reviewed,TeX,inpefess,Boris Shminke,user,Expleo,https://boris.shminke.com,"pypi,conda",gym-saturation,116,1,0,1,24,1,411,,217,2,9,1,0.2332317073170732,0.0,1,1,inpefess,0,14,0,12,0,0,archived push:217d release:411d commits:9 active_maint:1 closed:12 merged:12,https://science.ecosyste.ms/projects/1592
1690,CarrierCapture.jl,https://github.com/wmd-group/carriercapture.jl,dormant,95.0,6.682108597449808,0,Scientific Software,Peer-reviewed,Jupyter Notebook,WMD-group,Materials Design Group,organization,,https://wmd-group.github.io,,,0,,,,58,0,,,98,14,5,1,0.6753246753246753,0.0,2,0,"",1,1,1,0,0,0,push:98d commits:5 active_maint:0 closed:1 merged:0,https://science.ecosyste.ms/projects/2278
1697,Lightshow,https://github.com/ai-multimodal/lightshow,dormant,95.0,6.643789733147672,0,Scientific Software,Peer-reviewed,Python,AI-multimodal,AI-multimodal,organization,,,,,0,,,,17,0,,,185,24,0,0,0.5031210986267166,0.0,5,1,xhqu1981,0,14,0,2,0,0,push:185d commits:0 active_maint:1 closed:7 merged:2,https://science.ecosyste.ms/projects/1051
1699,PYCV,https://github.com/giorginolab/plumed2-pycv,dead,95.0,6.628041376179533,0,Scientific Software,Peer-reviewed,C++,giorginolab,Giorgino Laboratory,organization,,www.giorginolab.it,,,0,,,,9,1,,,197,84,0,0,0.531236104935527,0.0,0,0,"",2,0,1,0,0,0,archived push:197d commits:0 active_maint:0 closed:1 merged:0,https://science.ecosyste.ms/projects/2426
1705,BART-Survival,https://github.com/cdcgov/bart-survival,dead,93.0,8.584103896698865,0,Scientific Software,Peer-reviewed,Jupyter Notebook,CDCgov,Centers for Disease Control and Prevention,organization,,http://open.cdc.gov/,pypi,bart-survival,197,0,0,1,9,0,757,,24,3,0,0,0.06870229007633588,0.0,1,0,"",0,3,0,0,0,0,push:24d release:757d commits:0 active_maint:0 closed:0 merged:0,https://science.ecosyste.ms/projects/306
1707,NuclearToolkit.jl,https://github.com/sotayoshida/nucleartoolkit.jl,dormant,95.0,6.579251212010101,0,Scientific Software,Peer-reviewed,Julia,SotaYoshida,,user,Utsunomiya University,https://sites.google.com/view/syoshidant,julia,NuclearToolkit,0,0,0,0,36,0,424,,9,4,3,2,0.04914529914529919,0.33333333333333337,1,1,SotaYoshida,1,3,0,1,0,0,push:9d release:424d commits:3 active_maint:1 closed:1 merged:1,https://science.ecosyste.ms/projects/1328
1715,Gillespie.jl: Stochastic Simulation Algorithm in Julia,https://github.com/sdwfrost/gillespie.jl,dormant,95.0,6.551080335043405,0,,,Jupyter Notebook,sdwfrost,Simon Frost,user,Microsoft,http://microsoft.com/premonition,,,0,,,,67,0,,,156,10,2,1,0.15517241379310343,0.0,1,0,"",1,0,1,0,0,0,push:156d commits:2 active_maint:0 closed:1 merged:0,https://science.ecosyste.ms/projects/374064
1723,surtvep,https://github.com/um-kevinhe/surtvep,dormant,95.0,6.51025834052315,0,Scientific Software,Peer-reviewed,C++,UM-KevinHe,UM-KevinHe,organization,,,cran,surtvep,167,0,0,1,1,0,1017,,233,4,1,1,0.3259668508287292,0.0,1,0,"",0,0,0,0,0,0,push:233d release:1017d commits:1 active_maint:0 closed:0 merged:0,https://science.ecosyste.ms/projects/621
1724,A Fast Iterative Method Python package,https://github.com/thomgrand/fim-python,dead,93.0,8.507142855562735,0,Scientific Software,Peer-reviewed,Python,thomgrand,Thomas G.,user,,,pypi,fim-python,223,1,0,1,13,0,836,,836,2,0,0,0.038461538461538436,0.0,2,0,"",1,0,0,0,0,0,push:836d release:836d commits:0 active_maint:0 closed:0 merged:0,https://science.ecosyste.ms/projects/1713
1727,QuantNBody,https://github.com/syalouz/quantnbody,dormant,93.0,8.468002947225466,0,Scientific Software,Peer-reviewed,Jupyter Notebook,SYalouz,Saad Yalouz,user,,https://www.saad-yalouz.com/,pypi,quantnbody,31,1,0,2,15,0,1358,,142,10,2,2,0.31443298969072164,0.5,2,1,grouaut,0,4,0,2,0,0,push:142d release:1358d commits:2 active_maint:1 closed:2 merged:2,https://science.ecosyste.ms/projects/1303
1728,JeFaPaTo - A joint toolbox for blinking analysis and facial features extraction,https://github.com/cvjena/jefapato,dormant,98.0,3.465735902799726,0,Scientific Software,Peer-reviewed,Python,cvjena,Computer Vision Group Jena,organization,,https://www.inf-cv.uni-jena.de/,,,0,,,,8,0,,,108,4,2,1,0.018320610687022953,0.0,1,0,"",1,0,0,0,0,0,push:108d commits:2 active_maint:0 closed:0 merged:0,https://science.ecosyste.ms/projects/717
1732,lhorizon,https://github.com/millionconcepts/lhorizon,dormant,95.0,6.416732282512326,0,Scientific Software,Peer-reviewed,Python,MillionConcepts,Million Concepts,organization,,www.millionconcepts.com,"conda,pypi",lhorizon,15,1,0,1,6,0,535,,263,6,2,1,0.07222222222222219,0.0,0,0,"",0,0,0,0,0,0,push:263d release:535d commits:2 active_maint:0 closed:0 merged:0,https://science.ecosyste.ms/projects/1767
1738,flory,https://github.com/qiangyicheng/flory,dormant,95.0,6.396929655216146,0,Scientific Software,Peer-reviewed,Python,qiangyicheng,Yicheng QIang (强 宜澄),user,,,pypi,flory,24,0,0,1,11,0,534,,55,2,4,1,0.16153846153846152,0.0,2,1,david-zwicker,0,4,0,3,0,0,push:55d release:534d commits:4 active_maint:1 closed:3 merged:3,https://science.ecosyste.ms/projects/260
1739,D3mirt,https://github.com/forsbergpyschometrics/d3mirt,dormant,93.0,8.391629968440892,0,Scientific Software,Peer-reviewed,R,ForsbergPyschometrics,Erik Forsberg,user,Stockholm University,,cran,D3mirt,244,0,0,1,2,0,768,,523,3,8,2,0.22251655629139078,0.125,1,1,ForsbergPsychometrics,1,0,1,0,0,0,push:523d release:768d commits:8 active_maint:1 closed:1 merged:0,https://science.ecosyste.ms/projects/598
1741,aweSOM,https://github.com/tvh0021/awesom,dormant,100.0,1.3862943611198906,0,Scientific Software,Peer-reviewed,Python,tvh0021,Trung Ha,user,,,,,0,,,,5,0,,,482,1,0,0,0.0,0.0,0,0,"",4,0,3,0,0,0,push:482d commits:0 active_maint:0 closed:3 merged:0,https://science.ecosyste.ms/projects/224
1744,xpecgen,https://github.com/dih5/xpecgen,dormant,93.0,8.38022733634308,0,Scientific Software,Peer-reviewed,Python,Dih5,Guillermo Hernández,user,Universidad de Salamanca,,pypi,xpecgen,108,0,0,1,18,0,3123,,39,3,3,2,0.02400000000000002,0.33333333333333337,1,0,"",0,1,0,1,0,0,push:39d release:3123d commits:3 active_maint:0 closed:1 merged:1,https://science.ecosyste.ms/projects/3092
1745,4DModeller,https://github.com/4dmodeller/fdmr,dormant,95.0,6.376726947898627,0,Scientific Software,Peer-reviewed,R,4DModeller,4DModeller,organization,,,,,0,,,,18,0,,,526,14,0,0,0.3413848631239935,0.0,1,0,"",6,17,6,16,0,0,push:526d commits:0 active_maint:0 closed:22 merged:16,https://science.ecosyste.ms/projects/279
1746,scikit-hubness,https://github.com/varir/scikit-hubness,dead,93.0,8.371010681238156,0,Scientific Software,Peer-reviewed,Python,VarIr,Roman Feldbauer,user,@ProxygenTx,https://www.feldbauer.cc,pypi,scikit-hubness,33,2,0,1,46,0,2389,,790,2,0,0,0.0036363636363636598,0.0,1,0,"",1,0,0,0,0,0,push:790d release:2389d commits:0 active_maint:0 closed:0 merged:0,https://science.ecosyste.ms/projects/2331
1749,QMix,https://github.com/garrettj403/qmix,dormant,95.0,6.349138991379798,0,Scientific Software,Peer-reviewed,Python,garrettj403,John Garrett,user,,,pypi,qmix,24,1,0,1,10,0,2212,,6,2,8,1,0.11726384364820852,0.0,0,0,"",1,0,1,0,0,0,push:6d release:2212d commits:8 active_maint:0 closed:1 merged:0,https://science.ecosyste.ms/projects/2625
1750,Eir,https://github.com/mjacob1002/eir,dormant,93.0,8.34283980427146,0,Scientific Software,Peer-reviewed,Python,mjacob1002,Mathew Jacob,user,,,pypi,eir,28,1,0,1,38,0,1875,,537,4,0,0,0.03581267217630857,0.0,1,0,"",0,2,0,2,0,0,push:537d release:1875d commits:0 active_maint:0 closed:2 merged:2,https://science.ecosyste.ms/projects/1862
1751,Thresholdmann,https://github.com/neuroanatomy/thresholdmann,dormant,98.0,3.332204510175204,0,Scientific Software,Peer-reviewed,JavaScript,neuroanatomy,Neuroanatomy,organization,,http://neuroanatomy.github.io,,,0,,,,4,0,,,184,4,1,1,0.4504504504504504,0.0,3,0,"",0,0,0,0,0,0,push:184d commits:1 active_maint:0 closed:0 merged:0,https://science.ecosyste.ms/projects/718
1754,PRDA,https://github.com/claudiozandonella/prda,dormant,93.0,8.306472160100585,0,Scientific Software,Peer-reviewed,R,ClaudioZandonella,Claudio Zandonella Callegher,user,Eurac Research Institute for Renewable Energy,https://claudiozandonella.netlify.app/,cran,PRDA,224,0,0,1,6,0,2060,,269,3,4,1,0.11032028469750887,0.0,1,0,"",0,0,0,0,0,0,push:269d release:2060d commits:4 active_maint:0 closed:0 merged:0,https://science.ecosyste.ms/projects/1975
1755,aesop,https://github.com/bmorris3/aesop,dead,95.0,6.29156913955832,0,Scientific Software,Peer-reviewed,Jupyter Notebook,bmorris3,Brett M. Morris,user,@SpaceTelescope,http://brettmorr.is,pypi,aesop-arces,17,0,0,1,3,0,489,,489,3,0,0,0.1630434782608695,0.0,2,0,"",1,1,0,0,0,0,push:489d release:489d commits:0 active_maint:0 closed:0 merged:0,https://science.ecosyste.ms/projects/2787
1760,ViMag,https://github.com/rlado/vimag,dead,98.0,3.258096538021482,0,Scientific Software,Peer-reviewed,JavaScript,RLado,Ricard Lado,user,Universitat Ramon Llull (IQS School of Engineering),lado.one,,,0,,,,20,0,,,552,2,0,0,0.16279069767441856,0.0,1,0,"",2,0,0,0,0,0,push:552d commits:0 active_maint:0 closed:0 merged:0,https://science.ecosyste.ms/projects/1049
1766,Minerva,https://github.com/labsyspharm/minerva-story,dead,95.0,6.236369590203704,0,Scientific Software,Peer-reviewed,HTML,labsyspharm,Laboratory of Systems Pharmacology @ Harvard,organization,,https://labsyspharm.org/,,,0,,,,58,0,,,813,7,0,0,0.032786885245901676,0.0,3,0,"",1,0,0,0,0,0,push:813d commits:0 active_maint:0 closed:0 merged:0,https://science.ecosyste.ms/projects/2094
1771,concstats,https://github.com/ropensci/concstats,dead,93.0,8.20849175174038,0,Scientific Software,Peer-reviewed,R,ropensci,rOpenSci,organization,,https://ropensci.org/,cran,concstats,203,0,0,1,7,0,1218,,377,2,0,0,0.004424778761061954,0.0,0,0,"",1,0,0,0,0,0,push:377d release:1218d commits:0 active_maint:0 closed:0 merged:0,https://science.ecosyste.ms/projects/979
1774,JOAN,https://github.com/tud-hri/joan,dormant,95.0,6.20455776256869,0,Scientific Software,Peer-reviewed,Python,tud-hri,Human-Robot Interaction Lab - Delft University of Technology,organization,,,,,0,,,,17,0,,,542,15,0,0,0.6454183266932271,0.0,2,0,"",2,1,2,0,0,0,push:542d commits:0 active_maint:0 closed:3 merged:0,https://science.ecosyste.ms/projects/1256
1775,DESPASITO,https://github.com/santiso-group/despasito,dormant,93.0,8.1886891244442,0,Scientific Software,Peer-reviewed,Python,Santiso-Group,Santiso-Group,organization,,,pypi,despasito,48,1,0,1,22,0,543,,539,4,0,0,0.4110738255033557,0.0,2,0,"",6,5,6,4,0,0,push:539d release:543d commits:0 active_maint:0 closed:11 merged:4,https://science.ecosyste.ms/projects/286
1777,LBR-Stack,https://github.com/lbr-stack/lbr_stack_doc,dormant,98.0,3.1780538303479458,0,Scientific Software,Peer-reviewed,TeX,lbr-stack,lbr-stack,organization,,,,,0,,,,7,0,,,145,2,3,1,0.025000000000000022,0.0,1,1,mhubii,1,1,1,1,0,0,push:145d commits:3 active_maint:1 closed:2 merged:1,https://science.ecosyste.ms/projects/395
1780,findSVI,https://github.com/heli-xu/findsvi,dormant,93.0,8.16763571524637,0,Scientific Software,Peer-reviewed,R,heli-xu,,user,,,cran,findSVI,234,0,0,1,18,0,537,,393,1,6,1,0.0,0.0,2,0,"",1,1,0,0,0,0,push:393d release:537d commits:6 active_maint:0 closed:0 merged:0,https://science.ecosyste.ms/projects/612
1783,basilisk,https://github.com/ltla/basilisk,dormant,95.0,6.148468295917647,0,Scientific Software,Peer-reviewed,R,LTLA,Aaron Lun,user,@Genentech,,,,0,,,,29,0,,,264,12,3,2,0.08316831683168313,0.33333333333333337,1,0,"",3,1,3,1,0,0,push:264d commits:3 active_maint:0 closed:4 merged:1,https://science.ecosyste.ms/projects/1351
1788,SBIAX,https://github.com/homerjed/sbiax,dormant,93.0,8.114922974204593,0,Scientific Software,Peer-reviewed,Python,homerjed,Jed Homer,user,,homerjed.github.io,pypi,sbiax,87,0,0,1,23,0,422,,275,2,0,0,0.0331125827814569,0.0,1,0,"",9,15,8,14,0,0,push:275d release:422d commits:0 active_maint:0 closed:23 merged:14,https://science.ecosyste.ms/projects/317
1791,strandCheckR,https://github.com/uofabioinformaticshub/strandcheckr,dormant,98.0,3.091042453358316,0,Scientific Software,Peer-reviewed,R,UofABioinformaticsHub,"University of Adelaide, Bioinformatics Hub",organization,,https://www.adelaide.edu.au/bioinformatics-hub/,bioconductor,strandCheckR,0,0,0,1,1,0,464,,90,12,6,2,0.36140350877192984,0.33333333333333337,1,0,"",1,0,1,0,0,0,push:90d release:464d commits:6 active_maint:0 closed:1 merged:0,https://science.ecosyste.ms/projects/2654
1797,SIMsalabim,https://github.com/kostergroup/simsalabim,dormant,95.0,6.068425588244111,0,Scientific Software,Peer-reviewed,Pascal,kostergroup,,user,University of Groningen,koster-group.nl,,,0,,,,85,0,,,27,6,9,1,0.6506024096385542,0.0,2,0,"",1,8,0,0,0,0,push:27d commits:9 active_maint:0 closed:8 merged:0,https://science.ecosyste.ms/projects/1606
1799,FixedPointFinder,https://github.com/mattgolub/fixed-point-finder,dormant,95.0,6.059123195581797,0,Scientific Software,Peer-reviewed,Python,mattgolub,Matt Golub,user,University of Washington,homes.cs.washington.edu/~mgolub/,,,0,,,,108,0,,,730,4,0,0,0.04878048780487809,0.0,1,0,"",2,1,0,0,0,0,push:730d commits:0 active_maint:0 closed:1 merged:0,https://science.ecosyste.ms/projects/2730
1800,gcamfaostat,https://github.com/jgcri/gcamfaostat,dormant,98.0,3.044522437723423,0,Scientific Software,Peer-reviewed,R,JGCRI,Joint Global Change Research Institute,organization,,https://www.pnnl.gov/projects/jgcri,,,0,,,,16,0,,,539,1,0,0,0.0,0.0,2,0,"",6,3,0,3,0,0,push:539d commits:0 active_maint:0 closed:3 merged:3,https://science.ecosyste.ms/projects/732
1801,starry_process,https://github.com/rodluger/starry_process,dead,93.0,8.03268487596762,0,Scientific Software,Peer-reviewed,Python,rodluger,Rodrigo Luger,user,Flatiron Institute,luger.dev,pypi,starry-process,33,1,0,1,19,0,1941,,695,4,0,0,0.0625,0.0,2,0,"",1,1,0,0,0,0,push:695d release:1941d commits:0 active_maint:0 closed:0 merged:0,https://science.ecosyste.ms/projects/1836
1806,iRF,https://github.com/sumbose/irf,dead,95.0,6.0112671744041615,0,Scientific Software,Peer-reviewed,R,sumbose,Sumanta Basu,user,Cornell University,faculty.bscb.cornell.edu/~basu/,,,0,,,,48,0,,,1976,8,0,0,0.5733333333333333,0.0,1,0,"",1,0,0,0,0,0,push:1976d commits:0 active_maint:0 closed:0 merged:0,https://science.ecosyste.ms/projects/2703
1807,One4All,https://github.com/moore-institute-4-plastic-pollution-res/one4all,dead,93.0,8.010359588919783,0,Scientific Software,Peer-reviewed,R,Moore-Institute-4-Plastic-Pollution-Res,Moore Institute for Plastic Pollution Research,organization,,mooreplasticresearch.org,cran,One4All,250,0,0,1,4,0,758,,744,3,0,0,0.28,0.0,2,0,"",1,0,0,0,0,0,push:744d release:758d commits:0 active_maint:0 closed:0 merged:0,https://science.ecosyste.ms/projects/594
1810,AstroPaint,https://github.com/syasini/astropaint,dead,95.0,5.996452088619021,0,Scientific Software,Peer-reviewed,Jupyter Notebook,syasini,Siavash Yasini,user,Fanatics Inc,siavashyasini.com,,,0,,,,50,0,,,91,6,0,0,0.029490616621983934,0.0,2,0,"",1,2,0,0,0,0,push:91d commits:0 active_maint:0 closed:0 merged:0,https://science.ecosyste.ms/projects/2062
1811,MACE,https://github.com/silkemaes/mace,dormant,98.0,2.995732273553991,0,Scientific Software,Peer-reviewed,Jupyter Notebook,silkemaes,Silke Maes,user,KU Leuven - Institute for Astronomy,https://fys.kuleuven.be/ster/staff/phd-students/silke-maes,,,0,,,,6,0,,,482,5,0,0,0.02604166666666663,0.0,1,0,"",9,8,9,5,0,0,push:482d commits:0 active_maint:0 closed:14 merged:5,https://science.ecosyste.ms/projects/222
1813,inAccessMod,https://github.com/unige-geohealth/inaccessmod,dormant,98.0,2.9957322735539913,0,Scientific Software,Peer-reviewed,R,unige-geohealth,Université de Genève - GeoHealth ,organization,,www.unige.ch/geohealth,,,0,,,,11,0,,,265,2,5,1,0.009036144578313254,0.0,1,0,"",3,0,2,0,0,0,push:265d commits:5 active_maint:0 closed:2 merged:0,https://science.ecosyste.ms/projects/877
1817,SynxFlow,https://github.com/synxflow/synxflow,dormant,95.0,5.98141421125448,0,Scientific Software,Peer-reviewed,C++,SynxFlow,,user,,,,,0,,,,76,0,,,75,7,1,1,0.30817610062893086,0.0,2,0,"",4,2,1,1,0,0,push:75d commits:1 active_maint:0 closed:2 merged:1,https://science.ecosyste.ms/projects/80
1820,FNFT,https://github.com/fastnft/fnft,dormant,95.0,5.953243334287785,0,Scientific Software,Peer-reviewed,C,FastNFT,FastNFT,organization,,,,,0,,,,53,0,,,42,7,0,0,0.566607460035524,0.0,1,1,ffischer7,0,2,0,1,0,0,push:42d commits:0 active_maint:1 closed:1 merged:1,https://science.ecosyste.ms/projects/2877
1821,cartoee,https://github.com/kmarkert/cartoee,dead,93.0,7.937374696163296,0,Scientific Software,Peer-reviewed,Python,KMarkert,Kel Markert,user,@google,https://kmarkert.github.io,pypi,cartoee,55,0,0,1,48,0,2739,,2739,1,0,0,0.0,0.0,1,0,"",1,0,0,0,0,0,push:2739d release:2739d commits:0 active_maint:0 closed:0 merged:0,https://science.ecosyste.ms/projects/2670
1823,bioLEC,https://github.com/geodels/biolec,dead,95.0,5.918893854273147,0,Scientific Software,Peer-reviewed,Jupyter Notebook,Geodels,GEOdels,organization,,www.earthcolab.org,pypi,biolec,30,0,0,1,4,1,2625,,2538,3,0,0,0.06611570247933884,0.0,0,0,"",0,0,0,0,0,0,archived push:2538d release:2625d commits:0 active_maint:0 closed:0 merged:0,https://science.ecosyste.ms/projects/2503
1827,egtplot,https://github.com/mirzaevinom/egtplot,dormant,93.0,7.90100705199242,0,Scientific Software,Peer-reviewed,Jupyter Notebook,mirzaevinom,Inom Mirzaev,user,Twitter Inc,mirzaevinom.github.io,pypi,egtplot,16,1,0,1,52,0,2984,,431,3,0,0,0.2777777777777778,0.0,0,0,"",0,1,0,1,0,0,push:431d release:2984d commits:0 active_maint:0 closed:1 merged:1,https://science.ecosyste.ms/projects/2834
1828,ExaFMM,https://github.com/exafmm/exafmm-t,dead,95.0,5.8998973535824915,0,Scientific Software,Peer-reviewed,C++,exafmm,exafmm,organization,,,,,0,,,,83,0,,,1785,5,0,0,0.19999999999999996,0.0,1,0,"",1,1,0,0,0,0,push:1785d commits:0 active_maint:0 closed:0 merged:0,https://science.ecosyste.ms/projects/1877
1830,helios,https://github.com/jgcri/helios,dormant,98.0,2.8903717578961645,0,Scientific Software,Peer-reviewed,R,JGCRI,Joint Global Change Research Institute,organization,,https://www.pnnl.gov/projects/jgcri,,,0,,,,3,0,,,63,6,1,1,0.2222222222222222,0.0,2,0,"",0,1,0,1,0,0,push:63d commits:1 active_maint:0 closed:1 merged:1,https://science.ecosyste.ms/projects/822
1831,SimuPy Flight Vehicle Toolkit,https://github.com/nasa/simupy-flight,dormant,95.0,5.886104031450156,0,Scientific Software,Peer-reviewed,Python,nasa,NASA,organization,,https://github.com/nasa/nasa.github.io/blob/master/docs/INSTRUCTIONS.md,,,0,,,,105,0,,,587,4,0,0,0.6097560975609756,0.0,0,0,"",1,2,1,2,0,0,push:587d commits:0 active_maint:0 closed:3 merged:2,https://science.ecosyste.ms/projects/1462
1835,The SuiteSparse Matrix Collection Website Interface,https://github.com/scottkolo/suitesparse-matrix-collection-website,dormant,95.0,5.863631175598098,0,Scientific Software,Peer-reviewed,Ruby,ScottKolo,Scott Kolodziej,user,,,,,0,,,,25,0,,,420,11,0,0,0.24927953890489918,0.0,2,0,"",1,10,0,3,0,0,push:420d commits:0 active_maint:0 closed:6 merged:3,https://science.ecosyste.ms/projects/2635
1839,RHRT,https://github.com/vblesius/rhrt,dead,93.0,7.846198815497425,0,Scientific Software,Peer-reviewed,HTML,,,,,,cran,RHRT,212,0,0,1,4,0,1857,,595,2,0,0,0.002949852507374673,0.0,1,0,"",1,0,0,0,0,0,push:595d release:1857d commits:0 active_maint:0 closed:0 merged:0,https://science.ecosyste.ms/projects/1724
1846,Vizumap,https://github.com/lydialucchesi/vizumap,dormant,95.0,5.834810737062606,0,Scientific Software,Peer-reviewed,R,lydialucchesi,Lydia Lucchesi,user,Australian National University,,,,0,,,,61,0,,,402,6,0,0,0.4125,0.0,2,0,"",2,0,2,0,0,0,push:402d commits:0 active_maint:0 closed:2 merged:0,https://science.ecosyste.ms/projects/1960
1849,easyaccess,https://github.com/mgckind/easyaccess,dead,95.0,5.817111159963204,0,Scientific Software,Peer-reviewed,Python,mgckind,Matias Carrasco Kind,user,Gies College of Business,matias-ck.com,,,0,,,,15,0,,,1500,7,0,0,0.2875,0.0,3,0,"",1,1,0,0,0,0,push:1500d commits:0 active_maint:0 closed:0 merged:0,https://science.ecosyste.ms/projects/2669
1850,vcftoolz,https://github.com/cfsan-biostatistics/vcftoolz,dead,93.0,7.8119734296220225,0,Scientific Software,Peer-reviewed,Python,CFSAN-Biostatistics,CFSAN (Center for Food Safety and Applied Nutrition),organization,,https://www.fda.gov/about-fda/fda-organization/center-food-safety-and-applied-nutrition-cfsan,pypi,vcftoolz,62,1,0,2,12,1,1154,,28,2,2,1,0.14942528735632188,0.0,0,0,"",0,1,0,0,0,0,archived push:28d release:1154d commits:2 active_maint:0 closed:0 merged:0,https://science.ecosyste.ms/projects/2620
1854,growR,https://github.com/kuadrat/growr,dormant,93.0,7.763021309018518,0,Scientific Software,Peer-reviewed,R,kuadrat,,user,,,cran,growR,195,0,0,1,4,0,798,,700,1,0,0,0.0,0.0,1,0,"",3,0,1,0,0,0,push:700d release:798d commits:0 active_maint:0 closed:1 merged:0,https://science.ecosyste.ms/projects/829
1858,CESAR-P,https://github.com/hues-platform/cesar-p-core,dormant,93.0,7.721348612617949,0,Scientific Software,Peer-reviewed,HTML,hues-platform,HUES Platform,organization,,,pypi,cesar-p,45,1,0,1,16,0,1065,,1065,3,0,0,0.22916666666666663,0.0,0,0,"",1,0,1,0,0,0,push:1065d release:1065d commits:0 active_maint:0 closed:1 merged:0,https://science.ecosyste.ms/projects/1369
1860,RNMC,https://github.com/blaugroup/rnmc,dormant,95.0,5.717027701406222,0,Scientific Software,Peer-reviewed,C++,BlauGroup,BlauGroup,organization,,,,,0,,,,23,0,,,597,16,0,0,0.6386036960985626,0.0,3,0,"",3,7,3,7,0,0,push:597d commits:0 active_maint:0 closed:10 merged:7,https://science.ecosyste.ms/projects/350
1865,CosmicProfiles,https://github.com/tibordome/cosmic_profiles,dead,95.0,5.703782474656201,0,Scientific Software,Peer-reviewed,Cython,tibordome,Tibor Dome,user,Septentrio,,"conda,pypi","cosmic_profiles,cosmic-profiles",24,0,0,1,4,0,1173,,1171,2,0,0,0.0030211480362537513,0.0,1,0,"",1,0,0,0,0,0,push:1171d release:1173d commits:0 active_maint:0 closed:0 merged:0,https://science.ecosyste.ms/projects/1133
1866,Syd,https://github.com/landoskape/syd,dormant,93.0,7.7025561132685825,0,Scientific Software,Peer-reviewed,Python,landoskape,Andrew Landau,user,University College London,,pypi,syd,80,1,0,1,30,0,380,,129,1,6,1,0.0,0.0,1,0,"",3,19,2,15,0,0,push:129d release:380d commits:6 active_maint:0 closed:17 merged:15,https://science.ecosyste.ms/projects/10
1867,SneakerNet,https://github.com/lskatz/sneakernet,dormant,95.0,5.700443573390686,0,Scientific Software,Peer-reviewed,Perl,lskatz,Lee Katz,user,CDC (work) + personal projects,https://lskatz.github.io,,,0,,,,12,0,,,605,13,0,0,0.3830687830687831,0.0,1,0,"",1,1,0,1,0,0,push:605d commits:0 active_maint:0 closed:1 merged:1,https://science.ecosyste.ms/projects/1917
1868,netroles,https://github.com/muellerj2/netroles,dormant,100.0,0.6931471805599453,0,Scientific Software,Peer-reviewed,Java,muellerj2,,user,,,,,0,,,,0,0,,,93,2,20,1,0.4460431654676259,0.0,1,0,"",0,37,0,21,0,0,push:93d commits:0 active_maint:0 closed:25 merged:21,https://science.ecosyste.ms/projects/862
1870,"Sepia, a taxonomy oriented read classifier in Rust",https://github.com/hcdenbakker/sepia,dormant,95.0,5.683579767338681,0,Scientific Software,Peer-reviewed,Rust,hcdenbakker,Henk den Bakker,user,"Center for Food Safety, University of Georgia",,,,0,,,,46,0,,,230,7,5,1,0.37735849056603776,0.0,2,0,"",1,1,0,1,0,0,push:230d commits:5 active_maint:0 closed:1 merged:1,https://science.ecosyste.ms/projects/1650
1871,COLNA,https://github.com/ibm/complex-linear-network-analyzer,dead,93.0,7.67786350067821,0,Scientific Software,Peer-reviewed,Python,IBM,International Business Machines,organization,,https://www.ibm.com/opensource/,pypi,complex-linear-network-analyzer,34,1,0,1,7,1,2347,,1949,6,0,0,0.10526315789473684,0.0,0,0,"",0,0,0,0,0,0,archived push:1949d release:2347d commits:0 active_maint:0 closed:0 merged:0,https://science.ecosyste.ms/projects/2290
1872,PYroMat,https://github.com/chmarti1/pyromat,dormant,95.0,5.673323267171493,0,Scientific Software,Peer-reviewed,Python,chmarti1,Chris Martin,user,Penn State University,http://sites.psu.edu/cmartin,,,0,,,,82,0,,,4,3,3,1,0.19762845849802368,0.0,2,0,"",14,2,9,0,0,0,push:4d commits:3 active_maint:0 closed:11 merged:0,https://science.ecosyste.ms/projects/1349
1873,Semi-Automatic Classification Plugin,https://github.com/semiautomaticgit/semiautomaticclassificationplugin,dormant,93.0,7.65254569269392,0,Scientific Software,Peer-reviewed,Python,semiautomaticgit,Luca Congedo,user,,https://fromgistors.blogspot.com,,,0,,,,166,0,,,62,16,11,4,0.1876923076923077,0.2727272727272727,1,0,"",13,1,5,0,0,0,push:62d commits:11 active_maint:0 closed:5 merged:0,https://science.ecosyste.ms/projects/1788
1875,PsiRESP,https://github.com/lilyminium/psiresp,dead,93.0,7.635303886259415,0,Scientific Software,Peer-reviewed,Python,lilyminium,Lily Wang,user,"@OpenForceField, @MDAnalysis",,"pypi,conda","psiresp,psiresp-base",26,1,1,1,32,0,1578,,1161,1,0,0,0.0,0.0,1,0,"",1,0,0,0,0,0,push:1161d release:1578d commits:0 active_maint:0 closed:0 merged:0,https://science.ecosyste.ms/projects/1527
1884,tightbinder,https://github.com/alejandrojuria/tightbinder,dormant,93.0,7.566311014772463,0,Scientific Software,Peer-reviewed,Python,alejandrojuria,,user,,https://alejandrojuria.github.io/,pypi,tightbinder,22,0,0,1,22,0,930,,282,4,4,1,0.02493765586034913,0.0,0,0,"",1,0,1,0,0,0,push:282d release:930d commits:4 active_maint:0 closed:1 merged:0,https://science.ecosyste.ms/projects/842
1888,DNAtools,https://github.com/mikldk/dnatools,dormant,93.0,7.549609165154532,0,Scientific Software,Peer-reviewed,R,mikldk,Mikkel Meyer Andersen,user,,,cran,DNAtools,376,2,1,1,0,0,1596,,237,5,1,1,0.16091954022988508,0.0,0,0,"",0,0,0,0,0,0,push:237d release:1596d commits:1 active_maint:0 closed:0 merged:0,https://science.ecosyste.ms/projects/2333
1889,lintsampler,https://github.com/aneeshnaik/lintsampler,dormant,93.0,7.548555979169873,0,Scientific Software,Peer-reviewed,Python,aneeshnaik,Aneesh Naik,user,,https://aneeshnaik.github.io/,pypi,lintsampler,72,0,0,1,17,0,673,,3,2,0,0,0.21014492753623193,0.0,2,0,"",2,2,1,1,0,0,push:3d release:673d commits:0 active_maint:0 closed:3 merged:1,https://science.ecosyste.ms/projects/469
1892,ComFiT,https://github.com/vidarsko/comfit,dormant,95.0,5.529429087511423,0,Scientific Software,Peer-reviewed,Jupyter Notebook,vidarsko,Vidar Skogvoll,user,,,,,0,,,,16,0,,,177,9,1,1,0.3499616270145818,0.0,3,0,"",17,0,8,0,0,0,push:177d commits:1 active_maint:0 closed:8 merged:0,https://science.ecosyste.ms/projects/646
1893,Disimpy,https://github.com/kerkelae/disimpy,dormant,93.0,7.528331766707247,0,Scientific Software,Peer-reviewed,Python,kerkelae,Leevi,user,,,pypi,disimpy,13,1,0,1,30,0,1149,,635,4,0,0,0.04972375690607733,0.0,2,0,"",3,0,1,0,0,0,push:635d release:1149d commits:0 active_maint:0 closed:1 merged:0,https://science.ecosyste.ms/projects/2150
1894,activAnalyzer,https://github.com/pydemull/activanalyzer,dormant,93.0,7.525100746125801,0,Scientific Software,Peer-reviewed,R,pydemull,Pierre-Yves de Müllenheim,user,IFEPSA-UCO,https://pydemull.github.io/website-quarto/,cran,activAnalyzer,308,0,0,1,4,0,675,,496,1,0,0,0.0,0.0,1,0,"",1,5,1,5,0,0,push:496d release:675d commits:0 active_maint:0 closed:6 merged:5,https://science.ecosyste.ms/projects/1314
1896,Dimensionally Aligned Signal Projection Algorithms Library,https://github.com/ornl/dasp-stacker,dormant,98.0,2.4849066497880004,0,Scientific Software,Peer-reviewed,Python,ORNL,Oak Ridge National Laboratory,organization,,http://software.ornl.gov,,,0,,,,4,0,,,605,3,0,0,0.30000000000000004,0.0,0,0,"",0,1,0,1,0,0,push:605d commits:0 active_maint:0 closed:1 merged:1,https://science.ecosyste.ms/projects/369
1897,mamonca,https://github.com/samwaseda/mamonca,dormant,95.0,5.480638923341991,0,Scientific Software,Peer-reviewed,Jupyter Notebook,samwaseda,Sam Dareska,user,Sam and his funny friends,http://www.sams-studio.com,pypi,mamonca,18,1,0,1,2,0,772,,347,4,1,1,0.016901408450704203,0.0,1,1,samwaseda,0,7,0,5,0,0,push:347d release:772d commits:1 active_maint:1 closed:5 merged:5,https://science.ecosyste.ms/projects/542
1899,wbacon,https://github.com/tobiasschoch/wbacon,dormant,93.0,7.465082736399548,0,Scientific Software,Peer-reviewed,C,tobiasschoch,Tobias Schoch,user,University of Applied Sciences Northwestern Switzerland,schoch.website,cran,wbacon,579,1,1,1,3,0,453,,443,1,0,0,0.0,0.0,0,0,"",1,0,1,0,0,0,push:443d release:453d commits:0 active_maint:0 closed:1 merged:0,https://science.ecosyste.ms/projects/1870
1900,PyBox,https://github.com/loftytopping/pybox,dead,95.0,5.459585514144159,0,Scientific Software,Peer-reviewed,Python,loftytopping,David Topping,user,Currently University of Manchester,http://davidtoppingsci.com/,,,0,,,,41,0,,,2095,5,0,0,0.22869955156950672,0.0,1,0,"",1,0,0,0,0,0,push:2095d commits:0 active_maint:0 closed:0 merged:0,https://science.ecosyste.ms/projects/2788
1904,Riroriro,https://github.com/wvanzeist/riroriro,dormant,93.0,7.438971592395862,0,Scientific Software,Peer-reviewed,Python,wvanzeist,Wouter van Zeist,user,,,pypi,riroriro,19,1,0,1,28,0,1863,,398,3,1,1,0.012422360248447228,0.0,1,0,"",1,0,0,0,0,0,push:398d release:1863d commits:1 active_maint:0 closed:0 merged:0,https://science.ecosyste.ms/projects/1958
1906,pfsspy,https://github.com/dstansby/pfsspy,dead,95.0,5.41610040220442,0,Scientific Software,Peer-reviewed,Python,dstansby,David Stansby,user,UCL,https://www.davidstansby.com,,,0,,,,46,1,,,1071,5,0,0,0.06871345029239762,0.0,1,0,"",0,0,0,0,0,0,archived push:1071d commits:0 active_maint:0 closed:0 merged:0,https://science.ecosyste.ms/projects/2085
1908,SeisModels.jl,https://github.com/anowacki/seismodels.jl,dormant,95.0,5.4116460518550396,0,Scientific Software,Peer-reviewed,Julia,anowacki,Andy Nowacki,user,,http://homepages.see.leeds.ac.uk/~earanow/,julia,SeisModels,0,0,1,0,8,0,870,,24,7,3,2,0.14529914529914534,0.33333333333333337,1,0,"",0,1,0,0,0,0,push:24d release:870d commits:1 active_maint:0 closed:0 merged:0,https://science.ecosyste.ms/projects/2276
1910,pycoxmunk,https://github.com/simonrp84/pycoxmunk,dormant,95.0,5.393627546352362,0,Scientific Software,Peer-reviewed,Python,simonrp84,Simon Proud,user,ESA,,"pypi,conda",pycoxmunk,10,0,0,1,9,0,1130,,352,2,15,2,0.048484848484848464,0.33333333333333337,1,0,"",0,1,0,1,0,0,push:352d release:1130d commits:10 active_maint:0 closed:1 merged:1,https://science.ecosyste.ms/projects/1104
1911,pygwb,https://github.com/a-renzini/pygwb,dormant,95.0,5.375278407684165,0,Scientific Software,Peer-reviewed,Jupyter Notebook,a-renzini,Arianna Renzini,user,,,,,0,,,,4,0,,,98,55,3,2,0.6794956867949569,0.33333333333333337,0,0,"",0,0,0,0,0,0,push:98d commits:3 active_maint:0 closed:0 merged:0,https://science.ecosyste.ms/projects/813
1915,Eaglescope,https://github.com/sharmalab/eaglescope,dormant,95.0,5.337538079701318,0,Scientific Software,Peer-reviewed,JavaScript,sharmalab,sharmalab,organization,,,,,0,,,,10,0,,,57,8,2,1,0.19999999999999996,0.0,2,1,birm,0,1,0,1,0,0,push:57d commits:2 active_maint:1 closed:1 merged:1,https://science.ecosyste.ms/projects/396
1916,UnlockNN,https://github.com/a-ws-m/unlocknn,dead,93.0,7.325148957955575,0,Scientific Software,Peer-reviewed,PureBasic,a-ws-m,Alex Moriarty,user,,,pypi,unlocknn,21,1,0,1,27,0,1486,,1486,2,0,0,0.0032573289902280145,0.0,1,0,"",1,0,0,0,0,0,push:1486d release:1486d commits:0 active_maint:0 closed:0 merged:0,https://science.ecosyste.ms/projects/1469
1917,iTensor,https://github.com/rikenbit/itensor,dormant,93.0,7.323830566202317,0,Scientific Software,Peer-reviewed,R,rikenbit,RIKEN BiT,organization,,https://bit.riken.jp/,cran,iTensor,209,1,1,1,2,0,1189,,32,4,5,1,0.13888888888888884,0.0,0,0,"",0,0,0,0,0,0,push:32d release:1189d commits:5 active_maint:0 closed:0 merged:0,https://science.ecosyste.ms/projects/1069
1918,seismolab,https://github.com/konkolyseismolab/seismolab,dormant,93.0,7.313220387090301,0,Scientific Software,Peer-reviewed,Python,konkolyseismolab,konkolyseismolab,organization,,,pypi,seismolab,149,0,0,1,6,0,661,,631,2,0,0,0.005291005291005346,0.0,0,0,"",6,1,6,1,0,0,push:631d release:661d commits:0 active_maint:0 closed:7 merged:1,https://science.ecosyste.ms/projects/417
1919,ambrosia,https://github.com/jgcri/ambrosia,dormant,98.0,2.3025850929940455,0,Scientific Software,Peer-reviewed,R,JGCRI,Joint Global Change Research Institute,organization,,https://www.pnnl.gov/projects/jgcri,,,0,,,,3,0,,,58,5,7,1,0.5236363636363637,0.0,1,0,"",1,12,0,10,0,0,push:58d commits:7 active_maint:0 closed:10 merged:10,https://science.ecosyste.ms/projects/1948
1923,amisrsynthdata,https://github.com/amisr/amisrsynthdata,dead,93.0,7.2909747781429814,0,Scientific Software,Peer-reviewed,Jupyter Notebook,amisr,amisr,organization,,,pypi,amisrsynthdata,162,0,0,1,4,0,620,,604,1,0,0,0.0,0.0,0,0,"",1,0,0,0,0,0,push:604d release:620d commits:0 active_maint:0 closed:0 merged:0,https://science.ecosyste.ms/projects/363
1924,fieldcompare,https://gitlab.com/dglaeser/fieldcompare,dormant,89.0,11.287366498889034,0,Scientific Software,Peer-reviewed,,dglaeser,Dennis Gläser,user,,"",pypi,fieldcompare,874,1,0,2,4,0,443,,,6,8,1,0.10126582278481011,0.0,0,0,"",,,,,0,0,release:443d commits:8 active_maint:0 closed:0 merged:0,https://science.ecosyste.ms/projects/1257
1925,Panako,https://github.com/jorensix/panako,dead,93.0,7.280697195384741,0,Scientific Software,Peer-reviewed,Java,JorenSix,Joren Six,user,"IPEM, University Ghent",http://0110.be,,,0,,,,259,0,,,790,6,0,0,0.03208556149732622,0.0,1,0,"",1,1,0,0,0,0,push:790d commits:0 active_maint:0 closed:0 merged:0,https://science.ecosyste.ms/projects/1375
1928,G2Aero,https://github.com/nrel/g2aero,dormant,95.0,5.2574953720277815,0,Scientific Software,Peer-reviewed,HTML,NREL,National Renewable Energy Laboratory,organization,,http://www.nrel.gov,conda,g2aero,0,1,1,0,16,0,1529,,346,6,7,1,0.15600000000000003,0.0,1,1,olgadoronina,0,3,0,0,0,0,push:346d release:1529d commits:7 active_maint:1 closed:3 merged:0,https://science.ecosyste.ms/projects/993
1929,Aronnax,https://github.com/edoddridge/aronnax,dead,95.0,5.2574953720277815,0,Scientific Software,Peer-reviewed,Fortran,edoddridge,Ed Doddridge,user,University of Tasmania,www.doddridge.me,,,0,,,,25,0,,,926,3,0,0,0.21715526601520085,0.0,2,0,"",1,0,0,0,0,0,push:926d commits:0 active_maint:0 closed:0 merged:0,https://science.ecosyste.ms/projects/2835
1930,Systems Neuro Browser (SNUB),https://github.com/calebweinreb/snub,dormant,93.0,7.238496840894365,0,Scientific Software,Peer-reviewed,Python,calebweinreb,Caleb Weinreb,user,,,pypi,systems-neuro-browser,15,0,0,1,29,0,748,,281,3,0,0,0.015544041450777257,0.0,1,0,"",1,1,1,0,0,0,push:281d release:748d commits:0 active_maint:0 closed:1 merged:0,https://science.ecosyste.ms/projects/771
1932,h5preserve,https://github.com/h5preserve/h5preserve,dormant,93.0,7.229838778151251,0,Scientific Software,Peer-reviewed,Python,h5preserve,h5preserve,organization,,https://h5preserve.readthedocs.io/en/latest/,pypi,h5preserve,64,4,0,1,3,0,934,,606,2,0,0,0.23036649214659688,0.0,2,0,"",0,19,0,0,0,0,push:606d release:934d commits:0 active_maint:0 closed:16 merged:0,https://science.ecosyste.ms/projects/2899
1934,SOUPy,https://github.com/hippylib/soupy,dormant,95.0,5.220355825078324,0,Scientific Software,Peer-reviewed,Jupyter Notebook,hippylib,hippylib,organization,,,,,0,,,,37,0,,,427,5,0,0,0.16279069767441856,0.0,2,0,"",0,4,0,2,0,0,push:427d commits:0 active_maint:0 closed:2 merged:2,https://science.ecosyste.ms/projects/570
1938,registr 2.0,https://github.com/julia-wrobel/registr,dormant,95.0,5.19295685089021,0,Scientific Software,Peer-reviewed,HTML,julia-wrobel,Julia Wrobel,user,University of Colorado School of Public Health,juliawrobel.com,,,0,,,,17,0,,,164,10,10,2,0.6474820143884892,0.09999999999999998,3,0,"",0,1,0,1,0,0,push:164d commits:10 active_maint:0 closed:1 merged:1,https://science.ecosyste.ms/projects/1901
1940,"TelescopeML -- I. An End-to-End Python Package for Interpreting Telescope Datasets through Training Machine Learning Models, Generating Statistical Reports, and Visualizing Results",https://github.com/ehsangharibnezhad/telescopeml,dead,93.0,7.1785454837637,0,Scientific Software,Peer-reviewed,Python,EhsanGharibNezhad,Ehsan (Sam) Gharib-Nezhad,user,NASA Ames Research Center,https://www.linkedin.com/in/ehsan-gharib-nezhad/,pypi,telescopeml,18,0,0,1,14,0,785,,645,3,0,0,0.04750593824228033,0.0,2,0,"",0,10,0,0,0,0,push:645d release:785d commits:0 active_maint:0 closed:0 merged:0,https://science.ecosyste.ms/projects/584
1945,pylattica,https://github.com/mcgalcode/pylattica,dormant,93.0,7.16703787691222,0,Scientific Software,Peer-reviewed,Python,mcgalcode,Max Gallant,user,,,pypi,pylattica,35,0,0,1,11,0,556,,155,3,10,1,0.00877192982456143,0.0,1,1,mcgalcode,0,1,0,1,0,0,push:155d release:556d commits:10 active_maint:1 closed:1 merged:1,https://science.ecosyste.ms/projects/691
1947,`nrCascadeSim` - A simulation tool for nuclear recoil cascades resulting from neutron capture,https://github.com/villano-lab/nrcascadesim,dead,95.0,5.164785973923514,0,Scientific Software,Peer-reviewed,Jupyter Notebook,villano-lab,UCD Villano Group,organization,,,,,0,,,,0,0,,,520,7,0,0,0.4412081984897519,0.0,2,0,"",1,0,0,0,0,0,push:520d commits:0 active_maint:0 closed:0 merged:0,https://science.ecosyste.ms/projects/1594
1948,TSInterpret,https://github.com/fzi-forschungszentrum-informatik/tsinterpret,dormant,93.0,7.160069207596127,0,Scientific Software,Peer-reviewed,Python,fzi-forschungszentrum-informatik,FZI Forschungszentrum Informatik,organization,,http://www.fzi.de,,,0,,,,142,0,,,253,9,2,1,0.1029082774049217,0.0,0,0,"",0,6,0,4,0,0,push:253d commits:2 active_maint:0 closed:5 merged:4,https://science.ecosyste.ms/projects/1150
1949,PhotonWeave,https://github.com/tqsd/photon_weave,dormant,93.0,7.15305163493748,0,Scientific Software,Peer-reviewed,Python,tqsd,TQSD,organization,,,pypi,photon-weave,70,0,0,1,4,0,447,,224,3,6,3,0.4285714285714286,0.5,2,1,kareem1925,0,6,0,4,0,0,push:224d release:447d commits:6 active_maint:1 closed:5 merged:4,https://science.ecosyste.ms/projects/269
1952,vdbfusion,https://github.com/prbonn/vdbfusion,dormant,85.0,15.12362713802014,0,,,C++,PRBonn,Photogrammetry & Robotics Bonn,organization,,www.ipb.uni-bonn.de,pypi,vdbfusion,797,2,0,1,620,0,1590,,554,8,0,0,0.42307692307692313,0.0,0,0,"",3,0,1,0,0,0,push:554d release:1590d commits:0 active_maint:0 closed:1 merged:0,https://science.ecosyste.ms/projects/14226
1953,h3ppy,https://github.com/henrikmelin/h3ppy,dormant,93.0,7.119635638017636,0,Scientific Software,Peer-reviewed,Python,henrikmelin,Henrik Melin,user,,,pypi,h3ppy,101,1,0,1,6,0,507,,490,2,0,0,0.01834862385321101,0.0,0,0,"",7,4,5,3,0,0,push:490d release:507d commits:0 active_maint:0 closed:8 merged:3,https://science.ecosyste.ms/projects/241
1957,datafold,https://gitlab.com/datafold-dev/datafold,dormant,89.0,11.076186384556935,0,Scientific Software,Peer-reviewed,,,,,,,pypi,datafold,174,2,0,2,7,0,1004,,,12,3,2,0.2757753562447611,0.33333333333333337,0,0,"",,,,,0,0,release:1004d commits:3 active_maint:0 closed:0 merged:0,https://science.ecosyste.ms/projects/2193
1960,The country converter coco - a Python package for converting country names between different classification schemes,https://github.com/indecol/country_converter,dormant,77.0,23.036519296013932,0,Scientific Software,Peer-reviewed,Python,IndEcol,Industrial Ecology,organization,,http://www.is4ie.org,"pypi,conda","country-converter,country_converter",1588997,91,17,1,259,0,384,,224,24,9,3,0.15264797507788164,0.2222222222222222,1,0,"",4,4,0,1,0,0,push:224d release:384d commits:9 active_maint:0 closed:2 merged:1,https://science.ecosyste.ms/projects/3008
1962,jtools,https://github.com/jacob-long/jtools,dormant,93.0,7.033506484287697,0,Scientific Software,Peer-reviewed,R,jacob-long,Jacob Long,user,University of South Carolina,https://jacob-long.com,,,0,,,,171,0,,,191,6,3,1,0.007511737089201831,0.0,1,0,"",2,1,0,0,0,0,push:191d commits:3 active_maint:0 closed:0 merged:0,https://science.ecosyste.ms/projects/509
1964,hivemind,https://github.com/learning-at-home/hivemind,dormant,77.0,23.026433570972202,0,,,Python,learning-at-home,learning@home,organization,,,"pypi,go","hivemind,github.com/learning-at-home/hivemind",124671,17,6,3,2468,0,466,,200,34,4,1,0.4642857142857143,0.0,9,1,mryab,2,13,1,2,0,0,push:200d release:466d commits:4 active_maint:1 closed:5 merged:2,https://science.ecosyste.ms/projects/32364
1965,MatSurv,https://github.com/aebergl/matsurv,dormant,95.0,5.0106352940962555,0,Scientific Software,Peer-reviewed,MATLAB,aebergl,,user,Moffitt,,,,0,,,,21,0,,,360,6,1,1,0.28971962616822433,0.0,1,0,"",0,0,0,0,0,0,push:360d commits:1 active_maint:0 closed:0 merged:0,https://science.ecosyste.ms/projects/2303
1968,proteusPy,https://github.com/suchanek/proteuspy,dormant,93.0,6.984716320118266,0,Scientific Software,Peer-reviewed,Python,suchanek,"Eric G. Suchanek, Ph.D.",user,Flux-Frontiers,,pypi,proteuspy,107,0,0,1,2,0,460,,62,1,2,1,0.0,0.0,1,0,"",0,1,0,0,0,0,push:62d release:460d commits:2 active_maint:0 closed:0 merged:0,https://science.ecosyste.ms/projects/555
1973,LocalCop,https://github.com/mlysy/localcop,dormant,93.0,6.897704943128636,0,Scientific Software,Peer-reviewed,R,mlysy,,user,University of Waterloo,https://mlysy.github.io/,cran,LocalCop,164,0,0,1,1,0,686,,674,3,0,0,0.27710843373493976,0.0,2,0,"",0,4,0,2,0,0,push:674d release:686d commits:0 active_maint:0 closed:2 merged:2,https://science.ecosyste.ms/projects/485
1978,LDDS,https://github.com/champsproject/ldds,dormant,95.0,4.867534450455582,0,Scientific Software,Peer-reviewed,HTML,champsproject,CHAMPS Project,organization,,https://champsproject.com/,,,0,,,,24,0,,,1766,5,0,0,0.5606617647058824,0.0,4,0,"",1,0,1,0,0,0,push:1766d commits:0 active_maint:0 closed:1 merged:0,https://science.ecosyste.ms/projects/1749
1979,Isoreader,https://github.com/isoverse/isoreader,dormant,95.0,4.859812404361672,0,Scientific Software,Peer-reviewed,R,isoverse,isoverse,organization,,https://www.isoverse.org,,,0,,,,13,0,,,52,3,3,1,0.01591187270501837,0.0,1,0,"",1,3,0,2,0,0,push:52d commits:3 active_maint:0 closed:2 merged:2,https://science.ecosyste.ms/projects/1908
1980,SIHR,https://github.com/vitorsr/sihr,dead,95.0,4.859812404361672,0,Scientific Software,Peer-reviewed,MATLAB,,,,,,,,0,,,,131,1,,,2272,1,0,0,0.0,0.0,1,0,"",0,0,0,0,0,0,archived push:2272d commits:0 active_maint:0 closed:0 merged:0,https://science.ecosyste.ms/projects/2339
1981,GrIML,https://github.com/geus-glaciology-and-climate/griml,dormant,93.0,6.8501261661455,0,Scientific Software,Peer-reviewed,Jupyter Notebook,GEUS-Glaciology-and-Climate,GEUS Glaciology and Climate,organization,,https://eng.geus.dk/about/organisation/departments/glaciology-and-climate,pypi,griml,57,1,0,1,9,0,380,,126,2,6,1,0.017094017094017144,0.0,1,0,"",7,56,4,56,0,0,push:126d release:380d commits:6 active_maint:0 closed:60 merged:56,https://science.ecosyste.ms/projects/69
1983,PhyloX,https://github.com/remiejanssen/phylox,dormant,93.0,6.828712071641684,0,Scientific Software,Peer-reviewed,Python,RemieJanssen,,user,,,pypi,phylox,20,1,0,1,3,0,745,,62,3,7,1,0.052631578947368474,0.0,1,1,RemieJanssen,3,5,1,3,0,0,push:62d release:745d commits:7 active_maint:1 closed:6 merged:3,https://science.ecosyste.ms/projects/378
1985,The Glasgow Fortran Source-to-Source Compiler,https://github.com/wimvanderbauwhede/refactorf4acc,dormant,95.0,4.820281565605037,0,Scientific Software,Peer-reviewed,Fortran,wimvanderbauwhede,Wim Vanderbauwhede,user,University of Glasgow,http://www.dcs.gla.ac.uk/~wim/,,,0,,,,65,0,,,352,2,1,1,0.03344481605351168,0.0,0,0,"",1,0,0,0,0,0,push:352d commits:1 active_maint:0 closed:0 merged:0,https://science.ecosyste.ms/projects/2696
1987,spatPomp,https://github.com/kidusasfaw/spatpomp,dormant,95.0,4.795790545596741,0,Scientific Software,Peer-reviewed,R,kidusasfaw,Kidus Asfaw,user,,,,,0,,,,12,0,,,586,11,0,0,0.40824742268041236,0.0,3,0,"",2,2,2,2,0,0,push:586d commits:0 active_maint:0 closed:4 merged:2,https://science.ecosyste.ms/projects/341
1993,BTE,https://github.com/jmcbroome/bte,dormant,95.0,4.787491742782046,0,Scientific Software,Peer-reviewed,Cython,jmcbroome,Jakob McBroome,user,,,,,0,,,,14,0,,,428,6,0,0,0.02006688963210701,0.0,1,0,"",1,1,0,1,0,0,push:428d commits:0 active_maint:0 closed:1 merged:1,https://science.ecosyste.ms/projects/1414
1996,phylosmith,https://github.com/schuyler-smith/phylosmith,dormant,95.0,4.7535901911063645,0,Scientific Software,Peer-reviewed,R,schuyler-smith,Schuyler Smith,user,,https://schuyler-smith.github.io/,,,0,,,,28,0,,,541,4,0,0,0.05144032921810704,0.0,1,0,"",3,6,2,6,0,0,push:541d commits:0 active_maint:0 closed:8 merged:6,https://science.ecosyste.ms/projects/2535
